gene,allele,population,alleles_over_2n,n,resolution
DPB1,DPB1*04:01,England Northwest Mixed,0.4174174174174174,2960,4-digit
DPB1,DPB1*02:01,England Northwest Mixed,0.1381381381381381,2960,4-digit
DPB1,DPB1*04:02,England Northwest Mixed,0.1001001001001001,2960,4-digit
DPB1,DPB1*03:01,England Northwest Mixed,0.09009009009009,2960,4-digit
DPB1,DPB1*01:01,England Northwest Mixed,0.056056056056056,2960,4-digit
DPB1,DPB1*13:01,England Northwest Mixed,0.024024024024024,2960,4-digit
DPB1,DPB1*11:01,England Northwest Mixed,0.021021021021021,2960,4-digit
DPB1,DPB1*05:01,England Northwest Mixed,0.02002002002002,2960,4-digit
DPB1,DPB1*06:01,England Northwest Mixed,0.02002002002002,2960,4-digit
DPB1,DPB1*14:01,England Northwest Mixed,0.019019019019019,2960,4-digit
DPB1,DPB1*10:01,England Northwest Mixed,0.017017017017017,2960,4-digit
DPB1,DPB1*09:01,England Northwest Mixed,0.014014014014014,2960,4-digit
DPB1,DPB1*17:01,England Northwest Mixed,0.013013013013013,2960,4-digit
DPB1,DPB1*15:01,England Northwest Mixed,0.011011011011011,2960,4-digit
DPB1,DPB1*16:01,England Northwest Mixed,0.007007007007007,2960,4-digit
DPB1,DPB1*20:01,England Northwest Mixed,0.007007007007007,2960,4-digit
DPB1,DPB1*02:02,England Northwest Mixed,0.006006006006006,2960,4-digit
DPB1,DPB1*26:01,England Northwest Mixed,0.006006006006006,2960,4-digit
DPB1,DPB1*19:01,England Northwest Mixed,0.005005005005005,2960,4-digit
DPB1,DPB1*23:01,England Northwest Mixed,0.003003003003003,2960,4-digit
DPB1,DPB1*21:01,England Northwest Mixed,0.002002002002002,2960,4-digit
DPB1,DPB1*28:01,England Northwest Mixed,0.001001001001001,2960,4-digit
DPB1,DPB1*34:01,England Northwest Mixed,0.001001001001001,2960,4-digit
DPB1,DPB1*35:01,England Northwest Mixed,0.001001001001001,2960,4-digit
DPB1,DPB1*04:01,Germany DKMS - German donors,0.4240344451387228,3456066,4-digit
DQB1,DQB1*03:01,Germany DKMS - German donors,0.1987851904530876,3456066,4-digit
DQB1,DQB1*02:01,Germany DKMS - German donors,0.1967762446172807,3456066,4-digit
DPB1,DPB1*02:01,Germany DKMS - German donors,0.1423493979534637,3456066,4-digit
DRB1,DRB1*15:01,Germany DKMS - German donors,0.1339293339401849,3456066,4-digit
DQB1,DQB1*06:02,Germany DKMS - German donors,0.129978795576703,3456066,4-digit
DRB1,DRB1*07:01,Germany DKMS - German donors,0.1254896759874651,3456066,4-digit
DPB1,DPB1*04:02,Germany DKMS - German donors,0.1232623227162314,3456066,4-digit
DQB1,DQB1*05:01,Germany DKMS - German donors,0.1176237786864909,3456066,4-digit
DPB1,DPB1*03:01,Germany DKMS - German donors,0.1085954122707793,3456066,4-digit
DRB1,DRB1*03:01,Germany DKMS - German donors,0.1072037504232388,3456066,4-digit
DRB1,DRB1*01:01,Germany DKMS - German donors,0.0969555943377933,3456066,4-digit
DQB1,DQB1*03:02,Germany DKMS - German donors,0.093315534073228,3456066,4-digit
DRB1,DRB1*04:01,Germany DKMS - German donors,0.081985248683564,3456066,4-digit
DQB1,DQB1*06:03,Germany DKMS - German donors,0.0791524659307898,3456066,4-digit
DRB1,DRB1*11:01,Germany DKMS - German donors,0.0779663639441736,3456066,4-digit
DRB1,DRB1*13:01,Germany DKMS - German donors,0.0767606985223565,3456066,4-digit
DPB1,DPB1*01:01,Germany DKMS - German donors,0.0491241041631924,3456066,4-digit
DQB1,DQB1*03:03,Germany DKMS - German donors,0.0458039650563961,3456066,4-digit
DRB1,DRB1*13:02,Germany DKMS - German donors,0.0424997061190534,3456066,4-digit
DQB1,DQB1*06:04,Germany DKMS - German donors,0.036964603378846,3456066,4-digit
DQB1,DQB1*04:02,Germany DKMS - German donors,0.0314400023303771,3456066,4-digit
DRB1,DRB1*11:04,Germany DKMS - German donors,0.0292373864790651,3456066,4-digit
DRB1,DRB1*08:01,Germany DKMS - German donors,0.0286345537681565,3456066,4-digit
DQB1,DQB1*05:03,Germany DKMS - German donors,0.0277234525341345,3456066,4-digit
DRB1,DRB1*14:01,Germany DKMS - German donors,0.0270269998724004,3456066,4-digit
DQB1,DQB1*05:02,Germany DKMS - German donors,0.0253127175311662,3456066,4-digit
DRB1,DRB1*04:04,Germany DKMS - German donors,0.0252185017396747,3456066,4-digit
DRB1,DRB1*16:01,Germany DKMS - German donors,0.0215010333557386,3456066,4-digit
DRB1,DRB1*12:01,Germany DKMS - German donors,0.0197930073414976,3456066,4-digit
DPB1,DPB1*05:01,Germany DKMS - German donors,0.0189866169465099,3456066,4-digit
DPB1,DPB1*13:01,Germany DKMS - German donors,0.0175802008763981,3456066,4-digit
DPB1,DPB1*17:01,Germany DKMS - German donors,0.0152696601897858,3456066,4-digit
DPB1,DPB1*10:01,Germany DKMS - German donors,0.0145664521547298,3456066,4-digit
DPB1,DPB1*14:01,Germany DKMS - German donors,0.0134614109567848,3456066,4-digit
DRB1,DRB1*13:03,Germany DKMS - German donors,0.0130613754030187,3456066,4-digit
DPB1,DPB1*11:01,Germany DKMS - German donors,0.0129591195031734,3456066,4-digit
DPB1,DPB1*06:01,Germany DKMS - German donors,0.0128586612124512,3456066,4-digit
DRB1,DRB1*01:02,Germany DKMS - German donors,0.010449100322415,3456066,4-digit
DRB1,DRB1*11:03,Germany DKMS - German donors,0.0096453233745369,3456066,4-digit
DRB1,DRB1*09:01,Germany DKMS - German donors,0.0094443791375674,3456066,4-digit
DRB1,DRB1*10:01,Germany DKMS - German donors,0.0082387137157503,3456066,4-digit
DPB1,DPB1*19:01,Germany DKMS - German donors,0.0082375798392265,3456066,4-digit
DPB1,DPB1*09:01,Germany DKMS - German donors,0.0075343718041706,3456066,4-digit
DRB1,DRB1*04:07,Germany DKMS - German donors,0.0072339925309027,3456066,4-digit
DQB1,DQB1*06:01,Germany DKMS - German donors,0.0072322050089046,3456066,4-digit
DRB1,DRB1*15:02,Germany DKMS - German donors,0.0071335204124179,3456066,4-digit
DPB1,DPB1*15:01,Germany DKMS - German donors,0.0070320803505592,3456066,4-digit
DRB1,DRB1*04:02,Germany DKMS - German donors,0.0067316319384789,3456066,4-digit
DPB1,DPB1*23:01,Germany DKMS - German donors,0.0067307054783924,3456066,4-digit
DPB1,DPB1*16:01,Germany DKMS - German donors,0.0063288723155033,3456066,4-digit
DRB1,DRB1*04:03,Germany DKMS - German donors,0.0061287992275703,3456066,4-digit
DQB1,DQB1*06:09,Germany DKMS - German donors,0.0048214700059364,3456066,4-digit
DRB1,DRB1*04:08,Germany DKMS - German donors,0.0047221895687837,3456066,4-digit
DPB1,DPB1*20:01,Germany DKMS - German donors,0.0046210813732246,3456066,4-digit
DRB1,DRB1*04:05,Germany DKMS - German donors,0.0039184126209056,3456066,4-digit
DPB1,DPB1*02:02,Germany DKMS - German donors,0.0035160401752796,3456066,4-digit
DRB1,DRB1*01:03,Germany DKMS - German donors,0.0031146356730275,3456066,4-digit
DRB1,DRB1*11:02,Germany DKMS - German donors,0.0027127471990885,3456066,4-digit
DQB1,DQB1*03:04,Germany DKMS - German donors,0.0025111822947585,3456066,4-digit
DRB1,DRB1*08:03,Germany DKMS - German donors,0.0024113308436342,3456066,4-digit
DRB1,DRB1*08:04,Germany DKMS - German donors,0.0023108587251494,3456066,4-digit
DRB1,DRB1*13:05,Germany DKMS - German donors,0.0015070817772713,3456066,4-digit
DRB1,DRB1*16:02,Germany DKMS - German donors,0.0015070817772713,3456066,4-digit
DQB1,DQB1*05:04,Germany DKMS - German donors,0.0013058147932744,3456066,4-digit
DRB1,DRB1*14:04,Germany DKMS - German donors,0.0007033048293933,3456066,4-digit
DQB1,DQB1*03:05,Germany DKMS - German donors,0.0007031310425323,3456066,4-digit
DRB1,DRB1*08:02,Germany DKMS - German donors,0.0006028327109085,3456066,4-digit
DRB1,DRB1*04:06,Germany DKMS - German donors,0.000401888473939,3456066,4-digit
DRB1,DRB1*14:07,Germany DKMS - German donors,0.0003014163554542,3456066,4-digit
DRB1,DRB1*15:03,Germany DKMS - German donors,0.0003014163554542,3456066,4-digit
DPB1,DPB1*34:01,Germany DKMS - German donors,0.0003013748721668,3456066,4-digit
DPB1,DPB1*35:01,Germany DKMS - German donors,0.0003013748721668,3456066,4-digit
DRB1,DRB1*12:02,Germany DKMS - German donors,0.0002009442369695,3456066,4-digit
DRB1,DRB1*03:02,Germany DKMS - German donors,0.0002009442369695,3456066,4-digit
DRB1,DRB1*03:04,Germany DKMS - German donors,0.0002009442369695,3456066,4-digit
DPB1,DPB1*45:01,Germany DKMS - German donors,0.0002009165814445,3456066,4-digit
DPB1,DPB1*50:01,Germany DKMS - German donors,0.0002009165814445,3456066,4-digit
DPB1,DPB1*26:01,Germany DKMS - German donors,0.0002009165814445,3456066,4-digit
DPB1,DPB1*51:01,Germany DKMS - German donors,0.0002009165814445,3456066,4-digit
DRB1,DRB1*11:13,Germany DKMS - German donors,0.0001004721184847,3456066,4-digit
DRB1,DRB1*14:02,Germany DKMS - German donors,0.0001004721184847,3456066,4-digit
DRB1,DRB1*11:15,Germany DKMS - German donors,0.0001004721184847,3456066,4-digit
DRB1,DRB1*08:06,Germany DKMS - German donors,0.0001004721184847,3456066,4-digit
DRB1,DRB1*11:14,Germany DKMS - German donors,0.0001004721184847,3456066,4-digit
DPB1,DPB1*59:01,Germany DKMS - German donors,0.0001004582907222,3456066,4-digit
DPB1,DPB1*71:01,Germany DKMS - German donors,0.0001004582907222,3456066,4-digit
DRB1,DRB1*11:12,Germany DKMS - German donors,9.54485125605219e-05,3456066,4-digit
DPB1,DPB1*46:01,Germany DKMS - German donors,9.141704455727028e-05,3456066,4-digit
DQB1,DQB1*03:12,Germany DKMS - German donors,8.538019802179105e-05,3456066,4-digit
DPB1,DPB1*30:01,Germany DKMS - German donors,8.338038129948827e-05,3456066,4-digit
DQB1,DQB1*04:01,Germany DKMS - German donors,8.236677926808077e-05,3456066,4-digit
DRB1,DRB1*11:19,Germany DKMS - German donors,7.736353123326511e-05,3456066,4-digit
DRB1,DRB1*11:28,Germany DKMS - German donors,7.434936767872231e-05,3456066,4-digit
DPB1,DPB1*81:01,Germany DKMS - German donors,7.333455222726077e-05,3456066,4-digit
DRB1,DRB1*13:10,Germany DKMS - German donors,7.133520412417952e-05,3456066,4-digit
DPB1,DPB1*130:01,Germany DKMS - German donors,7.032080350559251e-05,3456066,4-digit
DRB1,DRB1*01:07,Germany DKMS - German donors,6.932576175448432e-05,3456066,4-digit
DRB1,DRB1*13:15,Germany DKMS - German donors,6.631159819994154e-05,3456066,4-digit
DRB1,DRB1*14:06,Germany DKMS - German donors,6.631159819994154e-05,3456066,4-digit
DPA1,DPA1*02:02,Hong Kong Chinese HKBMDR. DQ and DP,0.5578,1064,4-digit
DPB1,DPB1*05:01,Hong Kong Chinese HKBMDR. DQ and DP,0.4186581341865814,1064,4-digit
DPA1,DPA1*01:03,Hong Kong Chinese HKBMDR. DQ and DP,0.2918,1064,4-digit
DQB1,DQB1*03:01,Hong Kong Chinese HKBMDR. DQ and DP,0.2288542291541691,1064,4-digit
DQA1,DQA1*01:02,Hong Kong Chinese HKBMDR. DQ and DP,0.1861186118611861,1064,4-digit
DQB1,DQB1*03:03,Hong Kong Chinese HKBMDR. DQ and DP,0.1526694661067786,1064,4-digit
DQA1,DQA1*03:02,Hong Kong Chinese HKBMDR. DQ and DP,0.148014801480148,1064,4-digit
DPB1,DPB1*02:01,Hong Kong Chinese HKBMDR. DQ and DP,0.1362863713628637,1064,4-digit
DQA1,DQA1*06:01,Hong Kong Chinese HKBMDR. DQ and DP,0.132013201320132,1064,4-digit
DQB1,DQB1*05:02,Hong Kong Chinese HKBMDR. DQ and DP,0.1230753849230154,1064,4-digit
DQB1,DQB1*06:01,Hong Kong Chinese HKBMDR. DQ and DP,0.118876224755049,1064,4-digit
DPA1,DPA1*02:01,Hong Kong Chinese HKBMDR. DQ and DP,0.0982,1064,4-digit
DPB1,DPB1*13:01,Hong Kong Chinese HKBMDR. DQ and DP,0.077992200779922,1064,4-digit
DQA1,DQA1*05:05,Hong Kong Chinese HKBMDR. DQ and DP,0.0761076107610761,1064,4-digit
DQA1,DQA1*01:04,Hong Kong Chinese HKBMDR. DQ and DP,0.0738073807380738,1064,4-digit
DQA1,DQA1*01:03,Hong Kong Chinese HKBMDR. DQ and DP,0.0714071407140714,1064,4-digit
DPB1,DPB1*02:02,Hong Kong Chinese HKBMDR. DQ and DP,0.06999300069993,1064,4-digit
DPB1,DPB1*04:01,Hong Kong Chinese HKBMDR. DQ and DP,0.0685931406859314,1064,4-digit
DQA1,DQA1*05:01,Hong Kong Chinese HKBMDR. DQ and DP,0.0663066306630663,1064,4-digit
DQB1,DQB1*02:01,Hong Kong Chinese HKBMDR. DQ and DP,0.0662867426514697,1064,4-digit
DQA1,DQA1*03:01,Hong Kong Chinese HKBMDR. DQ and DP,0.063006300630063,1064,4-digit
DQB1,DQB1*03:02,Hong Kong Chinese HKBMDR. DQ and DP,0.0629874025194961,1064,4-digit
DQA1,DQA1*03:03,Hong Kong Chinese HKBMDR. DQ and DP,0.0597059705970597,1064,4-digit
DQB1,DQB1*04:01,Hong Kong Chinese HKBMDR. DQ and DP,0.0535892821435712,1064,4-digit
DPB1,DPB1*03:01,Hong Kong Chinese HKBMDR. DQ and DP,0.0464953504649535,1064,4-digit
DQA1,DQA1*02:01,Hong Kong Chinese HKBMDR. DQ and DP,0.0423042304230423,1064,4-digit
DQB1,DQB1*05:01,Hong Kong Chinese HKBMDR. DQ and DP,0.0417916416716656,1064,4-digit
DPB1,DPB1*21:01,Hong Kong Chinese HKBMDR. DQ and DP,0.0408959104089591,1064,4-digit
DQB1,DQB1*05:03,Hong Kong Chinese HKBMDR. DQ and DP,0.0403919216156768,1064,4-digit
DQB1,DQB1*02:02,Hong Kong Chinese HKBMDR. DQ and DP,0.0380923815236952,1064,4-digit
DPA1,DPA1*04:01,Hong Kong Chinese HKBMDR. DQ and DP,0.0367,1064,4-digit
DQA1,DQA1*01:01,Hong Kong Chinese HKBMDR. DQ and DP,0.0352035203520352,1064,4-digit
DQB1,DQB1*06:02,Hong Kong Chinese HKBMDR. DQ and DP,0.0290941811637672,1064,4-digit
DPB1,DPB1*14:01,Hong Kong Chinese HKBMDR. DQ and DP,0.0276972302769723,1064,4-digit
DPB1,DPB1*135:01,Hong Kong Chinese HKBMDR. DQ and DP,0.0234976502349765,1064,4-digit
DPB1,DPB1*04:02,Hong Kong Chinese HKBMDR. DQ and DP,0.0210978902109789,1064,4-digit
DQB1,DQB1*06:09,Hong Kong Chinese HKBMDR. DQ and DP,0.015496900619876,1064,4-digit
DQA1,DQA1*01:05,Hong Kong Chinese HKBMDR. DQ and DP,0.015001500150015,1064,4-digit
DPA1,DPA1*02:07,Hong Kong Chinese HKBMDR. DQ and DP,0.015,1064,4-digit
DPB1,DPB1*17:01,Hong Kong Chinese HKBMDR. DQ and DP,0.0145985401459854,1064,4-digit
DQB1,DQB1*04:02,Hong Kong Chinese HKBMDR. DQ and DP,0.0135972805438912,1064,4-digit
DPB1,DPB1*09:01,Hong Kong Chinese HKBMDR. DQ and DP,0.0126987301269873,1064,4-digit
DQA1,DQA1*04:01,Hong Kong Chinese HKBMDR. DQ and DP,0.0117011701170117,1064,4-digit
DQA1,DQA1*05:03,Hong Kong Chinese HKBMDR. DQ and DP,0.0108010801080108,1064,4-digit
DPB1,DPB1*19:01,Hong Kong Chinese HKBMDR. DQ and DP,0.0098990100989901,1064,4-digit
DPB1,DPB1*01:01,Hong Kong Chinese HKBMDR. DQ and DP,0.007999200079992,1064,4-digit
DQB1,DQB1*06:03,Hong Kong Chinese HKBMDR. DQ and DP,0.0065986802639472,1064,4-digit
DQA1,DQA1*05:08,Hong Kong Chinese HKBMDR. DQ and DP,0.0056005600560056,1064,4-digit
DPB1,DPB1*104:01,Hong Kong Chinese HKBMDR. DQ and DP,0.0055994400559944,1064,4-digit
DPB1,DPB1*31:01,Hong Kong Chinese HKBMDR. DQ and DP,0.0037996200379962,1064,4-digit
DQB1,DQB1*06:04,Hong Kong Chinese HKBMDR. DQ and DP,0.0032993401319736,1064,4-digit
DPB1,DPB1*41:01,Hong Kong Chinese HKBMDR. DQ and DP,0.0027997200279972,1064,4-digit
DQB1,DQB1*06:10,Hong Kong Chinese HKBMDR. DQ and DP,0.0027994401119776,1064,4-digit
DQA1,DQA1*05:06,Hong Kong Chinese HKBMDR. DQ and DP,0.0024002400240024,1064,4-digit
DPB1,DPB1*48:01,Hong Kong Chinese HKBMDR. DQ and DP,0.0023997600239976,1064,4-digit
DPB1,DPB1*38:01,Hong Kong Chinese HKBMDR. DQ and DP,0.0018998100189981,1064,4-digit
DPB1,DPB1*105:01,Hong Kong Chinese HKBMDR. DQ and DP,0.0013998600139986,1064,4-digit
DPB1,DPB1*414:01,Hong Kong Chinese HKBMDR. DQ and DP,0.0008999100089991,1064,4-digit
DPB1,DPB1*100:01,Hong Kong Chinese HKBMDR. DQ and DP,0.0008999100089991,1064,4-digit
DPB1,DPB1*744:01,Hong Kong Chinese HKBMDR. DQ and DP,0.0008999100089991,1064,4-digit
DQA1,DQA1*01:09,Hong Kong Chinese HKBMDR. DQ and DP,0.0005000500050005,1064,4-digit
DPA1,DPA1*02:10,Hong Kong Chinese HKBMDR. DQ and DP,0.0005,1064,4-digit
DPB1,DPB1*296:01,Hong Kong Chinese HKBMDR. DQ and DP,0.0004999500049995,1064,4-digit
DPB1,DPB1*700:01N,Hong Kong Chinese HKBMDR. DQ and DP,0.0004999500049995,1064,4-digit
DPB1,DPB1*834:01,Hong Kong Chinese HKBMDR. DQ and DP,0.0004999500049995,1064,4-digit
DPB1,DPB1*26:01,Hong Kong Chinese HKBMDR. DQ and DP,0.0004999500049995,1064,4-digit
DPB1,DPB1*16:01,Hong Kong Chinese HKBMDR. DQ and DP,0.0004999500049995,1064,4-digit
DPB1,DPB1*10:01,Hong Kong Chinese HKBMDR. DQ and DP,0.0004999500049995,1064,4-digit
DQB1,DQB1*03:05,Hong Kong Chinese HKBMDR. DQ and DP,0.000499900019996,1064,4-digit
DQB1,DQB1*03:13,Hong Kong Chinese HKBMDR. DQ and DP,0.000499900019996,1064,4-digit
DQB1,DQB1*05:08,Hong Kong Chinese HKBMDR. DQ and DP,0.000499900019996,1064,4-digit
DQB1,DQB1*06:214,Hong Kong Chinese HKBMDR. DQ and DP,0.000499900019996,1064,4-digit
DQB1,DQB1*03:27,Hong Kong Chinese HKBMDR. DQ and DP,0.000499900019996,1064,4-digit
DRB1,DRB1*03:01,Italy Sardinia pop2,0.5976394849785408,1129,4-digit
DQB1,DQB1*02:01,Italy Sardinia pop2,0.5888223552894212,1129,4-digit
DPB1,DPB1*03:01,Italy Sardinia pop2,0.4840319361277445,1129,4-digit
DQB1,DQB1*03:02,Italy Sardinia pop2,0.2195608782435129,1129,4-digit
DRB1,DRB1*04:05,Italy Sardinia pop2,0.2188841201716738,1129,4-digit
DPB1,DPB1*02:01,Italy Sardinia pop2,0.2035928143712574,1129,4-digit
DPB1,DPB1*04:01,Italy Sardinia pop2,0.1986027944111776,1129,4-digit
DRB1,DRB1*16:01,Italy Sardinia pop2,0.1126609442060085,1129,4-digit
DQB1,DQB1*05:02,Italy Sardinia pop2,0.1057884231536926,1129,4-digit
DRB1,DRB1*04:02,Italy Sardinia pop2,0.0354077253218884,1129,4-digit
DQB1,DQB1*03:01,Italy Sardinia pop2,0.0329341317365269,1129,4-digit
DQB1,DQB1*05:01,Italy Sardinia pop2,0.0329341317365269,1129,4-digit
DPB1,DPB1*09:01,Italy Sardinia pop2,0.0279441117764471,1129,4-digit
DPB1,DPB1*10:01,Italy Sardinia pop2,0.0279441117764471,1129,4-digit
DRB1,DRB1*07:01,Italy Sardinia pop2,0.0118025751072961,1129,4-digit
DRB1,DRB1*04:03,Italy Sardinia pop2,0.0107296137339055,1129,4-digit
DPB1,DPB1*01:01,Italy Sardinia pop2,0.0099800399201596,1129,4-digit
DPB1,DPB1*04:02,Italy Sardinia pop2,0.0099800399201596,1129,4-digit
DPB1,DPB1*14:01,Italy Sardinia pop2,0.0079840319361277,1129,4-digit
DPB1,DPB1*13:01,Italy Sardinia pop2,0.0079840319361277,1129,4-digit
DQB1,DQB1*04:02,Italy Sardinia pop2,0.0059880239520958,1129,4-digit
DQB1,DQB1*06:04,Italy Sardinia pop2,0.0059880239520958,1129,4-digit
DRB1,DRB1*04:01,Italy Sardinia pop2,0.0053648068669527,1129,4-digit
DPB1,DPB1*05:01,Italy Sardinia pop2,0.0049900199600798,1129,4-digit
DPB1,DPB1*11:01,Italy Sardinia pop2,0.0049900199600798,1129,4-digit
DRB1,DRB1*04:04,Italy Sardinia pop2,0.0032188841201716,1129,4-digit
DPB1,DPB1*02:02,Italy Sardinia pop2,0.0029940119760479,1129,4-digit
DPB1,DPB1*57:01,Italy Sardinia pop2,0.0029940119760479,1129,4-digit
DPB1,DPB1*15:01,Italy Sardinia pop2,0.0029940119760479,1129,4-digit
DPB1,DPB1*33:01,Italy Sardinia pop2,0.0029940119760479,1129,4-digit
DRB1,DRB1*03:07,Italy Sardinia pop2,0.0010729613733905,1129,4-digit
DRB1,DRB1*04:08,Italy Sardinia pop2,0.0010729613733905,1129,4-digit
DRB1,DRB1*04:10,Italy Sardinia pop2,0.0010729613733905,1129,4-digit
DRB1,DRB1*04:11,Italy Sardinia pop2,0.0010729613733905,1129,4-digit
DQB1,DQB1*06:03,Italy Sardinia pop2,0.0009980039920159,1129,4-digit
DQB1,DQB1*03:03,Italy Sardinia pop2,0.0009980039920159,1129,4-digit
DQB1,DQB1*06:02,Italy Sardinia pop2,0.0009980039920159,1129,4-digit
DQB1,DQB1*06:01,Italy Sardinia pop2,0.0009980039920159,1129,4-digit
DQB1,DQB1*05:03,Italy Sardinia pop2,0.0009980039920159,1129,4-digit
DQB1,DQB1*03:05,Italy Sardinia pop2,0.0009980039920159,1129,4-digit
DQB1,DQB1*03:04,Italy Sardinia pop2,0.0009980039920159,1129,4-digit
DQB1,DQB1*06:05,Italy Sardinia pop2,0.0009980039920159,1129,4-digit
DPA1,DPA1*02:02,Japan pop 17,0.4352,3078,4-digit
DPA1,DPA1*01:03,Japan pop 17,0.403,3078,4-digit
DPB1,DPB1*05:01,Japan pop 17,0.374,3078,4-digit
DPB1,DPB1*02:01,Japan pop 17,0.2383,3078,4-digit
DQA1,DQA1*01:03,Japan pop 17,0.1916616676664667,3078,4-digit
DQB1,DQB1*06:01,Japan pop 17,0.1878,3078,4-digit
DQA1,DQA1*03:03,Japan pop 17,0.1656668666266746,3078,4-digit
DPA1,DPA1*02:01,Japan pop 17,0.1602,3078,4-digit
DQB1,DQB1*03:03,Japan pop 17,0.1504,3078,4-digit
DQA1,DQA1*03:02,Japan pop 17,0.143871225754849,3078,4-digit
DRB1,DRB1*09:01,Japan pop 17,0.141,3078,4-digit
DQB1,DQB1*04:01,Japan pop 17,0.1374,3078,4-digit
DRB1,DRB1*04:05,Japan pop 17,0.137,3078,4-digit
DQA1,DQA1*01:02,Japan pop 17,0.1340731853629274,3078,4-digit
DQB1,DQB1*03:01,Japan pop 17,0.1117,3078,4-digit
DQA1,DQA1*03:01,Japan pop 17,0.1103779244151169,3078,4-digit
DRB1,DRB1*15:02,Japan pop 17,0.11,3078,4-digit
DQB1,DQB1*03:02,Japan pop 17,0.1077,3078,4-digit
DPB1,DPB1*09:01,Japan pop 17,0.1025,3078,4-digit
DPB1,DPB1*04:02,Japan pop 17,0.0983,3078,4-digit
DRB1,DRB1*08:03,Japan pop 17,0.0801,3078,4-digit
DQB1,DQB1*05:01,Japan pop 17,0.071,3078,4-digit
DQA1,DQA1*01:01,Japan pop 17,0.0657868426314737,3078,4-digit
DRB1,DRB1*15:01,Japan pop 17,0.0648,3078,4-digit
DRB1,DRB1*01:01,Japan pop 17,0.0648,3078,4-digit
DRB1,DRB1*13:02,Japan pop 17,0.0641,3078,4-digit
DQB1,DQB1*06:02,Japan pop 17,0.0625,3078,4-digit
DQB1,DQB1*06:04,Japan pop 17,0.0586,3078,4-digit
DPB1,DPB1*03:01,Japan pop 17,0.0511,3078,4-digit
DPB1,DPB1*04:01,Japan pop 17,0.0495,3078,4-digit
DQA1,DQA1*01:04,Japan pop 17,0.0471905618876224,3078,4-digit
DRB1,DRB1*08:02,Japan pop 17,0.0449,3078,4-digit
DQA1,DQA1*05:05,Japan pop 17,0.0442911417716456,3078,4-digit
DQB1,DQB1*04:02,Japan pop 17,0.0439,3078,4-digit
DRB1,DRB1*04:06,Japan pop 17,0.0394,3078,4-digit
DPB1,DPB1*02:02,Japan pop 17,0.0391,3078,4-digit
DRB1,DRB1*04:03,Japan pop 17,0.0371,3078,4-digit
DRB1,DRB1*12:01,Japan pop 17,0.0345,3078,4-digit
DQB1,DQB1*05:03,Japan pop 17,0.0316,3078,4-digit
DRB1,DRB1*14:54,Japan pop 17,0.0313,3078,4-digit
DQA1,DQA1*04:01,Japan pop 17,0.0282943411317736,3078,4-digit
DQA1,DQA1*05:03,Japan pop 17,0.0276944611077784,3078,4-digit
DRB1,DRB1*11:01,Japan pop 17,0.0264,3078,4-digit
DQB1,DQB1*05:02,Japan pop 17,0.0225,3078,4-digit
DRB1,DRB1*04:10,Japan pop 17,0.0215,3078,4-digit
DQA1,DQA1*06:01,Japan pop 17,0.0201959608078384,3078,4-digit
DRB1,DRB1*12:02,Japan pop 17,0.0182,3078,4-digit
DPB1,DPB1*13:01,Japan pop 17,0.0179,3078,4-digit
DRB1,DRB1*14:05,Japan pop 17,0.0169,3078,4-digit
DRB1,DRB1*14:03,Japan pop 17,0.0166,3078,4-digit
DPB1,DPB1*14:01,Japan pop 17,0.0127,3078,4-digit
DRB1,DRB1*14:06,Japan pop 17,0.0114,3078,4-digit
DRB1,DRB1*04:01,Japan pop 17,0.0091,3078,4-digit
DQA1,DQA1*05:08,Japan pop 17,0.0077984403119376,3078,4-digit
DRB1,DRB1*16:02,Japan pop 17,0.0065,3078,4-digit
DRB1,DRB1*10:01,Japan pop 17,0.0055,3078,4-digit
DQA1,DQA1*01:05,Japan pop 17,0.005498900219956,3078,4-digit
DPB1,DPB1*06:01,Japan pop 17,0.0052,3078,4-digit
DQB1,DQB1*06:03,Japan pop 17,0.0052,3078,4-digit
DQB1,DQB1*06:09,Japan pop 17,0.0052,3078,4-digit
DRB1,DRB1*04:07,Japan pop 17,0.0052,3078,4-digit
DRB1,DRB1*13:01,Japan pop 17,0.0052,3078,4-digit
DPB1,DPB1*19:01,Japan pop 17,0.0049,3078,4-digit
DRB1,DRB1*07:01,Japan pop 17,0.0036,3078,4-digit
DQA1,DQA1*02:01,Japan pop 17,0.0035992801439712,3078,4-digit
DQA1,DQA1*05:06,Japan pop 17,0.0032993401319736,3078,4-digit
DQB1,DQB1*02:02,Japan pop 17,0.0026,3078,4-digit
DPB1,DPB1*17:01,Japan pop 17,0.0026,3078,4-digit
DRB1,DRB1*04:04,Japan pop 17,0.0016,3078,4-digit
DQB1,DQB1*02:01,Japan pop 17,0.0016,3078,4-digit
DPA1,DPA1*04:01,Japan pop 17,0.0013,3078,4-digit
DRB1,DRB1*14:07,Japan pop 17,0.001,3078,4-digit
DPB1,DPB1*41:01,Japan pop 17,0.001,3078,4-digit
DPB1,DPB1*38:01,Japan pop 17,0.0007,3078,4-digit
DPB1,DPB1*20:01,Japan pop 17,0.0007,3078,4-digit
DRB1,DRB1*11:06,Japan pop 17,0.0007,3078,4-digit
DRB1,DRB1*03:01,Japan pop 17,0.0007,3078,4-digit
DQA1,DQA1*05:01,Japan pop 17,0.0006998600279944,3078,4-digit
DPB1,DPB1*21:01,Japan pop 17,0.0003,3078,4-digit
DRB1,DRB1*15:11,Japan pop 17,0.0003,3078,4-digit
DPA1,DPA1*01:11,Japan pop 17,0.0003,3078,4-digit
DPB1,DPB1*25:01,Japan pop 17,0.0003,3078,4-digit
DPB1,DPB1*36:01,Japan pop 17,0.0003,3078,4-digit
DRB1,DRB1*11:08,Japan pop 17,0.0003,3078,4-digit
DPB1,DPB1*105:01,Japan pop 17,0.0003,3078,4-digit
DRB1,DRB1*08:09,Japan pop 17,0.0003,3078,4-digit
DQB1,DQB1*03:19,Japan pop 17,0.0003,3078,4-digit
DPB1,DPB1*01:01,Japan pop 17,0.0003,3078,4-digit
DPB1,DPB1*04:01,Russia Karelia,0.3898220355928815,1075,4-digit
DQB1,DQB1*03:01,Russia Karelia,0.1706488053583924,1075,4-digit
DPB1,DPB1*02:01,Russia Karelia,0.1669666066786642,1075,4-digit
DPB1,DPB1*04:02,Russia Karelia,0.153869226154769,1075,4-digit
DQB1,DQB1*05:01,Russia Karelia,0.1448565430370889,1075,4-digit
DRB1,DRB1*15:01,Russia Karelia,0.1363136313631363,1075,4-digit
DQB1,DQB1*06:02,Russia Karelia,0.1294611616515045,1075,4-digit
DRB1,DRB1*01:01,Russia Karelia,0.1274127412741274,1075,4-digit
DRB1,DRB1*07:01,Russia Karelia,0.1147114711471147,1075,4-digit
DPB1,DPB1*03:01,Russia Karelia,0.1100779844031193,1075,4-digit
DQB1,DQB1*03:02,Russia Karelia,0.1050684794561631,1075,4-digit
DRB1,DRB1*13:01,Russia Karelia,0.0841084108410841,1075,4-digit
DQB1,DQB1*02:02,Russia Karelia,0.0799760071978406,1075,4-digit
DQB1,DQB1*02:01,Russia Karelia,0.0799760071978406,1075,4-digit
DQB1,DQB1*06:03,Russia Karelia,0.0768769369189243,1075,4-digit
DRB1,DRB1*03:01,Russia Karelia,0.0747074707470747,1075,4-digit
DQB1,DQB1*03:03,Russia Karelia,0.057182845146456,1075,4-digit
DRB1,DRB1*11:01,Russia Karelia,0.0559055905590559,1075,4-digit
DRB1,DRB1*04:01,Russia Karelia,0.0498049804980498,1075,4-digit
DQB1,DQB1*04:02,Russia Karelia,0.046885934219734,1075,4-digit
DRB1,DRB1*08:01,Russia Karelia,0.0451045104510451,1075,4-digit
DRB1,DRB1*04:04,Russia Karelia,0.0418041804180418,1075,4-digit
DPB1,DPB1*01:01,Russia Karelia,0.0330933813237352,1075,4-digit
DRB1,DRB1*11:04,Russia Karelia,0.0329032903290329,1075,4-digit
DQB1,DQB1*05:02,Russia Karelia,0.0323902829151254,1075,4-digit
DRB1,DRB1*16:01,Russia Karelia,0.0291029102910291,1075,4-digit
DRB1,DRB1*12:01,Russia Karelia,0.0282028202820282,1075,4-digit
DRB1,DRB1*13:02,Russia Karelia,0.0249024902490249,1075,4-digit
DRB1,DRB1*13:03,Russia Karelia,0.0244024402440244,1075,4-digit
DQB1,DQB1*05:03,Russia Karelia,0.0210936718984304,1075,4-digit
DQB1,DQB1*06:04,Russia Karelia,0.0205938218534439,1075,4-digit
DPB1,DPB1*14:01,Russia Karelia,0.0195960807838432,1075,4-digit
DRB1,DRB1*14:01,Russia Karelia,0.0183018301830183,1075,4-digit
DPB1,DPB1*05:01,Russia Karelia,0.0181963607278544,1075,4-digit
DRB1,DRB1*09:01,Russia Karelia,0.0179017901790179,1075,4-digit
DPB1,DPB1*23:01,Russia Karelia,0.0162967406518696,1075,4-digit
DPB1,DPB1*13:01,Russia Karelia,0.0158968206358728,1075,4-digit
DRB1,DRB1*04:02,Russia Karelia,0.015001500150015,1075,4-digit
DPB1,DPB1*17:01,Russia Karelia,0.0148970205958808,1075,4-digit
DRB1,DRB1*15:02,Russia Karelia,0.0127012701270127,1075,4-digit
DQB1,DQB1*06:01,Russia Karelia,0.0126961911426572,1075,4-digit
DPB1,DPB1*06:01,Russia Karelia,0.0120975804839032,1075,4-digit
DRB1,DRB1*10:01,Russia Karelia,0.0117011701170117,1075,4-digit
DRB1,DRB1*11:03,Russia Karelia,0.0099009900990099,1075,4-digit
DRB1,DRB1*01:02,Russia Karelia,0.0094009400940094,1075,4-digit
DPB1,DPB1*15:01,Russia Karelia,0.0092981403719256,1075,4-digit
DRB1,DRB1*04:03,Russia Karelia,0.0089008900890089,1075,4-digit
DPB1,DPB1*09:01,Russia Karelia,0.0083983203359328,1075,4-digit
DPB1,DPB1*10:01,Russia Karelia,0.0078984203159368,1075,4-digit
DRB1,DRB1*04:08,Russia Karelia,0.007000700070007,1075,4-digit
DPB1,DPB1*19:01,Russia Karelia,0.0060987802439512,1075,4-digit
DPB1,DPB1*11:01,Russia Karelia,0.0060987802439512,1075,4-digit
DQB1,DQB1*05:83,Russia Karelia,0.0051984404678596,1075,4-digit
DQB1,DQB1*03:04,Russia Karelia,0.0051984404678596,1075,4-digit
DQB1,DQB1*06:09,Russia Karelia,0.0046985904228731,1075,4-digit
DPB1,DPB1*20:01,Russia Karelia,0.0041991601679664,1075,4-digit
DQB1,DQB1*05:04,Russia Karelia,0.0037988603418974,1075,4-digit
DRB1,DRB1*04:05,Russia Karelia,0.0028002800280028,1075,4-digit
DRB1,DRB1*16:02,Russia Karelia,0.0024002400240024,1075,4-digit
DRB1,DRB1*04:07,Russia Karelia,0.0019001900190019,1075,4-digit
DRB1,DRB1*08:02,Russia Karelia,0.0019001900190019,1075,4-digit
DRB1,DRB1*08:03,Russia Karelia,0.0019001900190019,1075,4-digit
DQB1,DQB1*03:05,Russia Karelia,0.0018994301709487,1075,4-digit
DRB1,DRB1*14:04,Russia Karelia,0.0014001400140014,1075,4-digit
DRB1,DRB1*12:02,Russia Karelia,0.0014001400140014,1075,4-digit
DRB1,DRB1*01:03,Russia Karelia,0.0014001400140014,1075,4-digit
DPB1,DPB1*16:01,Russia Karelia,0.0013997200559888,1075,4-digit
DPB1,DPB1*36:01,Russia Karelia,0.0013997200559888,1075,4-digit
DRB1,DRB1*08:04,Russia Karelia,0.0009000900090009,1075,4-digit
DRB1,DRB1*15:03,Russia Karelia,0.0009000900090009,1075,4-digit
DRB1,DRB1*13:05,Russia Karelia,0.0009000900090009,1075,4-digit
DPB1,DPB1*34:01,Russia Karelia,0.0008998200359928,1075,4-digit
DRB1,DRB1*08:10,Russia Karelia,0.0005000500050005,1075,4-digit
DRB1,DRB1*13:15,Russia Karelia,0.0005000500050005,1075,4-digit
DRB1,DRB1*14:05,Russia Karelia,0.0005000500050005,1075,4-digit
DRB1,DRB1*14:03,Russia Karelia,0.0005000500050005,1075,4-digit
DPB1,DPB1*80:01,Russia Karelia,0.000499900019996,1075,4-digit
DPB1,DPB1*87:01,Russia Karelia,0.000499900019996,1075,4-digit
DPB1,DPB1*02:02,Russia Karelia,0.000499900019996,1075,4-digit
DPB1,DPB1*26:01,Russia Karelia,0.000499900019996,1075,4-digit
DPB1,DPB1*30:01,Russia Karelia,0.000499900019996,1075,4-digit
DPB1,DPB1*47:01,Russia Karelia,0.000499900019996,1075,4-digit
DPB1,DPB1*25:01,Russia Karelia,0.000499900019996,1075,4-digit
DQB1,DQB1*06:14,Russia Karelia,0.0004998500449865,1075,4-digit
DQB1,DQB1*02:85,Russia Karelia,0.0004998500449865,1075,4-digit
DQB1,DQB1*03:12,Russia Karelia,0.0004998500449865,1075,4-digit
DPA1,DPA1*01:03,USA Arizona Gila River Pima,0.9779088364654138,3000,4-digit
DQA1,DQA1*05:03,USA Arizona Gila River Pima,0.7956408718256348,3000,4-digit
DRB1,DRB1*14:02,USA Arizona Gila River Pima,0.6982508745627187,3000,4-digit
DQB1,DQB1*03:01,USA Arizona Gila River Pima,0.6352847312256907,3000,4-digit
DPB1,DPB1*04:02,USA Arizona Gila River Pima,0.5103427600679525,3000,4-digit
DPB1,DPB1*04:01,USA Arizona Gila River Pima,0.3299690216848206,3000,4-digit
DQB1,DQB1*03:22,USA Arizona Gila River Pima,0.1970679166251122,3000,4-digit
DQA1,DQA1*05:05,USA Arizona Gila River Pima,0.1058788242351529,3000,4-digit
DRB1,DRB1*14:06,USA Arizona Gila River Pima,0.0970514742628685,3000,4-digit
DRB1,DRB1*16:02,USA Arizona Gila River Pima,0.0733633183408296,3000,4-digit
DPB1,DPB1*02:01,USA Arizona Gila River Pima,0.0732487258918756,3000,4-digit
DQB1,DQB1*04:02,USA Arizona Gila River Pima,0.040590405904059,3000,4-digit
DRB1,DRB1*08:02,USA Arizona Gila River Pima,0.0391804097951024,3000,4-digit
DQB1,DQB1*03:02,USA Arizona Gila River Pima,0.028522987932582,3000,4-digit
DRB1,DRB1*04:03,USA Arizona Gila River Pima,0.0283858070964517,3000,4-digit
DQA1,DQA1*04:01,USA Arizona Gila River Pima,0.0246950609878024,3000,4-digit
DRB1,DRB1*04:07,USA Arizona Gila River Pima,0.0243878060969515,3000,4-digit
DQB1,DQB1*03:120,USA Arizona Gila River Pima,0.020045876134437,3000,4-digit
DPB1,DPB1*03:01,USA Arizona Gila River Pima,0.019886079744179,3000,4-digit
DPA1,DPA1*02:01,USA Arizona Gila River Pima,0.0191923230707716,3000,4-digit
DRB1,DRB1*04:10,USA Arizona Gila River Pima,0.0190904547726136,3000,4-digit
DQA1,DQA1*01:03,USA Arizona Gila River Pima,0.0162967406518696,3000,4-digit
DPB1,DPB1*126:01,USA Arizona Gila River Pima,0.0143899270510642,3000,4-digit
DPB1,DPB1*105:01,USA Arizona Gila River Pima,0.014090136904167,3000,4-digit
DQA1,DQA1*01:02,USA Arizona Gila River Pima,0.0133973205358928,3000,4-digit
DQA1,DQA1*03:01,USA Arizona Gila River Pima,0.0112977404519096,3000,4-digit
DPB1,DPB1*14:01,USA Arizona Gila River Pima,0.0108923753372639,3000,4-digit
DQB1,DQB1*04:23,USA Arizona Gila River Pima,0.00897576543333,3000,4-digit
DQA1,DQA1*01:01,USA Arizona Gila River Pima,0.0087982403519296,3000,4-digit
DQA1,DQA1*05:02,USA Arizona Gila River Pima,0.0083983203359328,3000,4-digit
DQA1,DQA1*03:03,USA Arizona Gila River Pima,0.0058988202359528,3000,4-digit
DQB1,DQB1*03:113,USA Arizona Gila River Pima,0.005684651441109,3000,4-digit
DQB1,DQB1*03:29,USA Arizona Gila River Pima,0.005684651441109,3000,4-digit
DQB1,DQB1*03:109,USA Arizona Gila River Pima,0.004487882716665,3000,4-digit
DQA1,DQA1*01:05,USA Arizona Gila River Pima,0.0037992401519696,3000,4-digit
DPB1,DPB1*124:01,USA Arizona Gila River Pima,0.0037973418606975,3000,4-digit
DQB1,DQB1*03:119,USA Arizona Gila River Pima,0.003490575446295,3000,4-digit
DQB1,DQB1*03:134,USA Arizona Gila River Pima,0.003490575446295,3000,4-digit
DQB1,DQB1*03:14,USA Arizona Gila River Pima,0.003291113992221,3000,4-digit
DQA1,DQA1*05:01,USA Arizona Gila River Pima,0.002999400119976,3000,4-digit
DQB1,DQB1*02:01,USA Arizona Gila River Pima,0.002892191084073,3000,4-digit
DQB1,DQB1*03:04,USA Arizona Gila River Pima,0.002892191084073,3000,4-digit
DRB1,DRB1*04:04,USA Arizona Gila River Pima,0.0025987006496751,3000,4-digit
DPB1,DPB1*350:01,USA Arizona Gila River Pima,0.0022983911262116,3000,4-digit
DQB1,DQB1*06:01,USA Arizona Gila River Pima,0.002094345267777,3000,4-digit
DQB1,DQB1*03:194,USA Arizona Gila River Pima,0.002094345267777,3000,4-digit
DQB1,DQB1*06:02,USA Arizona Gila River Pima,0.002094345267777,3000,4-digit
DPA1,DPA1*02:02,USA Arizona Gila River Pima,0.001999200319872,3000,4-digit
DRB1,DRB1*15:02,USA Arizona Gila River Pima,0.0019990004997501,3000,4-digit
DRB1,DRB1*07:01,USA Arizona Gila River Pima,0.0019990004997501,3000,4-digit
DRB1,DRB1*09:01,USA Arizona Gila River Pima,0.0019990004997501,3000,4-digit
DPB1,DPB1*164:01,USA Arizona Gila River Pima,0.0019986009793144,3000,4-digit
DQB1,DQB1*03:129,USA Arizona Gila River Pima,0.001894883813703,3000,4-digit
DPB1,DPB1*651:01,USA Arizona Gila River Pima,0.001798740881383,3000,4-digit
DPB1,DPB1*05:01,USA Arizona Gila River Pima,0.0016988108324173,3000,4-digit
DPB1,DPB1*108:01,USA Arizona Gila River Pima,0.0016988108324173,3000,4-digit
DQB1,DQB1*05:01,USA Arizona Gila River Pima,0.001695422359629,3000,4-digit
DQB1,DQB1*03:03,USA Arizona Gila River Pima,0.001695422359629,3000,4-digit
DRB1,DRB1*15:01,USA Arizona Gila River Pima,0.0014992503748125,3000,4-digit
DPB1,DPB1*351:01,USA Arizona Gila River Pima,0.0014989507344858,3000,4-digit
DQB1,DQB1*03:251,USA Arizona Gila River Pima,0.001396230178518,3000,4-digit
DQA1,DQA1*01:04,USA Arizona Gila River Pima,0.0012997400519896,3000,4-digit
DPB1,DPB1*104:01,USA Arizona Gila River Pima,0.0011991605875886,3000,4-digit
DQB1,DQB1*03:195,USA Arizona Gila River Pima,0.001196768724444,3000,4-digit
DQB1,DQB1*03:208,USA Arizona Gila River Pima,0.001196768724444,3000,4-digit
DPB1,DPB1*271:01,USA Arizona Gila River Pima,0.0010992305386229,3000,4-digit
DQB1,DQB1*06:03,USA Arizona Gila River Pima,0.001097037997407,3000,4-digit
DRB1,DRB1*01:01,USA Arizona Gila River Pima,0.0008995502248875,3000,4-digit
DRB1,DRB1*13:01,USA Arizona Gila River Pima,0.0008995502248875,3000,4-digit
DRB1,DRB1*04:01,USA Arizona Gila River Pima,0.0008995502248875,3000,4-digit
DRB1,DRB1*01:02,USA Arizona Gila River Pima,0.0008995502248875,3000,4-digit
DPB1,DPB1*01:01,USA Arizona Gila River Pima,0.0008993704406915,3000,4-digit
DPB1,DPB1*294:01,USA Arizona Gila River Pima,0.0008993704406915,3000,4-digit
DPB1,DPB1*129:01,USA Arizona Gila River Pima,0.0008993704406915,3000,4-digit
DQB1,DQB1*03:69,USA Arizona Gila River Pima,0.000897576543333,3000,4-digit
DQB1,DQB1*03:184,USA Arizona Gila River Pima,0.000897576543333,3000,4-digit
DQB1,DQB1*03:10,USA Arizona Gila River Pima,0.000897576543333,3000,4-digit
DQB1,DQB1*03:167,USA Arizona Gila River Pima,0.000897576543333,3000,4-digit
DQA1,DQA1*03:02,USA Arizona Gila River Pima,0.0007998400319936,3000,4-digit
DQA1,DQA1*02:01,USA Arizona Gila River Pima,0.0007998400319936,3000,4-digit
DRB1,DRB1*13:02,USA Arizona Gila River Pima,0.0007996001999,3000,4-digit
DPB1,DPB1*535:01,USA Arizona Gila River Pima,0.0007994403917257,3000,4-digit
DPB1,DPB1*11:01,USA Arizona Gila River Pima,0.0007994403917257,3000,4-digit
DPB1,DPB1*13:01,USA Arizona Gila River Pima,0.0007994403917257,3000,4-digit
DRB1,DRB1*11:04,USA Arizona Gila River Pima,0.000599700149925,3000,4-digit
DRB1,DRB1*10:01,USA Arizona Gila River Pima,0.000599700149925,3000,4-digit
DPB1,DPB1*09:01,USA Arizona Gila River Pima,0.0005995802937943,3000,4-digit
DRB1,DRB1*03:01,USA Arizona Gila River Pima,0.0004997501249375,3000,4-digit
DRB1,DRB1*08:04,USA Arizona Gila River Pima,0.0004997501249375,3000,4-digit
DPB1,DPB1*66:01,USA Arizona Gila River Pima,0.0004996502448286,3000,4-digit
DPB1,DPB1*57:01,USA Arizona Gila River Pima,0.0004996502448286,3000,4-digit
DQB1,DQB1*03:241,USA Arizona Gila River Pima,0.000498653635185,3000,4-digit
DQB1,DQB1*03:231,USA Arizona Gila River Pima,0.000498653635185,3000,4-digit
DQB1,DQB1*03:201,USA Arizona Gila River Pima,0.000498653635185,3000,4-digit
DQB1,DQB1*03:197Q,USA Arizona Gila River Pima,0.000498653635185,3000,4-digit
DQB1,DQB1*03:154,USA Arizona Gila River Pima,0.000498653635185,3000,4-digit
DQB1,DQB1*03:13,USA Arizona Gila River Pima,0.000498653635185,3000,4-digit
DQB1,DQB1*03:75,USA Arizona Gila River Pima,0.000498653635185,3000,4-digit
DQB1,DQB1*03:72,USA Arizona Gila River Pima,0.000498653635185,3000,4-digit
DQB1,DQB1*02:02,USA Arizona Gila River Pima,0.000398922908148,3000,4-digit
DPA1,DPA1*02:02,Hong Kong Chinese HKBMDR HLA 11 loci,0.5523005858945391,5266,4-digit
DPB1,DPB1*05:01,Hong Kong Chinese HKBMDR HLA 11 loci,0.4024476818013658,5266,4-digit
DPA1,DPA1*01:03,Hong Kong Chinese HKBMDR HLA 11 loci,0.2955468015757164,5266,4-digit
DQB1,DQB1*03:01,Hong Kong Chinese HKBMDR HLA 11 loci,0.2354952900941981,5266,4-digit
DQA1,DQA1*01:02,Hong Kong Chinese HKBMDR HLA 11 loci,0.1823647294589178,5266,4-digit
DQB1,DQB1*03:03,Hong Kong Chinese HKBMDR HLA 11 loci,0.1574968500629987,5266,4-digit
DRB1,DRB1*09:01,Hong Kong Chinese HKBMDR HLA 11 loci,0.1543792687826436,5266,4-digit
DQA1,DQA1*03:02,Hong Kong Chinese HKBMDR HLA 11 loci,0.1543086172344689,5266,4-digit
DRB1,DRB1*12:02,Hong Kong Chinese HKBMDR HLA 11 loci,0.144535958216151,5266,4-digit
DQA1,DQA1*06:01,Hong Kong Chinese HKBMDR HLA 11 loci,0.1392785571142284,5266,4-digit
DPB1,DPB1*02:01,Hong Kong Chinese HKBMDR HLA 11 loci,0.1349824522812034,5266,4-digit
DQB1,DQB1*05:02,Hong Kong Chinese HKBMDR HLA 11 loci,0.117687646247075,5266,4-digit
DQB1,DQB1*06:01,Hong Kong Chinese HKBMDR HLA 11 loci,0.1126977460450791,5266,4-digit
DRB1,DRB1*15:01,Hong Kong Chinese HKBMDR HLA 11 loci,0.0969264764965849,5266,4-digit
DPA1,DPA1*02:01,Hong Kong Chinese HKBMDR HLA 11 loci,0.0917834789737847,5266,4-digit
DPB1,DPB1*13:01,Hong Kong Chinese HKBMDR HLA 11 loci,0.0883885094937658,5266,4-digit
DPB1,DPB1*02:02,Hong Kong Chinese HKBMDR HLA 11 loci,0.0772899523062001,5266,4-digit
DQA1,DQA1*05:05,Hong Kong Chinese HKBMDR HLA 11 loci,0.0771543086172344,5266,4-digit
DQA1,DQA1*01:04,Hong Kong Chinese HKBMDR HLA 11 loci,0.0721442885771543,5266,4-digit
DQA1,DQA1*01:03,Hong Kong Chinese HKBMDR HLA 11 loci,0.0701402805611222,5266,4-digit
DPB1,DPB1*04:01,Hong Kong Chinese HKBMDR HLA 11 loci,0.0693909791727075,5266,4-digit
DRB1,DRB1*03:01,Hong Kong Chinese HKBMDR HLA 11 loci,0.0682000803535556,5266,4-digit
DQA1,DQA1*05:01,Hong Kong Chinese HKBMDR HLA 11 loci,0.0671342685370741,5266,4-digit
DQB1,DQB1*02:01,Hong Kong Chinese HKBMDR HLA 11 loci,0.0668986620267594,5266,4-digit
DQA1,DQA1*03:03,Hong Kong Chinese HKBMDR HLA 11 loci,0.065130260521042,5266,4-digit
DQB1,DQB1*03:02,Hong Kong Chinese HKBMDR HLA 11 loci,0.0628987420251595,5266,4-digit
DRB1,DRB1*04:05,Hong Kong Chinese HKBMDR HLA 11 loci,0.0623744475693049,5266,4-digit
DQA1,DQA1*03:01,Hong Kong Chinese HKBMDR HLA 11 loci,0.0601202404809619,5266,4-digit
DRB1,DRB1*08:03,Hong Kong Chinese HKBMDR HLA 11 loci,0.0596625150662916,5266,4-digit
DQB1,DQB1*04:01,Hong Kong Chinese HKBMDR HLA 11 loci,0.0566988660226795,5266,4-digit
DRB1,DRB1*11:01,Hong Kong Chinese HKBMDR HLA 11 loci,0.0532342306147047,5266,4-digit
DRB1,DRB1*16:02,Hong Kong Chinese HKBMDR HLA 11 loci,0.0530333467255926,5266,4-digit
DPB1,DPB1*03:01,Hong Kong Chinese HKBMDR HLA 11 loci,0.0476937998060252,5266,4-digit
DRB1,DRB1*14:54,Hong Kong Chinese HKBMDR HLA 11 loci,0.0443953394937726,5266,4-digit
DQB1,DQB1*05:03,Hong Kong Chinese HKBMDR HLA 11 loci,0.0435991280174396,5266,4-digit
DPB1,DPB1*21:01,Hong Kong Chinese HKBMDR HLA 11 loci,0.0430943977282953,5266,4-digit
DPA1,DPA1*04:01,Hong Kong Chinese HKBMDR HLA 11 loci,0.0425923333799916,5266,4-digit
DRB1,DRB1*07:01,Hong Kong Chinese HKBMDR HLA 11 loci,0.0394736842105263,5266,4-digit
DQA1,DQA1*02:01,Hong Kong Chinese HKBMDR HLA 11 loci,0.0390781563126252,5266,4-digit
DRB1,DRB1*15:02,Hong Kong Chinese HKBMDR HLA 11 loci,0.0384592205705102,5266,4-digit
DQB1,DQB1*05:01,Hong Kong Chinese HKBMDR HLA 11 loci,0.0379992400151997,5266,4-digit
DQB1,DQB1*02:02,Hong Kong Chinese HKBMDR HLA 11 loci,0.0356992860142797,5266,4-digit
DQA1,DQA1*01:01,Hong Kong Chinese HKBMDR HLA 11 loci,0.033066132264529,5266,4-digit
DPB1,DPB1*14:01,Hong Kong Chinese HKBMDR HLA 11 loci,0.0307959965204523,5266,4-digit
DQB1,DQB1*06:02,Hong Kong Chinese HKBMDR HLA 11 loci,0.0306893862122757,5266,4-digit
DRB1,DRB1*12:01,Hong Kong Chinese HKBMDR HLA 11 loci,0.0265166733627963,5266,4-digit
DPB1,DPB1*135:01,Hong Kong Chinese HKBMDR HLA 11 loci,0.0261965944427224,5266,4-digit
DRB1,DRB1*04:03,Hong Kong Chinese HKBMDR HLA 11 loci,0.026014463640016,5266,4-digit
DRB1,DRB1*04:06,Hong Kong Chinese HKBMDR HLA 11 loci,0.0230012053033346,5266,4-digit
DRB1,DRB1*13:02,Hong Kong Chinese HKBMDR HLA 11 loci,0.0192848533547609,5266,4-digit
DPB1,DPB1*04:02,Hong Kong Chinese HKBMDR HLA 11 loci,0.0188975433193684,5266,4-digit
DRB1,DRB1*14:05,Hong Kong Chinese HKBMDR HLA 11 loci,0.0187826436319807,5266,4-digit
DQB1,DQB1*06:09,Hong Kong Chinese HKBMDR HLA 11 loci,0.0158996820063598,5266,4-digit
DPA1,DPA1*02:07,Hong Kong Chinese HKBMDR HLA 11 loci,0.0157971565118278,5266,4-digit
DRB1,DRB1*10:01,Hong Kong Chinese HKBMDR HLA 11 loci,0.0150662916834069,5266,4-digit
DQA1,DQA1*01:05,Hong Kong Chinese HKBMDR HLA 11 loci,0.0150300601202404,5266,4-digit
DPB1,DPB1*17:01,Hong Kong Chinese HKBMDR HLA 11 loci,0.0128983232179816,5266,4-digit
DQA1,DQA1*05:03,Hong Kong Chinese HKBMDR HLA 11 loci,0.0110220440881763,5266,4-digit
DQB1,DQB1*04:02,Hong Kong Chinese HKBMDR HLA 11 loci,0.0107997840043199,5266,4-digit
DPB1,DPB1*09:01,Hong Kong Chinese HKBMDR HLA 11 loci,0.0104986351774269,5266,4-digit
DRB1,DRB1*13:12,Hong Kong Chinese HKBMDR HLA 11 loci,0.0093411008437123,5266,4-digit
DRB1,DRB1*04:04,Hong Kong Chinese HKBMDR HLA 11 loci,0.0090397750100441,5266,4-digit
DQA1,DQA1*04:01,Hong Kong Chinese HKBMDR HLA 11 loci,0.0080160320641282,5266,4-digit
DPB1,DPB1*19:01,Hong Kong Chinese HKBMDR HLA 11 loci,0.0073990381250437,5266,4-digit
DPB1,DPB1*104:01,Hong Kong Chinese HKBMDR HLA 11 loci,0.0069990901182846,5266,4-digit
DRB1,DRB1*13:01,Hong Kong Chinese HKBMDR HLA 11 loci,0.0068300522298111,5266,4-digit
DQB1,DQB1*06:03,Hong Kong Chinese HKBMDR HLA 11 loci,0.0066998660026799,5266,4-digit
DRB1,DRB1*14:04,Hong Kong Chinese HKBMDR HLA 11 loci,0.006629168340699,5266,4-digit
DPB1,DPB1*01:01,Hong Kong Chinese HKBMDR HLA 11 loci,0.0055992720946276,5266,4-digit
DRB1,DRB1*01:01,Hong Kong Chinese HKBMDR HLA 11 loci,0.0055243069505825,5266,4-digit
DPB1,DPB1*31:01,Hong Kong Chinese HKBMDR HLA 11 loci,0.0042994410726605,5266,4-digit
DQA1,DQA1*05:08,Hong Kong Chinese HKBMDR HLA 11 loci,0.0040080160320641,5266,4-digit
DRB1,DRB1*08:02,Hong Kong Chinese HKBMDR HLA 11 loci,0.0034150261149055,5266,4-digit
DQB1,DQB1*06:10,Hong Kong Chinese HKBMDR HLA 11 loci,0.0033999320013599,5266,4-digit
DQB1,DQB1*06:04,Hong Kong Chinese HKBMDR HLA 11 loci,0.0032999340013199,5266,4-digit
DPB1,DPB1*48:01,Hong Kong Chinese HKBMDR HLA 11 loci,0.0028996230490036,5266,4-digit
DRB1,DRB1*11:129,Hong Kong Chinese HKBMDR HLA 11 loci,0.0027119325030132,5266,4-digit
DQA1,DQA1*05:06,Hong Kong Chinese HKBMDR HLA 11 loci,0.002004008016032,5266,4-digit
DRB1,DRB1*04:01,Hong Kong Chinese HKBMDR HLA 11 loci,0.0017075130574527,5266,4-digit
DPB1,DPB1*41:01,Hong Kong Chinese HKBMDR HLA 11 loci,0.0013998180236569,5266,4-digit
DRB1,DRB1*12:10,Hong Kong Chinese HKBMDR HLA 11 loci,0.0013057452792286,5266,4-digit
DRB1,DRB1*14:03,Hong Kong Chinese HKBMDR HLA 11 loci,0.0012053033346725,5266,4-digit
DRB1,DRB1*04:10,Hong Kong Chinese HKBMDR HLA 11 loci,0.0011048613901165,5266,4-digit
DRB1,DRB1*14:07,Hong Kong Chinese HKBMDR HLA 11 loci,0.0011048613901165,5266,4-digit
DRB1,DRB1*14:18,Hong Kong Chinese HKBMDR HLA 11 loci,0.0011048613901165,5266,4-digit
DPB1,DPB1*100:01,Hong Kong Chinese HKBMDR HLA 11 loci,0.0010998570185875,5266,4-digit
DRB1,DRB1*11:04,Hong Kong Chinese HKBMDR HLA 11 loci,0.0010044194455604,5266,4-digit
DPB1,DPB1*38:01,Hong Kong Chinese HKBMDR HLA 11 loci,0.0009998700168978,5266,4-digit
DPB1,DPB1*105:01,Hong Kong Chinese HKBMDR HLA 11 loci,0.0007998960135182,5266,4-digit
DPA1,DPA1*02:10,Hong Kong Chinese HKBMDR HLA 11 loci,0.0007998560259153,5266,4-digit
DPA1,DPA1*01:11,Hong Kong Chinese HKBMDR HLA 11 loci,0.0007998560259153,5266,4-digit
DRB1,DRB1*11:06,Hong Kong Chinese HKBMDR HLA 11 loci,0.0007030936118923,5266,4-digit
DPB1,DPB1*296:01,Hong Kong Chinese HKBMDR HLA 11 loci,0.0005999220101386,5266,4-digit
DPB1,DPB1*700:01N,Hong Kong Chinese HKBMDR HLA 11 loci,0.0005999220101386,5266,4-digit
DPB1,DPB1*10:01,Hong Kong Chinese HKBMDR HLA 11 loci,0.0005999220101386,5266,4-digit
DQB1,DQB1*03:13,Hong Kong Chinese HKBMDR HLA 11 loci,0.0004999900001999,5266,4-digit
DPB1,DPB1*744:01,Hong Kong Chinese HKBMDR HLA 11 loci,0.0004999350084489,5266,4-digit
DRB1,DRB1*08:01,Hong Kong Chinese HKBMDR HLA 11 loci,0.0004017677782241,5266,4-digit
DRB1,DRB1*04:07,Hong Kong Chinese HKBMDR HLA 11 loci,0.0004017677782241,5266,4-digit
DPB1,DPB1*45:01,Hong Kong Chinese HKBMDR HLA 11 loci,0.0003999480067591,5266,4-digit
DQB1,DQB1*03:01,China Hubei Han,0.2,3732,4-digit
DQB1,DQB1*03:03,China Hubei Han,0.19,3732,4-digit
DRB1,DRB1*09:01,China Hubei Han,0.1790358071614322,3732,4-digit
DQB1,DQB1*06:01,China Hubei Han,0.1187,3732,4-digit
DRB1,DRB1*15:01,China Hubei Han,0.1062212442488497,3732,4-digit
DRB1,DRB1*12:02,China Hubei Han,0.0841168233646729,3732,4-digit
DRB1,DRB1*08:03,China Hubei Han,0.0794158831766353,3732,4-digit
DQB1,DQB1*05:02,China Hubei Han,0.0785,3732,4-digit
DRB1,DRB1*07:01,China Hubei Han,0.0669133826765353,3732,4-digit
DQB1,DQB1*03:02,China Hubei Han,0.0632,3732,4-digit
DRB1,DRB1*11:01,China Hubei Han,0.0614122824564913,3732,4-digit
DQB1,DQB1*06:02,China Hubei Han,0.0614,3732,4-digit
DQB1,DQB1*02:02,China Hubei Han,0.0557,3732,4-digit
DRB1,DRB1*04:05,China Hubei Han,0.0494098819763952,3732,4-digit
DQB1,DQB1*04:01,China Hubei Han,0.0466,3732,4-digit
DQB1,DQB1*05:01,China Hubei Han,0.0449,3732,4-digit
DRB1,DRB1*03:01,China Hubei Han,0.0437087417483496,3732,4-digit
DQB1,DQB1*02:01,China Hubei Han,0.0437,3732,4-digit
DQB1,DQB1*05:03,China Hubei Han,0.0399,3732,4-digit
DRB1,DRB1*16:02,China Hubei Han,0.0358071614322864,3732,4-digit
DRB1,DRB1*14:54,China Hubei Han,0.035507101420284,3732,4-digit
DRB1,DRB1*13:02,China Hubei Han,0.0311062212442488,3732,4-digit
DRB1,DRB1*04:06,China Hubei Han,0.0296059211842368,3732,4-digit
DRB1,DRB1*12:01,China Hubei Han,0.0288057611522304,3732,4-digit
DRB1,DRB1*01:01,China Hubei Han,0.0212042408481696,3732,4-digit
DRB1,DRB1*14:05,China Hubei Han,0.0209041808361672,3732,4-digit
DQB1,DQB1*06:09,China Hubei Han,0.0204,3732,4-digit
DRB1,DRB1*15:02,China Hubei Han,0.0194038807761552,3732,4-digit
DRB1,DRB1*04:03,China Hubei Han,0.0186037207441488,3732,4-digit
DRB1,DRB1*10:01,China Hubei Han,0.0161032206441288,3732,4-digit
DRB1,DRB1*13:01,China Hubei Han,0.0118023604720944,3732,4-digit
DQB1,DQB1*06:03,China Hubei Han,0.0118,3732,4-digit
DQB1,DQB1*04:02,China Hubei Han,0.0113,3732,4-digit
DQB1,DQB1*06:04,China Hubei Han,0.0106,3732,4-digit
DRB1,DRB1*13:12,China Hubei Han,0.0098019603920784,3732,4-digit
DRB1,DRB1*04:04,China Hubei Han,0.0074014802960592,3732,4-digit
DRB1,DRB1*04:01,China Hubei Han,0.0074014802960592,3732,4-digit
DRB1,DRB1*14:04,China Hubei Han,0.0058011602320464,3732,4-digit
DRB1,DRB1*08:02,China Hubei Han,0.0054010802160432,3732,4-digit
DRB1,DRB1*14:03,China Hubei Han,0.0051010202040408,3732,4-digit
DRB1,DRB1*08:09,China Hubei Han,0.0033006601320264,3732,4-digit
DRB1,DRB1*11:04,China Hubei Han,0.0029005801160232,3732,4-digit
DRB1,DRB1*04:10,China Hubei Han,0.0027005401080216,3732,4-digit
DRB1,DRB1*01:02,China Hubei Han,0.0021004200840168,3732,4-digit
DRB1,DRB1*04:07,China Hubei Han,0.0017003400680136,3732,4-digit
DRB1,DRB1*04:02,China Hubei Han,0.0012002400480096,3732,4-digit
DRB1,DRB1*14:07,China Hubei Han,0.0011002200440088,3732,4-digit
DRB1,DRB1*15:04,China Hubei Han,0.0009001800360072,3732,4-digit
DQB1,DQB1*03:13,China Hubei Han,0.0008,3732,4-digit
DRB1,DRB1*14:18,China Hubei Han,0.0007001400280056,3732,4-digit
DRB1,DRB1*14:10,China Hubei Han,0.000500100020004,3732,4-digit
DQB1,DQB1*05:10,China Hubei Han,0.0005,3732,4-digit
DQB1,DQB1*03:05,China Hubei Han,0.0005,3732,4-digit
DRB1,DRB1*08:01,China Hubei Han,0.0004000800160032,3732,4-digit
DRB1,DRB1*04:08,China Hubei Han,0.0004000800160032,3732,4-digit
DRB1,DRB1*16:01,China Hubei Han,0.0004000800160032,3732,4-digit
DQB1,DQB1*06:10,China Hubei Han,0.0004,3732,4-digit
DRB1,DRB1*14:25,China Hubei Han,0.0003000600120024,3732,4-digit
DRB1,DRB1*11:28,China Hubei Han,0.0003000600120024,3732,4-digit
DRB1,DRB1*08:04,China Hubei Han,0.0003000600120024,3732,4-digit
DQB1,DQB1*03:04,China Hubei Han,0.0003,3732,4-digit
DQB1,DQB1*03:17,China Hubei Han,0.0003,3732,4-digit
DQB1,DQB1*03:34,China Hubei Han,0.0003,3732,4-digit
DRB1,DRB1*13:50,China Hubei Han,0.0001000200040008,3732,4-digit
DRB1,DRB1*14:12,China Hubei Han,0.0001000200040008,3732,4-digit
DRB1,DRB1*13:07,China Hubei Han,0.0001000200040008,3732,4-digit
DRB1,DRB1*13:03,China Hubei Han,0.0001000200040008,3732,4-digit
DRB1,DRB1*14:49,China Hubei Han,0.0001000200040008,3732,4-digit
DRB1,DRB1*11:20,China Hubei Han,0.0001000200040008,3732,4-digit
DRB1,DRB1*11:06,China Hubei Han,0.0001000200040008,3732,4-digit
DRB1,DRB1*14:02,China Hubei Han,0.0001000200040008,3732,4-digit
DQB1,DQB1*06:41,China Hubei Han,0.0001,3732,4-digit
DQB1,DQB1*03:38,China Hubei Han,0.0001,3732,4-digit
DQB1,DQB1*03:02,Colombia BogotÃ¡ Cord Blood,0.2245673702110633,1463,4-digit
DQB1,DQB1*03:01,Colombia BogotÃ¡ Cord Blood,0.1907572271681504,1463,4-digit
DQB1,DQB1*02:01,Colombia BogotÃ¡ Cord Blood,0.1459437831349404,1463,4-digit
DRB1,DRB1*04:07,Colombia BogotÃ¡ Cord Blood,0.1227122712271227,1463,4-digit
DQB1,DQB1*05:01,Colombia BogotÃ¡ Cord Blood,0.1169350805241572,1463,4-digit
DQB1,DQB1*04:02,Colombia BogotÃ¡ Cord Blood,0.1087326197859357,1463,4-digit
DRB1,DRB1*07:01,Colombia BogotÃ¡ Cord Blood,0.094009400940094,1463,4-digit
DQB1,DQB1*06:02,Colombia BogotÃ¡ Cord Blood,0.0707212163649094,1463,4-digit
DRB1,DRB1*08:02,Colombia BogotÃ¡ Cord Blood,0.0646064606460646,1463,4-digit
DRB1,DRB1*15:01,Colombia BogotÃ¡ Cord Blood,0.0578057805780578,1463,4-digit
DRB1,DRB1*03:01,Colombia BogotÃ¡ Cord Blood,0.0554055405540554,1463,4-digit
DRB1,DRB1*13:01,Colombia BogotÃ¡ Cord Blood,0.0465046504650465,1463,4-digit
DQB1,DQB1*06:03,Colombia BogotÃ¡ Cord Blood,0.0458137441232369,1463,4-digit
DRB1,DRB1*04:04,Colombia BogotÃ¡ Cord Blood,0.0444044404440444,1463,4-digit
DRB1,DRB1*16:02,Colombia BogotÃ¡ Cord Blood,0.0427042704270427,1463,4-digit
DRB1,DRB1*01:01,Colombia BogotÃ¡ Cord Blood,0.0403040304030403,1463,4-digit
DRB1,DRB1*01:02,Colombia BogotÃ¡ Cord Blood,0.0393039303930393,1463,4-digit
DRB1,DRB1*13:02,Colombia BogotÃ¡ Cord Blood,0.0386038603860386,1463,4-digit
DRB1,DRB1*14:02,Colombia BogotÃ¡ Cord Blood,0.0383038303830383,1463,4-digit
DRB1,DRB1*11:01,Colombia BogotÃ¡ Cord Blood,0.0332033203320332,1463,4-digit
DRB1,DRB1*04:05,Colombia BogotÃ¡ Cord Blood,0.0294029402940294,1463,4-digit
DQB1,DQB1*06:04,Colombia BogotÃ¡ Cord Blood,0.0236070821246373,1463,4-digit
DQB1,DQB1*03:03,Colombia BogotÃ¡ Cord Blood,0.0222066619985995,1463,4-digit
DRB1,DRB1*11:04,Colombia BogotÃ¡ Cord Blood,0.0198019801980198,1463,4-digit
DRB1,DRB1*04:11,Colombia BogotÃ¡ Cord Blood,0.0188018801880188,1463,4-digit
DRB1,DRB1*14:01,Colombia BogotÃ¡ Cord Blood,0.0185018501850185,1463,4-digit
DRB1,DRB1*10:01,Colombia BogotÃ¡ Cord Blood,0.0178017801780178,1463,4-digit
DQB1,DQB1*05:03,Colombia BogotÃ¡ Cord Blood,0.0174052215664699,1463,4-digit
DRB1,DRB1*03:02,Colombia BogotÃ¡ Cord Blood,0.0164016401640164,1463,4-digit
DRB1,DRB1*04:03,Colombia BogotÃ¡ Cord Blood,0.014001400140014,1463,4-digit
DRB1,DRB1*15:03,Colombia BogotÃ¡ Cord Blood,0.014001400140014,1463,4-digit
DRB1,DRB1*09:01,Colombia BogotÃ¡ Cord Blood,0.0137013701370137,1463,4-digit
DQB1,DQB1*06:09,Colombia BogotÃ¡ Cord Blood,0.0116034810443132,1463,4-digit
DRB1,DRB1*04:01,Colombia BogotÃ¡ Cord Blood,0.0116011601160116,1463,4-digit
DRB1,DRB1*12:01,Colombia BogotÃ¡ Cord Blood,0.0113011301130113,1463,4-digit
DRB1,DRB1*13:03,Colombia BogotÃ¡ Cord Blood,0.0106010601060106,1463,4-digit
DRB1,DRB1*04:02,Colombia BogotÃ¡ Cord Blood,0.0106010601060106,1463,4-digit
DRB1,DRB1*08:04,Colombia BogotÃ¡ Cord Blood,0.0103010301030103,1463,4-digit
DQB1,DQB1*05:02,Colombia BogotÃ¡ Cord Blood,0.0096028808642592,1463,4-digit
DRB1,DRB1*08:01,Colombia BogotÃ¡ Cord Blood,0.0096009600960096,1463,4-digit
DRB1,DRB1*11:02,Colombia BogotÃ¡ Cord Blood,0.0092009200920092,1463,4-digit
DQB1,DQB1*06:01,Colombia BogotÃ¡ Cord Blood,0.0085025507652295,1463,4-digit
DRB1,DRB1*15:02,Colombia BogotÃ¡ Cord Blood,0.0085008500850085,1463,4-digit
DRB1,DRB1*01:03,Colombia BogotÃ¡ Cord Blood,0.0082008200820082,1463,4-digit
DRB1,DRB1*16:01,Colombia BogotÃ¡ Cord Blood,0.0044004400440044,1463,4-digit
DRB1,DRB1*04:08,Colombia BogotÃ¡ Cord Blood,0.0041004100410041,1463,4-digit
DRB1,DRB1*13:04,Colombia BogotÃ¡ Cord Blood,0.0038003800380038,1463,4-digit
DRB1,DRB1*04:10,Colombia BogotÃ¡ Cord Blood,0.0034003400340034,1463,4-digit
DRB1,DRB1*13:05,Colombia BogotÃ¡ Cord Blood,0.0027002700270027,1463,4-digit
DRB1,DRB1*11:03,Colombia BogotÃ¡ Cord Blood,0.0021002100210021,1463,4-digit
DQB1,DQB1*03:04,Colombia BogotÃ¡ Cord Blood,0.0017005101530459,1463,4-digit
DRB1,DRB1*08:03,Colombia BogotÃ¡ Cord Blood,0.0017001700170017,1463,4-digit
DRB1,DRB1*08:06,Colombia BogotÃ¡ Cord Blood,0.0017001700170017,1463,4-digit
DRB1,DRB1*14:06,Colombia BogotÃ¡ Cord Blood,0.0014001400140014,1463,4-digit
DQB1,DQB1*03:05,Colombia BogotÃ¡ Cord Blood,0.001000300090027,1463,4-digit
DRB1,DRB1*07:11,Colombia BogotÃ¡ Cord Blood,0.0007000700070007,1463,4-digit
DRB1,DRB1*08:07,Colombia BogotÃ¡ Cord Blood,0.0007000700070007,1463,4-digit
DRB1,DRB1*04:06,Colombia BogotÃ¡ Cord Blood,0.0007000700070007,1463,4-digit
DQB1,DQB1*03:25,Colombia BogotÃ¡ Cord Blood,0.0003000900270081,1463,4-digit
DQB1,DQB1*05:04,Colombia BogotÃ¡ Cord Blood,0.0003000900270081,1463,4-digit
DQB1,DQB1*06:13,Colombia BogotÃ¡ Cord Blood,0.0003000900270081,1463,4-digit
DRB1,DRB1*14:183,Colombia BogotÃ¡ Cord Blood,0.0003000300030003,1463,4-digit
DRB1,DRB1*04:17,Colombia BogotÃ¡ Cord Blood,0.0003000300030003,1463,4-digit
DRB1,DRB1*11:14,Colombia BogotÃ¡ Cord Blood,0.0003000300030003,1463,4-digit
DRB1,DRB1*14:27,Colombia BogotÃ¡ Cord Blood,0.0003000300030003,1463,4-digit
DRB1,DRB1*14:17,Colombia BogotÃ¡ Cord Blood,0.0003000300030003,1463,4-digit
DRB1,DRB1*14:04,Colombia BogotÃ¡ Cord Blood,0.0003000300030003,1463,4-digit
DRB1,DRB1*13:40,Colombia BogotÃ¡ Cord Blood,0.0003000300030003,1463,4-digit
DRB1,DRB1*14:13,Colombia BogotÃ¡ Cord Blood,0.0003000300030003,1463,4-digit
DQB1,DQB1*03:01,Czech Republic NMDR,0.1924,5099,4-digit
DRB1,DRB1*07:01,Czech Republic NMDR,0.1427429028388644,5099,4-digit
DRB1,DRB1*15:01,Czech Republic NMDR,0.1310475809676129,5099,4-digit
DQB1,DQB1*06:02,Czech Republic NMDR,0.1283,5099,4-digit
DQB1,DQB1*02:01,Czech Republic NMDR,0.1148,5099,4-digit
DRB1,DRB1*03:01,Czech Republic NMDR,0.1078568572570971,5099,4-digit
DQB1,DQB1*02:02,Czech Republic NMDR,0.1078,5099,4-digit
DQB1,DQB1*05:01,Czech Republic NMDR,0.1029,5099,4-digit
DQB1,DQB1*03:02,Czech Republic NMDR,0.0871,5099,4-digit
DRB1,DRB1*01:01,Czech Republic NMDR,0.0805677728908436,5099,4-digit
DRB1,DRB1*11:01,Czech Republic NMDR,0.0775689724110356,5099,4-digit
DQB1,DQB1*06:03,Czech Republic NMDR,0.0773,5099,4-digit
DRB1,DRB1*13:01,Czech Republic NMDR,0.0740703718512595,5099,4-digit
DRB1,DRB1*04:01,Czech Republic NMDR,0.0590763694522191,5099,4-digit
DRB1,DRB1*11:04,Czech Republic NMDR,0.0466813274690123,5099,4-digit
DQB1,DQB1*03:03,Czech Republic NMDR,0.0421,5099,4-digit
DQB1,DQB1*05:02,Czech Republic NMDR,0.0415,5099,4-digit
DRB1,DRB1*16:01,Czech Republic NMDR,0.0358856457417033,5099,4-digit
DQB1,DQB1*04:02,Czech Republic NMDR,0.0322,5099,4-digit
DRB1,DRB1*13:02,Czech Republic NMDR,0.0300879648140743,5099,4-digit
DRB1,DRB1*08:01,Czech Republic NMDR,0.0290883646541383,5099,4-digit
DRB1,DRB1*04:04,Czech Republic NMDR,0.025889644142343,5099,4-digit
DQB1,DQB1*05:03,Czech Republic NMDR,0.0254,5099,4-digit
DQB1,DQB1*06:04,Czech Republic NMDR,0.0252,5099,4-digit
DRB1,DRB1*13:03,Czech Republic NMDR,0.0199920031987205,5099,4-digit
DRB1,DRB1*12:01,Czech Republic NMDR,0.0182926829268292,5099,4-digit
DRB1,DRB1*14:54,Czech Republic NMDR,0.0172930827668932,5099,4-digit
DRB1,DRB1*11:03,Czech Republic NMDR,0.0121951219512195,5099,4-digit
DRB1,DRB1*01:02,Czech Republic NMDR,0.0118952419032387,5099,4-digit
DRB1,DRB1*04:02,Czech Republic NMDR,0.010295881647341,5099,4-digit
DRB1,DRB1*10:01,Czech Republic NMDR,0.0089964014394242,5099,4-digit
DQB1,DQB1*06:01,Czech Republic NMDR,0.0089,5099,4-digit
DRB1,DRB1*04:03,Czech Republic NMDR,0.0081967213114754,5099,4-digit
DRB1,DRB1*15:02,Czech Republic NMDR,0.0079968012794882,5099,4-digit
DRB1,DRB1*09:01,Czech Republic NMDR,0.0060975609756097,5099,4-digit
DRB1,DRB1*04:08,Czech Republic NMDR,0.0053978408636545,5099,4-digit
DRB1,DRB1*04:07,Czech Republic NMDR,0.0051979208316673,5099,4-digit
DRB1,DRB1*14:01,Czech Republic NMDR,0.0043982407037185,5099,4-digit
DQB1,DQB1*06:09,Czech Republic NMDR,0.0041,5099,4-digit
DQB1,DQB1*03:04,Czech Republic NMDR,0.0038,5099,4-digit
DRB1,DRB1*04:05,Czech Republic NMDR,0.0030987604958016,5099,4-digit
DRB1,DRB1*11:02,Czech Republic NMDR,0.0025989604158336,5099,4-digit
DRB1,DRB1*14:04,Czech Republic NMDR,0.00249900039984,5099,4-digit
DRB1,DRB1*16:02,Czech Republic NMDR,0.0022990803678528,5099,4-digit
DRB1,DRB1*08:03,Czech Republic NMDR,0.001999200319872,5099,4-digit
DQB1,DQB1*03:19,Czech Republic NMDR,0.0019,5099,4-digit
DRB1,DRB1*01:03,Czech Republic NMDR,0.0017992802878848,5099,4-digit
DRB1,DRB1*08:04,Czech Republic NMDR,0.0016993202718912,5099,4-digit
DRB1,DRB1*13:05,Czech Republic NMDR,0.0016993202718912,5099,4-digit
DQB1,DQB1*05:04,Czech Republic NMDR,0.0016,5099,4-digit
DQB1,DQB1*03:05,Czech Republic NMDR,0.0014,5099,4-digit
DRB1,DRB1*04:06,Czech Republic NMDR,0.0006997201119552,5099,4-digit
DRB1,DRB1*12:02,Czech Republic NMDR,0.0005997600959616,5099,4-digit
DRB1,DRB1*03:04,Czech Republic NMDR,0.0005997600959616,5099,4-digit
DRB1,DRB1*08:02,Czech Republic NMDR,0.0005997600959616,5099,4-digit
DQB1,DQB1*06:39,Czech Republic NMDR,0.0004,5099,4-digit
DRB1,DRB1*11:15,Czech Republic NMDR,0.0003998400639744,5099,4-digit
DRB1,DRB1*14:20,Czech Republic NMDR,0.0003998400639744,5099,4-digit
DQB1,DQB1*02:03,Czech Republic NMDR,0.0003,5099,4-digit
DRB1,DRB1*14:05,Czech Republic NMDR,0.0002998800479808,5099,4-digit
DRB1,DRB1*11:12,Czech Republic NMDR,0.0001999200319872,5099,4-digit
DRB1,DRB1*15:04,Czech Republic NMDR,0.0001999200319872,5099,4-digit
DRB1,DRB1*13:49,Czech Republic NMDR,0.0001999200319872,5099,4-digit
DQB1,DQB1*03:12,Czech Republic NMDR,0.0001,5099,4-digit
DQB1,DQB1*06:14,Czech Republic NMDR,0.0001,5099,4-digit
DQB1,DQB1*03:08,Czech Republic NMDR,0.0001,5099,4-digit
DQB1,DQB1*06:28,Czech Republic NMDR,0.0001,5099,4-digit
DQB1,DQB1*06:07,Czech Republic NMDR,0.0001,5099,4-digit
DQB1,DQB1*06:13,Czech Republic NMDR,0.0001,5099,4-digit
DRB1,DRB1*11:14,Czech Republic NMDR,9.996001599360256e-05,5099,4-digit
DRB1,DRB1*11:29,Czech Republic NMDR,9.996001599360256e-05,5099,4-digit
DRB1,DRB1*15:06,Czech Republic NMDR,9.996001599360256e-05,5099,4-digit
DRB1,DRB1*11:43,Czech Republic NMDR,9.996001599360256e-05,5099,4-digit
DRB1,DRB1*03:06,Czech Republic NMDR,9.996001599360256e-05,5099,4-digit
DRB1,DRB1*08:06,Czech Republic NMDR,9.996001599360256e-05,5099,4-digit
DRB1,DRB1*14:07,Czech Republic NMDR,9.996001599360256e-05,5099,4-digit
DRB1,DRB1*14:03,Czech Republic NMDR,9.996001599360256e-05,5099,4-digit
DRB1,DRB1*11:18,Czech Republic NMDR,9.996001599360256e-05,5099,4-digit
DRB1,DRB1*13:17,Czech Republic NMDR,9.996001599360256e-05,5099,4-digit
DRB1,DRB1*13:15,Czech Republic NMDR,9.996001599360256e-05,5099,4-digit
DRB1,DRB1*13:06,Czech Republic NMDR,9.996001599360256e-05,5099,4-digit
DRB1,DRB1*12:11,Czech Republic NMDR,9.996001599360256e-05,5099,4-digit
DQB1,DQB1*03:01,Germany DKMS - Italy minority,0.2825282528252825,1159,4-digit
DQB1,DQB1*02:01,Germany DKMS - Italy minority,0.1898189818981898,1159,4-digit
DRB1,DRB1*07:01,Germany DKMS - Italy minority,0.1251375412623787,1159,4-digit
DRB1,DRB1*11:04,Germany DKMS - Italy minority,0.1087326197859357,1159,4-digit
DRB1,DRB1*11:01,Germany DKMS - Italy minority,0.1044313293988196,1159,4-digit
DQB1,DQB1*05:01,Germany DKMS - Italy minority,0.1001100110011001,1159,4-digit
DRB1,DRB1*03:01,Germany DKMS - Italy minority,0.088926678003401,1159,4-digit
DRB1,DRB1*15:01,Germany DKMS - Italy minority,0.0768230469140742,1159,4-digit
DQB1,DQB1*06:02,Germany DKMS - Italy minority,0.0664066406640664,1159,4-digit
DQB1,DQB1*03:02,Germany DKMS - Italy minority,0.0578057805780578,1159,4-digit
DQB1,DQB1*05:02,Germany DKMS - Italy minority,0.0557055705570557,1159,4-digit
DQB1,DQB1*05:03,Germany DKMS - Italy minority,0.0548054805480548,1159,4-digit
DRB1,DRB1*01:01,Germany DKMS - Italy minority,0.0544163248974692,1159,4-digit
DRB1,DRB1*13:02,Germany DKMS - Italy minority,0.0539161748524557,1159,4-digit
DRB1,DRB1*14:01,Germany DKMS - Italy minority,0.0526157847354206,1159,4-digit
DQB1,DQB1*06:03,Germany DKMS - Italy minority,0.0505050505050505,1159,4-digit
DRB1,DRB1*13:01,Germany DKMS - Italy minority,0.0470141042312693,1159,4-digit
DQB1,DQB1*06:04,Germany DKMS - Italy minority,0.0431043104310431,1159,4-digit
DQB1,DQB1*03:03,Germany DKMS - Italy minority,0.0393039303930393,1159,4-digit
DRB1,DRB1*16:01,Germany DKMS - Italy minority,0.0375112533760128,1159,4-digit
DRB1,DRB1*01:02,Germany DKMS - Italy minority,0.0263078923677103,1159,4-digit
DQB1,DQB1*04:02,Germany DKMS - Italy minority,0.0242024202420242,1159,4-digit
DRB1,DRB1*04:05,Germany DKMS - Italy minority,0.0198059417825347,1159,4-digit
DQB1,DQB1*06:01,Germany DKMS - Italy minority,0.0198019801980198,1159,4-digit
DRB1,DRB1*04:01,Germany DKMS - Italy minority,0.0194058217465239,1159,4-digit
DRB1,DRB1*15:02,Germany DKMS - Italy minority,0.0189056717015104,1159,4-digit
DRB1,DRB1*11:03,Germany DKMS - Italy minority,0.0181054316294888,1159,4-digit
DRB1,DRB1*04:02,Germany DKMS - Italy minority,0.0168050415124537,1159,4-digit
DRB1,DRB1*13:03,Germany DKMS - Italy minority,0.0164049214764429,1159,4-digit
DRB1,DRB1*12:01,Germany DKMS - Italy minority,0.0151045313594078,1159,4-digit
DRB1,DRB1*04:03,Germany DKMS - Italy minority,0.0138041412423727,1159,4-digit
DRB1,DRB1*10:01,Germany DKMS - Italy minority,0.0134040212063619,1159,4-digit
DRB1,DRB1*08:01,Germany DKMS - Italy minority,0.0132039611883565,1159,4-digit
DRB1,DRB1*04:04,Germany DKMS - Italy minority,0.0121036310893267,1159,4-digit
DQB1,DQB1*06:09,Germany DKMS - Italy minority,0.0082008200820082,1159,4-digit
DRB1,DRB1*08:04,Germany DKMS - Italy minority,0.0067020106031809,1159,4-digit
DRB1,DRB1*04:07,Germany DKMS - Italy minority,0.0065019505851755,1159,4-digit
DRB1,DRB1*09:01,Germany DKMS - Italy minority,0.0063018905671701,1159,4-digit
DRB1,DRB1*16:02,Germany DKMS - Italy minority,0.0048014404321296,1159,4-digit
DRB1,DRB1*14:04,Germany DKMS - Italy minority,0.0043012903871161,1159,4-digit
DQB1,DQB1*03:04,Germany DKMS - Italy minority,0.0039003900390039,1159,4-digit
DQB1,DQB1*03:05,Germany DKMS - Italy minority,0.003000300030003,1159,4-digit
DRB1,DRB1*13:05,Germany DKMS - Italy minority,0.0026007802340702,1159,4-digit
DRB1,DRB1*11:02,Germany DKMS - Italy minority,0.0026007802340702,1159,4-digit
DRB1,DRB1*08:03,Germany DKMS - Italy minority,0.0022006601980594,1159,4-digit
DRB1,DRB1*04:06,Germany DKMS - Italy minority,0.0017005101530459,1159,4-digit
DRB1,DRB1*03:02,Germany DKMS - Italy minority,0.0015004501350405,1159,4-digit
DRB1,DRB1*04:08,Germany DKMS - Italy minority,0.0013003901170351,1159,4-digit
DRB1,DRB1*01:03,Germany DKMS - Italy minority,0.0009002700810243,1159,4-digit
DRB1,DRB1*08:02,Germany DKMS - Italy minority,0.0007002100630189,1159,4-digit
DRB1,DRB1*03:14,Germany DKMS - Italy minority,0.0007002100630189,1159,4-digit
DRB1,DRB1*03:15,Germany DKMS - Italy minority,0.0007002100630189,1159,4-digit
DRB1,DRB1*03:03,Germany DKMS - Italy minority,0.0007002100630189,1159,4-digit
DRB1,DRB1*15:19,Germany DKMS - Italy minority,0.0005001500450135,1159,4-digit
DRB1,DRB1*10:02,Germany DKMS - Italy minority,0.0004001200360108,1159,4-digit
DRB1,DRB1*13:21,Germany DKMS - Italy minority,0.0004001200360108,1159,4-digit
DRB1,DRB1*04:10,Germany DKMS - Italy minority,0.0004001200360108,1159,4-digit
DRB1,DRB1*08:10,Germany DKMS - Italy minority,0.0004001200360108,1159,4-digit
DRB1,DRB1*15:03,Germany DKMS - Italy minority,0.0004001200360108,1159,4-digit
DRB1,DRB1*04:11,Germany DKMS - Italy minority,0.0004001200360108,1159,4-digit
DQB1,DQB1*05:04,Germany DKMS - Italy minority,0.0004000400040004,1159,4-digit
DQB1,DQB1*04:03,Germany DKMS - Italy minority,0.0004000400040004,1159,4-digit
DQB1,DQB1*03:01,Germany DKMS - Turkey minority,0.2732,4856,4-digit
DQB1,DQB1*02:01,Germany DKMS - Turkey minority,0.1646,4856,4-digit
DQB1,DQB1*03:02,Germany DKMS - Turkey minority,0.1139,4856,4-digit
DRB1,DRB1*11:04,Germany DKMS - Turkey minority,0.1072536268134067,4856,4-digit
DRB1,DRB1*07:01,Germany DKMS - Turkey minority,0.0959479739869935,4856,4-digit
DRB1,DRB1*11:01,Germany DKMS - Turkey minority,0.0869434717358679,4856,4-digit
DQB1,DQB1*05:01,Germany DKMS - Turkey minority,0.0869,4856,4-digit
DRB1,DRB1*03:01,Germany DKMS - Turkey minority,0.0822411205602801,4856,4-digit
DRB1,DRB1*15:01,Germany DKMS - Turkey minority,0.0667333666833416,4856,4-digit
DQB1,DQB1*05:02,Germany DKMS - Turkey minority,0.0663,4856,4-digit
DQB1,DQB1*06:03,Germany DKMS - Turkey minority,0.0574,4856,4-digit
DQB1,DQB1*05:03,Germany DKMS - Turkey minority,0.057,4856,4-digit
DRB1,DRB1*13:01,Germany DKMS - Turkey minority,0.0546273136568284,4856,4-digit
DQB1,DQB1*06:02,Germany DKMS - Turkey minority,0.0507,4856,4-digit
DRB1,DRB1*14:01,Germany DKMS - Turkey minority,0.0493246623311655,4856,4-digit
DRB1,DRB1*04:02,Germany DKMS - Turkey minority,0.049224612306153,4856,4-digit
DRB1,DRB1*01:01,Germany DKMS - Turkey minority,0.0460230115057528,4856,4-digit
DRB1,DRB1*16:01,Germany DKMS - Turkey minority,0.0434217108554277,4856,4-digit
DRB1,DRB1*04:03,Germany DKMS - Turkey minority,0.0423211605802901,4856,4-digit
DRB1,DRB1*13:02,Germany DKMS - Turkey minority,0.0357178589294647,4856,4-digit
DQB1,DQB1*06:04,Germany DKMS - Turkey minority,0.0301,4856,4-digit
DQB1,DQB1*06:01,Germany DKMS - Turkey minority,0.0285,4856,4-digit
DRB1,DRB1*15:02,Germany DKMS - Turkey minority,0.0260130065032516,4856,4-digit
DQB1,DQB1*03:03,Germany DKMS - Turkey minority,0.0248,4856,4-digit
DRB1,DRB1*04:01,Germany DKMS - Turkey minority,0.0222111055527763,4856,4-digit
DRB1,DRB1*04:04,Germany DKMS - Turkey minority,0.0220110055027513,4856,4-digit
DQB1,DQB1*04:02,Germany DKMS - Turkey minority,0.0217,4856,4-digit
DRB1,DRB1*01:02,Germany DKMS - Turkey minority,0.0206103051525762,4856,4-digit
DRB1,DRB1*10:01,Germany DKMS - Turkey minority,0.0198099049524762,4856,4-digit
DRB1,DRB1*12:01,Germany DKMS - Turkey minority,0.0156078039019509,4856,4-digit
DRB1,DRB1*13:03,Germany DKMS - Turkey minority,0.0149074537268634,4856,4-digit
DQB1,DQB1*03:05,Germany DKMS - Turkey minority,0.0142,4856,4-digit
DRB1,DRB1*08:03,Germany DKMS - Turkey minority,0.0107053526763381,4856,4-digit
DRB1,DRB1*04:05,Germany DKMS - Turkey minority,0.0105052526263131,4856,4-digit
DRB1,DRB1*11:03,Germany DKMS - Turkey minority,0.0103051525762881,4856,4-digit
DRB1,DRB1*08:01,Germany DKMS - Turkey minority,0.0102051025512756,4856,4-digit
DRB1,DRB1*09:01,Germany DKMS - Turkey minority,0.0088044022011005,4856,4-digit
DRB1,DRB1*04:07,Germany DKMS - Turkey minority,0.0072036018009004,4856,4-digit
DRB1,DRB1*16:02,Germany DKMS - Turkey minority,0.0070035017508754,4856,4-digit
DRB1,DRB1*14:04,Germany DKMS - Turkey minority,0.0057028514257128,4856,4-digit
DQB1,DQB1*06:09,Germany DKMS - Turkey minority,0.0051,4856,4-digit
DRB1,DRB1*08:04,Germany DKMS - Turkey minority,0.0047023511755877,4856,4-digit
DRB1,DRB1*13:05,Germany DKMS - Turkey minority,0.0045022511255627,4856,4-digit
DQB1,DQB1*03:04,Germany DKMS - Turkey minority,0.0035,4856,4-digit
DRB1,DRB1*04:08,Germany DKMS - Turkey minority,0.0028014007003501,4856,4-digit
DRB1,DRB1*12:02,Germany DKMS - Turkey minority,0.0023011505752876,4856,4-digit
DRB1,DRB1*04:06,Germany DKMS - Turkey minority,0.0019009504752376,4856,4-digit
DRB1,DRB1*14:05,Germany DKMS - Turkey minority,0.001400700350175,4856,4-digit
DQB1,DQB1*04:01,Germany DKMS - Turkey minority,0.0013,4856,4-digit
DRB1,DRB1*14:07,Germany DKMS - Turkey minority,0.00120060030015,4856,4-digit
DRB1,DRB1*14:06,Germany DKMS - Turkey minority,0.0011005502751375,4856,4-digit
DRB1,DRB1*04:10,Germany DKMS - Turkey minority,0.0008004002001,4856,4-digit
DRB1,DRB1*08:02,Germany DKMS - Turkey minority,0.0008004002001,4856,4-digit
DRB1,DRB1*11:12,Germany DKMS - Turkey minority,0.0007003501750875,4856,4-digit
DRB1,DRB1*14:03,Germany DKMS - Turkey minority,0.0007003501750875,4856,4-digit
DQB1,DQB1*05:04,Germany DKMS - Turkey minority,0.0007,4856,4-digit
DRB1,DRB1*15:03,Germany DKMS - Turkey minority,0.0005002501250625,4856,4-digit
DRB1,DRB1*14:12,Germany DKMS - Turkey minority,0.00040020010005,4856,4-digit
DRB1,DRB1*15:19,Germany DKMS - Turkey minority,0.00040020010005,4856,4-digit
DRB1,DRB1*16:05,Germany DKMS - Turkey minority,0.00040020010005,4856,4-digit
DRB1,DRB1*03:02,Germany DKMS - Turkey minority,0.00040020010005,4856,4-digit
DRB1,DRB1*13:11,Germany DKMS - Turkey minority,0.0003001500750375,4856,4-digit
DRB1,DRB1*13:54,Germany DKMS - Turkey minority,0.0003001500750375,4856,4-digit
DRB1,DRB1*04:13,Germany DKMS - Turkey minority,0.0003001500750375,4856,4-digit
DRB1,DRB1*11:15,Germany DKMS - Turkey minority,0.0003001500750375,4856,4-digit
DRB1,DRB1*11:42,Germany DKMS - Turkey minority,0.000200100050025,4856,4-digit
DRB1,DRB1*11:11,Germany DKMS - Turkey minority,0.000200100050025,4856,4-digit
DRB1,DRB1*15:06,Germany DKMS - Turkey minority,0.000200100050025,4856,4-digit
DRB1,DRB1*11:06,Germany DKMS - Turkey minority,0.000200100050025,4856,4-digit
DRB1,DRB1*11:02,Germany DKMS - Turkey minority,0.000200100050025,4856,4-digit
DRB1,DRB1*09:07,Germany DKMS - Turkey minority,0.000200100050025,4856,4-digit
DRB1,DRB1*11:08,Germany DKMS - Turkey minority,0.0001000500250125,4856,4-digit
DRB1,DRB1*14:02,Germany DKMS - Turkey minority,0.0001000500250125,4856,4-digit
DRB1,DRB1*13:07,Germany DKMS - Turkey minority,0.0001000500250125,4856,4-digit
DRB1,DRB1*08:34,Germany DKMS - Turkey minority,0.0001000500250125,4856,4-digit
DRB1,DRB1*14:33,Germany DKMS - Turkey minority,0.0001000500250125,4856,4-digit
DRB1,DRB1*08:10,Germany DKMS - Turkey minority,0.0001000500250125,4856,4-digit
DRB1,DRB1*11:35,Germany DKMS - Turkey minority,0.0001000500250125,4856,4-digit
DRB1,DRB1*03:37,Germany DKMS - Turkey minority,0.0001000500250125,4856,4-digit
DRB1,DRB1*15:04,Germany DKMS - Turkey minority,0.0001000500250125,4856,4-digit
DRB1,DRB1*13:14,Germany DKMS - Turkey minority,0.0001000500250125,4856,4-digit
DRB1,DRB1*03:05,Germany DKMS - Turkey minority,0.0001000500250125,4856,4-digit
DRB1,DRB1*13:10,Germany DKMS - Turkey minority,0.0001000500250125,4856,4-digit
DQB1,DQB1*04:03,Germany DKMS - Turkey minority,0.0001,4856,4-digit
DQB1,DQB1*06:01,India Tamil Nadu,0.1772177217721772,2492,4-digit
DRB1,DRB1*07:01,India Tamil Nadu,0.1768176817681768,2492,4-digit
DQB1,DQB1*02:01,India Tamil Nadu,0.1445144514451445,2492,4-digit
DQB1,DQB1*03:02,India Tamil Nadu,0.1203120312031203,2492,4-digit
DRB1,DRB1*15:01,India Tamil Nadu,0.1184118411841184,2492,4-digit
DQB1,DQB1*05:01,India Tamil Nadu,0.1084108410841084,2492,4-digit
DQB1,DQB1*03:01,India Tamil Nadu,0.1012101210121012,2492,4-digit
DQB1,DQB1*05:03,India Tamil Nadu,0.0967096709670967,2492,4-digit
DRB1,DRB1*04:03,India Tamil Nadu,0.0935093509350935,2492,4-digit
DQB1,DQB1*03:03,India Tamil Nadu,0.0904090409040904,2492,4-digit
DRB1,DRB1*15:02,India Tamil Nadu,0.0883088308830883,2492,4-digit
DRB1,DRB1*10:01,India Tamil Nadu,0.0848084808480848,2492,4-digit
DRB1,DRB1*13:01,India Tamil Nadu,0.0799079907990799,2492,4-digit
DQB1,DQB1*06:03,India Tamil Nadu,0.0795079507950795,2492,4-digit
DRB1,DRB1*14:04,India Tamil Nadu,0.0766076607660766,2492,4-digit
DRB1,DRB1*03:01,India Tamil Nadu,0.0592059205920592,2492,4-digit
DRB1,DRB1*11:01,India Tamil Nadu,0.0396039603960396,2492,4-digit
DRB1,DRB1*13:02,India Tamil Nadu,0.0265026502650265,2492,4-digit
DRB1,DRB1*12:02,India Tamil Nadu,0.026002600260026,2492,4-digit
DQB1,DQB1*06:02,India Tamil Nadu,0.0195019501950195,2492,4-digit
DRB1,DRB1*01:01,India Tamil Nadu,0.0195019501950195,2492,4-digit
DQB1,DQB1*04:02,India Tamil Nadu,0.0141014101410141,2492,4-digit
DQB1,DQB1*06:04,India Tamil Nadu,0.0137013701370137,2492,4-digit
DQB1,DQB1*05:02,India Tamil Nadu,0.0135013501350135,2492,4-digit
DRB1,DRB1*04:04,India Tamil Nadu,0.0128012801280128,2492,4-digit
DRB1,DRB1*08:03,India Tamil Nadu,0.0122012201220122,2492,4-digit
DQB1,DQB1*06:09,India Tamil Nadu,0.0105010501050105,2492,4-digit
DRB1,DRB1*04:01,India Tamil Nadu,0.0095009500950095,2492,4-digit
DRB1,DRB1*14:01,India Tamil Nadu,0.007000700070007,2492,4-digit
DRB1,DRB1*12:01,India Tamil Nadu,0.0067006700670067,2492,4-digit
DRB1,DRB1*08:02,India Tamil Nadu,0.0063006300630063,2492,4-digit
DRB1,DRB1*09:01,India Tamil Nadu,0.0052005200520052,2492,4-digit
DRB1,DRB1*11:04,India Tamil Nadu,0.0047004700470047,2492,4-digit
DRB1,DRB1*04:08,India Tamil Nadu,0.0046004600460046,2492,4-digit
DRB1,DRB1*15:06,India Tamil Nadu,0.0039003900390039,2492,4-digit
DRB1,DRB1*04:05,India Tamil Nadu,0.0039003900390039,2492,4-digit
DRB1,DRB1*04:10,India Tamil Nadu,0.0034003400340034,2492,4-digit
DRB1,DRB1*04:06,India Tamil Nadu,0.003000300030003,2492,4-digit
DQB1,DQB1*06:05,India Tamil Nadu,0.0029002900290029,2492,4-digit
DRB1,DRB1*14:15,India Tamil Nadu,0.0027002700270027,2492,4-digit
DRB1,DRB1*16:02,India Tamil Nadu,0.0025002500250025,2492,4-digit
DRB1,DRB1*14:07,India Tamil Nadu,0.002000200020002,2492,4-digit
DRB1,DRB1*10:02,India Tamil Nadu,0.002000200020002,2492,4-digit
DQB1,DQB1*02:07,India Tamil Nadu,0.0019001900190019,2492,4-digit
DRB1,DRB1*04:02,India Tamil Nadu,0.0018001800180018,2492,4-digit
DRB1,DRB1*15:04,India Tamil Nadu,0.0017001700170017,2492,4-digit
DRB1,DRB1*01:02,India Tamil Nadu,0.0012001200120012,2492,4-digit
DRB1,DRB1*11:11,India Tamil Nadu,0.0011001100110011,2492,4-digit
DRB1,DRB1*14:02,India Tamil Nadu,0.001000100010001,2492,4-digit
DQB1,DQB1*05:04,India Tamil Nadu,0.001000100010001,2492,4-digit
DRB1,DRB1*11:06,India Tamil Nadu,0.0009000900090009,2492,4-digit
DQB1,DQB1*03:05,India Tamil Nadu,0.0008000800080008,2492,4-digit
DRB1,DRB1*08:04,India Tamil Nadu,0.0008000800080008,2492,4-digit
DRB1,DRB1*03:02,India Tamil Nadu,0.0008000800080008,2492,4-digit
DRB1,DRB1*13:03,India Tamil Nadu,0.0008000800080008,2492,4-digit
DRB1,DRB1*11:08,India Tamil Nadu,0.0008000800080008,2492,4-digit
DRB1,DRB1*15:03,India Tamil Nadu,0.0006000600060006,2492,4-digit
DQB1,DQB1*06:48,India Tamil Nadu,0.0006000600060006,2492,4-digit
DQB1,DQB1*06:140,India Tamil Nadu,0.0006000600060006,2492,4-digit
DRB1,DRB1*15:91,India Tamil Nadu,0.0006000600060006,2492,4-digit
DQB1,DQB1*02:03,India Tamil Nadu,0.0005000500050005,2492,4-digit
DRB1,DRB1*04:41,India Tamil Nadu,0.0005000500050005,2492,4-digit
DQB1,DQB1*02:05,India Tamil Nadu,0.0004000400040004,2492,4-digit
DQB1,DQB1*02:30,India Tamil Nadu,0.0004000400040004,2492,4-digit
DRB1,DRB1*14:10,India Tamil Nadu,0.0004000400040004,2492,4-digit
DRB1,DRB1*04:07,India Tamil Nadu,0.0004000400040004,2492,4-digit
DRB1,DRB1*07:14,India Tamil Nadu,0.0004000400040004,2492,4-digit
DRB1,DRB1*08:01,India Tamil Nadu,0.0004000400040004,2492,4-digit
DQB1,DQB1*06:08,India Tamil Nadu,0.0004000400040004,2492,4-digit
DRB1,DRB1*04:35,India Tamil Nadu,0.0004000400040004,2492,4-digit
DRB1,DRB1*11:66,India Tamil Nadu,0.0004000400040004,2492,4-digit
DQB1,DQB1*04:01,India Tamil Nadu,0.0003000300030003,2492,4-digit
DRB1,DRB1*16:01,India Tamil Nadu,0.0003000300030003,2492,4-digit
DRB1,DRB1*14:21,India Tamil Nadu,0.0003000300030003,2492,4-digit
DRB1,DRB1*14:33,India Tamil Nadu,0.0003000300030003,2492,4-digit
DRB1,DRB1*03:05,India Tamil Nadu,0.0003000300030003,2492,4-digit
DRB1,DRB1*10:03,India Tamil Nadu,0.0002000200020002,2492,4-digit
DRB1,DRB1*15:69,India Tamil Nadu,0.0002000200020002,2492,4-digit
DRB1,DRB1*15:15,India Tamil Nadu,0.0002000200020002,2492,4-digit
DRB1,DRB1*15:07,India Tamil Nadu,0.0002000200020002,2492,4-digit
DRB1,DRB1*03:30,India Tamil Nadu,0.0002000200020002,2492,4-digit
DQB1,DQB1*03:30,India Tamil Nadu,0.0002000200020002,2492,4-digit
DRB1,DRB1*11:03,India Tamil Nadu,0.0002000200020002,2492,4-digit
DRB1,DRB1*14:31,India Tamil Nadu,0.0002000200020002,2492,4-digit
DQB1,DQB1*03:04,India Tamil Nadu,0.0002000200020002,2492,4-digit
DRB1,DRB1*11:143,India Tamil Nadu,0.0002000200020002,2492,4-digit
DRB1,DRB1*14:05,India Tamil Nadu,0.0002000200020002,2492,4-digit
DQB1,DQB1*06:07,India Tamil Nadu,0.0002000200020002,2492,4-digit
DRB1,DRB1*14:03,India Tamil Nadu,0.0002000200020002,2492,4-digit
DRB1,DRB1*14:126,India Tamil Nadu,0.0002000200020002,2492,4-digit
DQB1,DQB1*03:01,Netherlands Leiden,0.1571571571571571,1305,4-digit
DRB1,DRB1*15:01,Netherlands Leiden,0.1492985971943887,1305,4-digit
DQB1,DQB1*06:02,Netherlands Leiden,0.1451451451451451,1305,4-digit
DQB1,DQB1*02:01,Netherlands Leiden,0.1391391391391391,1305,4-digit
DRB1,DRB1*03:01,Netherlands Leiden,0.1362725450901803,1305,4-digit
DQB1,DQB1*05:01,Netherlands Leiden,0.1361361361361361,1305,4-digit
DQB1,DQB1*03:02,Netherlands Leiden,0.1111111111111111,1305,4-digit
DRB1,DRB1*07:01,Netherlands Leiden,0.1072144288577154,1305,4-digit
DRB1,DRB1*01:01,Netherlands Leiden,0.1072144288577154,1305,4-digit
DRB1,DRB1*04:01,Netherlands Leiden,0.0971943887775551,1305,4-digit
DQB1,DQB1*02:02,Netherlands Leiden,0.072072072072072,1305,4-digit
DQB1,DQB1*06:03,Netherlands Leiden,0.065065065065065,1305,4-digit
DRB1,DRB1*13:01,Netherlands Leiden,0.0621242484969939,1305,4-digit
DRB1,DRB1*11:01,Netherlands Leiden,0.0581162324649298,1305,4-digit
DRB1,DRB1*13:02,Netherlands Leiden,0.0480961923847695,1305,4-digit
DQB1,DQB1*06:04,Netherlands Leiden,0.042042042042042,1305,4-digit
DQB1,DQB1*03:03,Netherlands Leiden,0.04004004004004,1305,4-digit
DRB1,DRB1*04:04,Netherlands Leiden,0.0380761523046092,1305,4-digit
DQB1,DQB1*05:03,Netherlands Leiden,0.034034034034034,1305,4-digit
DRB1,DRB1*14:54,Netherlands Leiden,0.033066132264529,1305,4-digit
DRB1,DRB1*08:01,Netherlands Leiden,0.0260521042084168,1305,4-digit
DQB1,DQB1*04:02,Netherlands Leiden,0.026026026026026,1305,4-digit
DRB1,DRB1*11:04,Netherlands Leiden,0.0180360721442885,1305,4-digit
DRB1,DRB1*10:01,Netherlands Leiden,0.0160320641282565,1305,4-digit
DRB1,DRB1*12:01,Netherlands Leiden,0.0160320641282565,1305,4-digit
DQB1,DQB1*05:02,Netherlands Leiden,0.013013013013013,1305,4-digit
DRB1,DRB1*16:01,Netherlands Leiden,0.0110220440881763,1305,4-digit
DRB1,DRB1*04:07,Netherlands Leiden,0.0090180360721442,1305,4-digit
DRB1,DRB1*09:01,Netherlands Leiden,0.0090180360721442,1305,4-digit
DRB1,DRB1*04:03,Netherlands Leiden,0.0080160320641282,1305,4-digit
DRB1,DRB1*01:02,Netherlands Leiden,0.0080160320641282,1305,4-digit
DRB1,DRB1*13:03,Netherlands Leiden,0.0070140280561122,1305,4-digit
DQB1,DQB1*06:09,Netherlands Leiden,0.007007007007007,1305,4-digit
DRB1,DRB1*15:02,Netherlands Leiden,0.0050100200400801,1305,4-digit
DQB1,DQB1*06:01,Netherlands Leiden,0.005005005005005,1305,4-digit
DRB1,DRB1*01:03,Netherlands Leiden,0.0040080160320641,1305,4-digit
DRB1,DRB1*04:08,Netherlands Leiden,0.0040080160320641,1305,4-digit
DRB1,DRB1*04:02,Netherlands Leiden,0.0040080160320641,1305,4-digit
DRB1,DRB1*04:05,Netherlands Leiden,0.003006012024048,1305,4-digit
DRB1,DRB1*11:03,Netherlands Leiden,0.003006012024048,1305,4-digit
DQB1,DQB1*03:04,Netherlands Leiden,0.003003003003003,1305,4-digit
DRB1,DRB1*08:03,Netherlands Leiden,0.002004008016032,1305,4-digit
DRB1,DRB1*12:02,Netherlands Leiden,0.002004008016032,1305,4-digit
DRB1,DRB1*08:04,Netherlands Leiden,0.002004008016032,1305,4-digit
DQB1,DQB1*05:04,Netherlands Leiden,0.002002002002002,1305,4-digit
DRB1,DRB1*13:05,Netherlands Leiden,0.001002004008016,1305,4-digit
DRB1,DRB1*14:01,Netherlands Leiden,0.001002004008016,1305,4-digit
DRB1,DRB1*14:04,Netherlands Leiden,0.001002004008016,1305,4-digit
DRB1,DRB1*11:02,Netherlands Leiden,0.001002004008016,1305,4-digit
DRB1,DRB1*15:03,Netherlands Leiden,0.001002004008016,1305,4-digit
DRB1,DRB1*08:02,Netherlands Leiden,0.001002004008016,1305,4-digit
DQB1,DQB1*03:19,Netherlands Leiden,0.001001001001001,1305,4-digit
DQB1,DQB1*03:05,Netherlands Leiden,0.001001001001001,1305,4-digit
DQB1,DQB1*03:01,"Russia Nizhny Novgorod, Russians",0.2052794720527947,1510,4-digit
DQB1,DQB1*05:01,"Russia Nizhny Novgorod, Russians",0.1413858614138586,1510,4-digit
DRB1,DRB1*07:01,"Russia Nizhny Novgorod, Russians",0.1357575757575757,1510,4-digit
DRB1,DRB1*15:01,"Russia Nizhny Novgorod, Russians",0.1338383838383838,1510,4-digit
DQB1,DQB1*06:02,"Russia Nizhny Novgorod, Russians",0.1267873212678732,1510,4-digit
DRB1,DRB1*01:01,"Russia Nizhny Novgorod, Russians",0.1177777777777777,1510,4-digit
DQB1,DQB1*02:02,"Russia Nizhny Novgorod, Russians",0.095990400959904,1510,4-digit
DQB1,DQB1*02:01,"Russia Nizhny Novgorod, Russians",0.0817918208179182,1510,4-digit
DRB1,DRB1*03:01,"Russia Nizhny Novgorod, Russians",0.0809090909090909,1510,4-digit
DQB1,DQB1*03:02,"Russia Nizhny Novgorod, Russians",0.0790920907909209,1510,4-digit
DRB1,DRB1*11:01,"Russia Nizhny Novgorod, Russians",0.0675757575757575,1510,4-digit
DQB1,DQB1*06:03,"Russia Nizhny Novgorod, Russians",0.0658934106589341,1510,4-digit
DRB1,DRB1*13:01,"Russia Nizhny Novgorod, Russians",0.0609090909090909,1510,4-digit
DQB1,DQB1*03:03,"Russia Nizhny Novgorod, Russians",0.0565943405659434,1510,4-digit
DQB1,DQB1*05:02,"Russia Nizhny Novgorod, Russians",0.047995200479952,1510,4-digit
DRB1,DRB1*04:01,"Russia Nizhny Novgorod, Russians",0.0451515151515151,1510,4-digit
DRB1,DRB1*16:01,"Russia Nizhny Novgorod, Russians",0.0438383838383838,1510,4-digit
DRB1,DRB1*11:04,"Russia Nizhny Novgorod, Russians",0.0431313131313131,1510,4-digit
DRB1,DRB1*13:03,"Russia Nizhny Novgorod, Russians",0.0337373737373737,1510,4-digit
DQB1,DQB1*04:02,"Russia Nizhny Novgorod, Russians",0.0314968503149685,1510,4-digit
DRB1,DRB1*08:01,"Russia Nizhny Novgorod, Russians",0.0304040404040404,1510,4-digit
DRB1,DRB1*04:04,"Russia Nizhny Novgorod, Russians",0.029090909090909,1510,4-digit
DRB1,DRB1*13:02,"Russia Nizhny Novgorod, Russians",0.026060606060606,1510,4-digit
DQB1,DQB1*06:04,"Russia Nizhny Novgorod, Russians",0.0194980501949805,1510,4-digit
DRB1,DRB1*12:01,"Russia Nizhny Novgorod, Russians",0.0186868686868686,1510,4-digit
DQB1,DQB1*05:03,"Russia Nizhny Novgorod, Russians",0.0175982401759824,1510,4-digit
DRB1,DRB1*09:01,"Russia Nizhny Novgorod, Russians",0.0163636363636363,1510,4-digit
DRB1,DRB1*01:02,"Russia Nizhny Novgorod, Russians",0.0157575757575757,1510,4-digit
DRB1,DRB1*15:02,"Russia Nizhny Novgorod, Russians",0.0127272727272727,1510,4-digit
DRB1,DRB1*04:02,"Russia Nizhny Novgorod, Russians",0.0127272727272727,1510,4-digit
DQB1,DQB1*06:01,"Russia Nizhny Novgorod, Russians",0.0122987701229877,1510,4-digit
DRB1,DRB1*14:54,"Russia Nizhny Novgorod, Russians",0.0114141414141414,1510,4-digit
DRB1,DRB1*10:01,"Russia Nizhny Novgorod, Russians",0.0107070707070707,1510,4-digit
DRB1,DRB1*11:03,"Russia Nizhny Novgorod, Russians",0.0093939393939393,1510,4-digit
DRB1,DRB1*04:03,"Russia Nizhny Novgorod, Russians",0.0083838383838383,1510,4-digit
DRB1,DRB1*04:08,"Russia Nizhny Novgorod, Russians",0.006060606060606,1510,4-digit
DQB1,DQB1*06:09,"Russia Nizhny Novgorod, Russians",0.005999400059994,1510,4-digit
DRB1,DRB1*04:07,"Russia Nizhny Novgorod, Russians",0.0056565656565656,1510,4-digit
DQB1,DQB1*03:05,"Russia Nizhny Novgorod, Russians",0.0052994700529947,1510,4-digit
DRB1,DRB1*14:01,"Russia Nizhny Novgorod, Russians",0.0046464646464646,1510,4-digit
DQB1,DQB1*03:04,"Russia Nizhny Novgorod, Russians",0.003999600039996,1510,4-digit
DRB1,DRB1*04:05,"Russia Nizhny Novgorod, Russians",0.0033333333333333,1510,4-digit
DRB1,DRB1*13:05,"Russia Nizhny Novgorod, Russians",0.0027272727272727,1510,4-digit
DRB1,DRB1*08:03,"Russia Nizhny Novgorod, Russians",0.0027272727272727,1510,4-digit
DQB1,DQB1*05:04,"Russia Nizhny Novgorod, Russians",0.0026997300269973,1510,4-digit
DRB1,DRB1*14:04,"Russia Nizhny Novgorod, Russians",0.002020202020202,1510,4-digit
DRB1,DRB1*12:02,"Russia Nizhny Novgorod, Russians",0.0013131313131313,1510,4-digit
DRB1,DRB1*01:03,"Russia Nizhny Novgorod, Russians",0.0013131313131313,1510,4-digit
DRB1,DRB1*04:10,"Russia Nizhny Novgorod, Russians",0.001010101010101,1510,4-digit
DRB1,DRB1*16:02,"Russia Nizhny Novgorod, Russians",0.001010101010101,1510,4-digit
DRB1,DRB1*04:06,"Russia Nizhny Novgorod, Russians",0.0007070707070707,1510,4-digit
DRB1,DRB1*14:07,"Russia Nizhny Novgorod, Russians",0.0007070707070707,1510,4-digit
DRB1,DRB1*11:28,"Russia Nizhny Novgorod, Russians",0.0003030303030303,1510,4-digit
DRB1,DRB1*08:02,"Russia Nizhny Novgorod, Russians",0.0003030303030303,1510,4-digit
DRB1,DRB1*14:02,"Russia Nizhny Novgorod, Russians",0.0003030303030303,1510,4-digit
DRB1,DRB1*14:05,"Russia Nizhny Novgorod, Russians",0.0003030303030303,1510,4-digit
DRB1,DRB1*14:12,"Russia Nizhny Novgorod, Russians",0.0003030303030303,1510,4-digit
DRB1,DRB1*03:02,"Russia Nizhny Novgorod, Russians",0.0003030303030303,1510,4-digit
DRB1,DRB1*15:03,"Russia Nizhny Novgorod, Russians",0.0003030303030303,1510,4-digit
DRB1,DRB1*13:15,"Russia Nizhny Novgorod, Russians",0.0003030303030303,1510,4-digit
DQB1,DQB1*03:30,"Russia Nizhny Novgorod, Russians",0.0002999700029997,1510,4-digit
DQB1,DQB1*03:01,"Spain (Catalunya, Navarra, Extremadura, AaragÃ³n, Cantabria,",0.1810905452726363,4335,4-digit
DRB1,DRB1*07:01,"Spain (Catalunya, Navarra, Extremadura, AaragÃ³n, Cantabria,",0.1696848424212106,4335,4-digit
DQB1,DQB1*02:02,"Spain (Catalunya, Navarra, Extremadura, AaragÃ³n, Cantabria,",0.1481740870435217,4335,4-digit
DQB1,DQB1*02:01,"Spain (Catalunya, Navarra, Extremadura, AaragÃ³n, Cantabria,",0.1303651825912956,4335,4-digit
DQB1,DQB1*05:01,"Spain (Catalunya, Navarra, Extremadura, AaragÃ³n, Cantabria,",0.1283641820910455,4335,4-digit
DRB1,DRB1*03:01,"Spain (Catalunya, Navarra, Extremadura, AaragÃ³n, Cantabria,",0.1279639819909955,4335,4-digit
DQB1,DQB1*03:02,"Spain (Catalunya, Navarra, Extremadura, AaragÃ³n, Cantabria,",0.0866433216608304,4335,4-digit
DRB1,DRB1*15:01,"Spain (Catalunya, Navarra, Extremadura, AaragÃ³n, Cantabria,",0.0818409204602301,4335,4-digit
DQB1,DQB1*06:02,"Spain (Catalunya, Navarra, Extremadura, AaragÃ³n, Cantabria,",0.0785392696348174,4335,4-digit
DQB1,DQB1*06:03,"Spain (Catalunya, Navarra, Extremadura, AaragÃ³n, Cantabria,",0.0736368184092046,4335,4-digit
DRB1,DRB1*01:01,"Spain (Catalunya, Navarra, Extremadura, AaragÃ³n, Cantabria,",0.072336168084042,4335,4-digit
DRB1,DRB1*13:01,"Spain (Catalunya, Navarra, Extremadura, AaragÃ³n, Cantabria,",0.071935967983992,4335,4-digit
DRB1,DRB1*11:01,"Spain (Catalunya, Navarra, Extremadura, AaragÃ³n, Cantabria,",0.0626313156578289,4335,4-digit
DRB1,DRB1*11:04,"Spain (Catalunya, Navarra, Extremadura, AaragÃ³n, Cantabria,",0.040520260130065,4335,4-digit
DRB1,DRB1*13:02,"Spain (Catalunya, Navarra, Extremadura, AaragÃ³n, Cantabria,",0.0391195597798899,4335,4-digit
DQB1,DQB1*04:02,"Spain (Catalunya, Navarra, Extremadura, AaragÃ³n, Cantabria,",0.0311155577788894,4335,4-digit
DRB1,DRB1*04:04,"Spain (Catalunya, Navarra, Extremadura, AaragÃ³n, Cantabria,",0.0293146573286643,4335,4-digit
DQB1,DQB1*03:03,"Spain (Catalunya, Navarra, Extremadura, AaragÃ³n, Cantabria,",0.0288144072036018,4335,4-digit
DQB1,DQB1*06:04,"Spain (Catalunya, Navarra, Extremadura, AaragÃ³n, Cantabria,",0.0279139569784892,4335,4-digit
DRB1,DRB1*01:02,"Spain (Catalunya, Navarra, Extremadura, AaragÃ³n, Cantabria,",0.0275137568784392,4335,4-digit
DQB1,DQB1*05:03,"Spain (Catalunya, Navarra, Extremadura, AaragÃ³n, Cantabria,",0.0270135067533766,4335,4-digit
DRB1,DRB1*04:01,"Spain (Catalunya, Navarra, Extremadura, AaragÃ³n, Cantabria,",0.0264132066033016,4335,4-digit
DQB1,DQB1*05:02,"Spain (Catalunya, Navarra, Extremadura, AaragÃ³n, Cantabria,",0.0228114057028514,4335,4-digit
DRB1,DRB1*08:01,"Spain (Catalunya, Navarra, Extremadura, AaragÃ³n, Cantabria,",0.0219109554777388,4335,4-digit
DRB1,DRB1*14:54,"Spain (Catalunya, Navarra, Extremadura, AaragÃ³n, Cantabria,",0.0213106553276638,4335,4-digit
DRB1,DRB1*04:05,"Spain (Catalunya, Navarra, Extremadura, AaragÃ³n, Cantabria,",0.0183091545772886,4335,4-digit
DRB1,DRB1*04:02,"Spain (Catalunya, Navarra, Extremadura, AaragÃ³n, Cantabria,",0.0182091045522761,4335,4-digit
DRB1,DRB1*16:01,"Spain (Catalunya, Navarra, Extremadura, AaragÃ³n, Cantabria,",0.017208604302151,4335,4-digit
DRB1,DRB1*13:03,"Spain (Catalunya, Navarra, Extremadura, AaragÃ³n, Cantabria,",0.0163081540770385,4335,4-digit
DRB1,DRB1*04:03,"Spain (Catalunya, Navarra, Extremadura, AaragÃ³n, Cantabria,",0.0158079039519759,4335,4-digit
DRB1,DRB1*11:02,"Spain (Catalunya, Navarra, Extremadura, AaragÃ³n, Cantabria,",0.0151075537768884,4335,4-digit
DRB1,DRB1*12:01,"Spain (Catalunya, Navarra, Extremadura, AaragÃ³n, Cantabria,",0.0141070535267633,4335,4-digit
DRB1,DRB1*10:01,"Spain (Catalunya, Navarra, Extremadura, AaragÃ³n, Cantabria,",0.0140070035017508,4335,4-digit
DRB1,DRB1*01:03,"Spain (Catalunya, Navarra, Extremadura, AaragÃ³n, Cantabria,",0.0126063031515757,4335,4-digit
DQB1,DQB1*06:01,"Spain (Catalunya, Navarra, Extremadura, AaragÃ³n, Cantabria,",0.0106053026513256,4335,4-digit
DRB1,DRB1*15:02,"Spain (Catalunya, Navarra, Extremadura, AaragÃ³n, Cantabria,",0.0104052026013006,4335,4-digit
DQB1,DQB1*06:09,"Spain (Catalunya, Navarra, Extremadura, AaragÃ³n, Cantabria,",0.0090045022511255,4335,4-digit
DQB1,DQB1*03:19,"Spain (Catalunya, Navarra, Extremadura, AaragÃ³n, Cantabria,",0.0090045022511255,4335,4-digit
DRB1,DRB1*11:03,"Spain (Catalunya, Navarra, Extremadura, AaragÃ³n, Cantabria,",0.0078039019509754,4335,4-digit
DRB1,DRB1*04:07,"Spain (Catalunya, Navarra, Extremadura, AaragÃ³n, Cantabria,",0.0069034517258629,4335,4-digit
DRB1,DRB1*09:01,"Spain (Catalunya, Navarra, Extremadura, AaragÃ³n, Cantabria,",0.0065032516258129,4335,4-digit
DRB1,DRB1*16:02,"Spain (Catalunya, Navarra, Extremadura, AaragÃ³n, Cantabria,",0.0036018009004502,4335,4-digit
DRB1,DRB1*04:08,"Spain (Catalunya, Navarra, Extremadura, AaragÃ³n, Cantabria,",0.0032016008004002,4335,4-digit
DRB1,DRB1*13:05,"Spain (Catalunya, Navarra, Extremadura, AaragÃ³n, Cantabria,",0.0031015507753876,4335,4-digit
DQB1,DQB1*03:05,"Spain (Catalunya, Navarra, Extremadura, AaragÃ³n, Cantabria,",0.0030015007503751,4335,4-digit
DRB1,DRB1*14:04,"Spain (Catalunya, Navarra, Extremadura, AaragÃ³n, Cantabria,",0.0029014507253626,4335,4-digit
DRB1,DRB1*14:01,"Spain (Catalunya, Navarra, Extremadura, AaragÃ³n, Cantabria,",0.0029014507253626,4335,4-digit
DRB1,DRB1*04:06,"Spain (Catalunya, Navarra, Extremadura, AaragÃ³n, Cantabria,",0.0025012506253126,4335,4-digit
DRB1,DRB1*08:02,"Spain (Catalunya, Navarra, Extremadura, AaragÃ³n, Cantabria,",0.0023011505752876,4335,4-digit
DRB1,DRB1*08:04,"Spain (Catalunya, Navarra, Extremadura, AaragÃ³n, Cantabria,",0.0022011005502751,4335,4-digit
DQB1,DQB1*03:04,"Spain (Catalunya, Navarra, Extremadura, AaragÃ³n, Cantabria,",0.0022011005502751,4335,4-digit
DRB1,DRB1*08:03,"Spain (Catalunya, Navarra, Extremadura, AaragÃ³n, Cantabria,",0.0020010005002501,4335,4-digit
DQB1,DQB1*05:04,"Spain (Catalunya, Navarra, Extremadura, AaragÃ³n, Cantabria,",0.0009004502251125,4335,4-digit
DRB1,DRB1*14:02,"Spain (Catalunya, Navarra, Extremadura, AaragÃ³n, Cantabria,",0.0009004502251125,4335,4-digit
DRB1,DRB1*08:06,"Spain (Catalunya, Navarra, Extremadura, AaragÃ³n, Cantabria,",0.0008004002001,4335,4-digit
DRB1,DRB1*15:03,"Spain (Catalunya, Navarra, Extremadura, AaragÃ³n, Cantabria,",0.000600300150075,4335,4-digit
DRB1,DRB1*03:02,"Spain (Catalunya, Navarra, Extremadura, AaragÃ³n, Cantabria,",0.000600300150075,4335,4-digit
DRB1,DRB1*12:02,"Spain (Catalunya, Navarra, Extremadura, AaragÃ³n, Cantabria,",0.0005002501250625,4335,4-digit
DRB1,DRB1*11:14,"Spain (Catalunya, Navarra, Extremadura, AaragÃ³n, Cantabria,",0.0005002501250625,4335,4-digit
DRB1,DRB1*11:15,"Spain (Catalunya, Navarra, Extremadura, AaragÃ³n, Cantabria,",0.0005002501250625,4335,4-digit
DRB1,DRB1*13:04,"Spain (Catalunya, Navarra, Extremadura, AaragÃ³n, Cantabria,",0.0005002501250625,4335,4-digit
DQB1,DQB1*03:105,"Spain (Catalunya, Navarra, Extremadura, AaragÃ³n, Cantabria,",0.0003001500750375,4335,4-digit
DRB1,DRB1*13:10,"Spain (Catalunya, Navarra, Extremadura, AaragÃ³n, Cantabria,",0.000200100050025,4335,4-digit
DRB1,DRB1*13:11,"Spain (Catalunya, Navarra, Extremadura, AaragÃ³n, Cantabria,",0.000200100050025,4335,4-digit
DQB1,DQB1*03:191,"Spain (Catalunya, Navarra, Extremadura, AaragÃ³n, Cantabria,",0.000200100050025,4335,4-digit
DRB1,DRB1*14:16,"Spain (Catalunya, Navarra, Extremadura, AaragÃ³n, Cantabria,",0.000200100050025,4335,4-digit
DRB1,DRB1*11:12,"Spain (Catalunya, Navarra, Extremadura, AaragÃ³n, Cantabria,",0.000200100050025,4335,4-digit
DRB1,DRB1*13:26,"Spain (Catalunya, Navarra, Extremadura, AaragÃ³n, Cantabria,",0.000200100050025,4335,4-digit
DRB1,DRB1*14:23,"Spain (Catalunya, Navarra, Extremadura, AaragÃ³n, Cantabria,",0.000200100050025,4335,4-digit
DRB1,DRB1*15:04,"Spain (Catalunya, Navarra, Extremadura, AaragÃ³n, Cantabria,",0.000200100050025,4335,4-digit
DRB1,DRB1*04:10,"Spain (Catalunya, Navarra, Extremadura, AaragÃ³n, Cantabria,",0.000200100050025,4335,4-digit
DRB1,DRB1*04:37,"Spain (Catalunya, Navarra, Extremadura, AaragÃ³n, Cantabria,",0.000200100050025,4335,4-digit
DRB1,DRB1*14:06,"Spain (Catalunya, Navarra, Extremadura, AaragÃ³n, Cantabria,",0.0001000500250125,4335,4-digit
DRB1,DRB1*14:07,"Spain (Catalunya, Navarra, Extremadura, AaragÃ³n, Cantabria,",0.0001000500250125,4335,4-digit
DRB1,DRB1*13:92,"Spain (Catalunya, Navarra, Extremadura, AaragÃ³n, Cantabria,",0.0001000500250125,4335,4-digit
DRB1,DRB1*14:17,"Spain (Catalunya, Navarra, Extremadura, AaragÃ³n, Cantabria,",0.0001000500250125,4335,4-digit
DRB1,DRB1*13:61,"Spain (Catalunya, Navarra, Extremadura, AaragÃ³n, Cantabria,",0.0001000500250125,4335,4-digit
DRB1,DRB1*15:06,"Spain (Catalunya, Navarra, Extremadura, AaragÃ³n, Cantabria,",0.0001000500250125,4335,4-digit
DRB1,DRB1*13:59,"Spain (Catalunya, Navarra, Extremadura, AaragÃ³n, Cantabria,",0.0001000500250125,4335,4-digit
DQB1,DQB1*02:71,"Spain (Catalunya, Navarra, Extremadura, AaragÃ³n, Cantabria,",0.0001000500250125,4335,4-digit
DRB1,DRB1*13:40,"Spain (Catalunya, Navarra, Extremadura, AaragÃ³n, Cantabria,",0.0001000500250125,4335,4-digit
DRB1,DRB1*04:11,"Spain (Catalunya, Navarra, Extremadura, AaragÃ³n, Cantabria,",0.0001000500250125,4335,4-digit
DRB1,DRB1*13:19,"Spain (Catalunya, Navarra, Extremadura, AaragÃ³n, Cantabria,",0.0001000500250125,4335,4-digit
DRB1,DRB1*01:08,"Spain (Catalunya, Navarra, Extremadura, AaragÃ³n, Cantabria,",0.0001000500250125,4335,4-digit
DRB1,DRB1*04:38,"Spain (Catalunya, Navarra, Extremadura, AaragÃ³n, Cantabria,",0.0001000500250125,4335,4-digit
DRB1,DRB1*07:11,"Spain (Catalunya, Navarra, Extremadura, AaragÃ³n, Cantabria,",0.0001000500250125,4335,4-digit
DRB1,DRB1*08:07,"Spain (Catalunya, Navarra, Extremadura, AaragÃ³n, Cantabria,",0.0001000500250125,4335,4-digit
DRB1,DRB1*08:10,"Spain (Catalunya, Navarra, Extremadura, AaragÃ³n, Cantabria,",0.0001000500250125,4335,4-digit
DRB1,DRB1*03:42,"Spain (Catalunya, Navarra, Extremadura, AaragÃ³n, Cantabria,",0.0001000500250125,4335,4-digit
DRB1,DRB1*03:16,"Spain (Catalunya, Navarra, Extremadura, AaragÃ³n, Cantabria,",0.0001000500250125,4335,4-digit
DRB1,DRB1*03:06,"Spain (Catalunya, Navarra, Extremadura, AaragÃ³n, Cantabria,",0.0001000500250125,4335,4-digit
DRB1,DRB1*03:04,"Spain (Catalunya, Navarra, Extremadura, AaragÃ³n, Cantabria,",0.0001000500250125,4335,4-digit
DRB1,DRB1*11:11,"Spain (Catalunya, Navarra, Extremadura, AaragÃ³n, Cantabria,",0.0001000500250125,4335,4-digit
DRB1,DRB1*13:16,"Spain (Catalunya, Navarra, Extremadura, AaragÃ³n, Cantabria,",0.0001000500250125,4335,4-digit
DRB1,DRB1*11:13,"Spain (Catalunya, Navarra, Extremadura, AaragÃ³n, Cantabria,",0.0001000500250125,4335,4-digit
DRB1,DRB1*11:24,"Spain (Catalunya, Navarra, Extremadura, AaragÃ³n, Cantabria,",0.0001000500250125,4335,4-digit
DRB1,DRB1*11:30,"Spain (Catalunya, Navarra, Extremadura, AaragÃ³n, Cantabria,",0.0001000500250125,4335,4-digit
DRB1,DRB1*11:34,"Spain (Catalunya, Navarra, Extremadura, AaragÃ³n, Cantabria,",0.0001000500250125,4335,4-digit
DRB1,DRB1*11:45,"Spain (Catalunya, Navarra, Extremadura, AaragÃ³n, Cantabria,",0.0001000500250125,4335,4-digit
DQB1,DQB1*06:41,"Spain (Catalunya, Navarra, Extremadura, AaragÃ³n, Cantabria,",0.0001000500250125,4335,4-digit
DQB1,DQB1*02:01,USA African American pop 4,0.2231223122312231,2411,4-digit
DQB1,DQB1*06:02,USA African American pop 4,0.198019801980198,2411,4-digit
DQB1,DQB1*03:01,USA African American pop 4,0.1737173717371737,2411,4-digit
DQB1,DQB1*05:01,USA African American pop 4,0.1538153815381538,2411,4-digit
DRB1,DRB1*15:03,USA African American pop 4,0.1175117511751175,2411,4-digit
DRB1,DRB1*07:01,USA African American pop 4,0.0977097709770977,2411,4-digit
DRB1,DRB1*11:01,USA African American pop 4,0.0871087108710871,2411,4-digit
DRB1,DRB1*03:01,USA African American pop 4,0.0707070707070707,2411,4-digit
DQB1,DQB1*04:02,USA African American pop 4,0.0685068506850685,2411,4-digit
DRB1,DRB1*03:02,USA African American pop 4,0.0653065306530653,2411,4-digit
DRB1,DRB1*13:02,USA African American pop 4,0.0645064506450645,2411,4-digit
DRB1,DRB1*13:01,USA African American pop 4,0.0555055505550555,2411,4-digit
DRB1,DRB1*08:04,USA African American pop 4,0.0505050505050505,2411,4-digit
DRB1,DRB1*01:02,USA African American pop 4,0.0399039903990399,2411,4-digit
DRB1,DRB1*12:01,USA African American pop 4,0.0395039503950395,2411,4-digit
DRB1,DRB1*11:02,USA African American pop 4,0.0391039103910391,2411,4-digit
DRB1,DRB1*13:03,USA African American pop 4,0.037003700370037,2411,4-digit
DQB1,DQB1*03:02,USA African American pop 4,0.0368036803680368,2411,4-digit
DQB1,DQB1*06:09,USA African American pop 4,0.0347034703470347,2411,4-digit
DRB1,DRB1*09:01,USA African American pop 4,0.0316031603160316,2411,4-digit
DRB1,DRB1*15:01,USA African American pop 4,0.0293029302930293,2411,4-digit
DQB1,DQB1*05:02,USA African American pop 4,0.0273027302730273,2411,4-digit
DRB1,DRB1*01:01,USA African American pop 4,0.026002600260026,2411,4-digit
DQB1,DQB1*06:03,USA African American pop 4,0.0234023402340234,2411,4-digit
DRB1,DRB1*04:01,USA African American pop 4,0.0229022902290229,2411,4-digit
DRB1,DRB1*14:01,USA African American pop 4,0.0214021402140214,2411,4-digit
DQB1,DQB1*06:04,USA African American pop 4,0.0195019501950195,2411,4-digit
DRB1,DRB1*10:01,USA African American pop 4,0.0185018501850185,2411,4-digit
DQB1,DQB1*03:03,USA African American pop 4,0.0165016501650165,2411,4-digit
DRB1,DRB1*16:02,USA African American pop 4,0.0154015401540154,2411,4-digit
DQB1,DQB1*05:03,USA African American pop 4,0.0147014701470147,2411,4-digit
DRB1,DRB1*13:04,USA African American pop 4,0.0131013101310131,2411,4-digit
DRB1,DRB1*04:05,USA African American pop 4,0.0096009600960096,2411,4-digit
DRB1,DRB1*04:04,USA African American pop 4,0.0069006900690069,2411,4-digit
DRB1,DRB1*11:04,USA African American pop 4,0.0056005600560056,2411,4-digit
DRB1,DRB1*08:06,USA African American pop 4,0.0052005200520052,2411,4-digit
DRB1,DRB1*08:01,USA African American pop 4,0.0046004600460046,2411,4-digit
DRB1,DRB1*04:07,USA African American pop 4,0.004000400040004,2411,4-digit
DQB1,DQB1*06:08,USA African American pop 4,0.0039003900390039,2411,4-digit
DQB1,DQB1*02:03,USA African American pop 4,0.003000300030003,2411,4-digit
DRB1,DRB1*12:02,USA African American pop 4,0.0027002700270027,2411,4-digit
DRB1,DRB1*01:03,USA African American pop 4,0.0023002300230023,2411,4-digit
DRB1,DRB1*04:03,USA African American pop 4,0.0023002300230023,2411,4-digit
DRB1,DRB1*11:10,USA African American pop 4,0.0017001700170017,2411,4-digit
DRB1,DRB1*15:02,USA African American pop 4,0.0017001700170017,2411,4-digit
DQB1,DQB1*06:01,USA African American pop 4,0.0013001300130013,2411,4-digit
DQB1,DQB1*06:11,USA African American pop 4,0.0013001300130013,2411,4-digit
DRB1,DRB1*08:11,USA African American pop 4,0.001000100010001,2411,4-digit
DRB1,DRB1*16:01,USA African American pop 4,0.001000100010001,2411,4-digit
DRB1,DRB1*08:02,USA African American pop 4,0.001000100010001,2411,4-digit
DRB1,DRB1*04:11,USA African American pop 4,0.0008000800080008,2411,4-digit
DRB1,DRB1*14:02,USA African American pop 4,0.0006000600060006,2411,4-digit
DRB1,DRB1*04:06,USA African American pop 4,0.0006000600060006,2411,4-digit
DRB1,DRB1*04:08,USA African American pop 4,0.0006000600060006,2411,4-digit
DRB1,DRB1*04:10,USA African American pop 4,0.0006000600060006,2411,4-digit
DRB1,DRB1*11:03,USA African American pop 4,0.0006000600060006,2411,4-digit
DRB1,DRB1*13:31,USA African American pop 4,0.0006000600060006,2411,4-digit
DRB1,DRB1*14:04,USA African American pop 4,0.0004000400040004,2411,4-digit
DQB1,DQB1*06:05,USA African American pop 4,0.0004000400040004,2411,4-digit
DRB1,DRB1*08:03,USA African American pop 4,0.0004000400040004,2411,4-digit
DRB1,DRB1*13:16,USA African American pop 4,0.0004000400040004,2411,4-digit
DRB1,DRB1*13:05,USA African American pop 4,0.0004000400040004,2411,4-digit
DRB1,DRB1*04:02,USA African American pop 4,0.0004000400040004,2411,4-digit
DRB1,DRB1*13:20,USA African American pop 4,0.0002000200020002,2411,4-digit
DRB1,DRB1*13:36,USA African American pop 4,0.0002000200020002,2411,4-digit
DRB1,DRB1*13:11,USA African American pop 4,0.0002000200020002,2411,4-digit
DRB1,DRB1*11:17,USA African American pop 4,0.0002000200020002,2411,4-digit
DRB1,DRB1*03:06,USA African American pop 4,0.0002000200020002,2411,4-digit
DRB1,DRB1*04:09,USA African American pop 4,0.0002000200020002,2411,4-digit
DRB1,DRB1*03:05,USA African American pop 4,0.0002000200020002,2411,4-digit
DQB1,DQB1*03:01,USA Asian pop 2,0.1941388277655531,1772,4-digit
DQB1,DQB1*03:03,USA Asian pop 2,0.1219243848769753,1772,4-digit
DQB1,DQB1*06:01,USA Asian pop 2,0.1193238647729545,1772,4-digit
DQB1,DQB1*02:01,USA Asian pop 2,0.1092218443688737,1772,4-digit
DRB1,DRB1*09:01,USA Asian pop 2,0.1017389566260243,1772,4-digit
DRB1,DRB1*07:01,USA Asian pop 2,0.0819508295022986,1772,4-digit
DRB1,DRB1*15:02,USA Asian pop 2,0.080851489106536,1772,4-digit
DRB1,DRB1*15:01,USA Asian pop 2,0.079152508494903,1772,4-digit
DQB1,DQB1*03:02,USA Asian pop 2,0.0761152230446089,1772,4-digit
DRB1,DRB1*12:02,USA Asian pop 2,0.074055566660004,1772,4-digit
DQB1,DQB1*05:01,USA Asian pop 2,0.0739147829565913,1772,4-digit
DQB1,DQB1*05:02,USA Asian pop 2,0.0735147029405881,1772,4-digit
DQB1,DQB1*05:03,USA Asian pop 2,0.0621124224844969,1772,4-digit
DRB1,DRB1*04:05,USA Asian pop 2,0.0579652208674795,1772,4-digit
DRB1,DRB1*03:01,USA Asian pop 2,0.0536677993204077,1772,4-digit
DRB1,DRB1*08:03,USA Asian pop 2,0.0517689386368179,1772,4-digit
DRB1,DRB1*11:01,USA Asian pop 2,0.0511692984209474,1772,4-digit
DQB1,DQB1*04:01,USA Asian pop 2,0.0453090618123624,1772,4-digit
DQB1,DQB1*06:02,USA Asian pop 2,0.044008801760352,1772,4-digit
DRB1,DRB1*13:02,USA Asian pop 2,0.0361782930241854,1772,4-digit
DRB1,DRB1*04:03,USA Asian pop 2,0.0344793124125524,1772,4-digit
DRB1,DRB1*10:01,USA Asian pop 2,0.0310813511892864,1772,4-digit
DRB1,DRB1*12:01,USA Asian pop 2,0.0288826703977613,1772,4-digit
DRB1,DRB1*01:01,USA Asian pop 2,0.0273835698580851,1772,4-digit
DRB1,DRB1*14:01,USA Asian pop 2,0.0239856086348191,1772,4-digit
DRB1,DRB1*13:01,USA Asian pop 2,0.0237857285628622,1772,4-digit
DQB1,DQB1*04:02,USA Asian pop 2,0.0233046609321864,1772,4-digit
DQB1,DQB1*06:03,USA Asian pop 2,0.0229045809161832,1772,4-digit
DRB1,DRB1*04:06,USA Asian pop 2,0.020587647411553,1772,4-digit
DRB1,DRB1*14:04,USA Asian pop 2,0.0203877673395962,1772,4-digit
DRB1,DRB1*16:02,USA Asian pop 2,0.0194883070157905,1772,4-digit
DQB1,DQB1*06:09,USA Asian pop 2,0.0189037807561512,1772,4-digit
DRB1,DRB1*14:05,USA Asian pop 2,0.0174895062962222,1772,4-digit
DQB1,DQB1*06:04,USA Asian pop 2,0.0136027205441088,1772,4-digit
DRB1,DRB1*08:02,USA Asian pop 2,0.0129922046771936,1772,4-digit
DRB1,DRB1*04:04,USA Asian pop 2,0.0090945432740355,1772,4-digit
DRB1,DRB1*04:01,USA Asian pop 2,0.0090945432740355,1772,4-digit
DRB1,DRB1*11:04,USA Asian pop 2,0.0064961023385968,1772,4-digit
DRB1,DRB1*08:01,USA Asian pop 2,0.0044973016190285,1772,4-digit
DRB1,DRB1*13:12,USA Asian pop 2,0.0041974815110933,1772,4-digit
DRB1,DRB1*15:06,USA Asian pop 2,0.0039976014391365,1772,4-digit
DRB1,DRB1*04:10,USA Asian pop 2,0.0036977813312012,1772,4-digit
DRB1,DRB1*04:02,USA Asian pop 2,0.0036977813312012,1772,4-digit
DRB1,DRB1*14:03,USA Asian pop 2,0.0036977813312012,1772,4-digit
DRB1,DRB1*11:06,USA Asian pop 2,0.0030981411153308,1772,4-digit
DRB1,DRB1*14:06,USA Asian pop 2,0.0027983210073955,1772,4-digit
DRB1,DRB1*14:07,USA Asian pop 2,0.0025984409354387,1772,4-digit
DRB1,DRB1*08:09,USA Asian pop 2,0.0022986208275034,1772,4-digit
DRB1,DRB1*04:08,USA Asian pop 2,0.0013991605036977,1772,4-digit
DRB1,DRB1*04:07,USA Asian pop 2,0.0013991605036977,1772,4-digit
DRB1,DRB1*14:18,USA Asian pop 2,0.0013991605036977,1772,4-digit
DQB1,DQB1*06:10,USA Asian pop 2,0.0009001800360072,1772,4-digit
DRB1,DRB1*11:11,USA Asian pop 2,0.0008994603238057,1772,4-digit
DRB1,DRB1*15:04,USA Asian pop 2,0.0005996402158704,1772,4-digit
DRB1,DRB1*15:03,USA Asian pop 2,0.0005996402158704,1772,4-digit
DRB1,DRB1*14:19,USA Asian pop 2,0.0005996402158704,1772,4-digit
DQB1,DQB1*03:05,USA Asian pop 2,0.0004000800160032,1772,4-digit
DQB1,DQB1*06:05,USA Asian pop 2,0.0004000800160032,1772,4-digit
DRB1,DRB1*16:01,USA Asian pop 2,0.0002998201079352,1772,4-digit
DRB1,DRB1*15:14,USA Asian pop 2,0.0002998201079352,1772,4-digit
DRB1,DRB1*15:07,USA Asian pop 2,0.0002998201079352,1772,4-digit
DRB1,DRB1*14:22,USA Asian pop 2,0.0002998201079352,1772,4-digit
DRB1,DRB1*14:25,USA Asian pop 2,0.0002998201079352,1772,4-digit
DRB1,DRB1*01:02,USA Asian pop 2,0.0002998201079352,1772,4-digit
DRB1,DRB1*14:12,USA Asian pop 2,0.0002998201079352,1772,4-digit
DRB1,DRB1*14:08,USA Asian pop 2,0.0002998201079352,1772,4-digit
DRB1,DRB1*14:02,USA Asian pop 2,0.0002998201079352,1772,4-digit
DRB1,DRB1*13:50,USA Asian pop 2,0.0002998201079352,1772,4-digit
DRB1,DRB1*13:03,USA Asian pop 2,0.0002998201079352,1772,4-digit
DRB1,DRB1*01:03,USA Asian pop 2,0.0002998201079352,1772,4-digit
DRB1,DRB1*11:08,USA Asian pop 2,0.0002998201079352,1772,4-digit
DRB1,DRB1*08:05,USA Asian pop 2,0.0002998201079352,1772,4-digit
DRB1,DRB1*07:03,USA Asian pop 2,0.0002998201079352,1772,4-digit
DRB1,DRB1*12:08,USA Asian pop 2,0.0002998201079352,1772,4-digit
DQB1,DQB1*03:01,USA Hispanic pop 2,0.2004599080183963,1999,4-digit
DQB1,DQB1*03:02,USA Hispanic pop 2,0.1888622275544891,1999,4-digit
DQB1,DQB1*02:01,USA Hispanic pop 2,0.1852629474105178,1999,4-digit
DQB1,DQB1*05:01,USA Hispanic pop 2,0.1100779844031193,1999,4-digit
DRB1,DRB1*07:01,USA Hispanic pop 2,0.1044641965444921,1999,4-digit
DQB1,DQB1*04:02,USA Hispanic pop 2,0.0907818436312737,1999,4-digit
DQB1,DQB1*06:02,USA Hispanic pop 2,0.0806838632273545,1999,4-digit
DRB1,DRB1*03:01,USA Hispanic pop 2,0.0732048337161689,1999,4-digit
DRB1,DRB1*08:02,USA Hispanic pop 2,0.0732048337161689,1999,4-digit
DRB1,DRB1*15:01,USA Hispanic pop 2,0.0667132727454309,1999,4-digit
DRB1,DRB1*04:07,USA Hispanic pop 2,0.0642165185259163,1999,4-digit
DRB1,DRB1*04:04,USA Hispanic pop 2,0.0544292419854189,1999,4-digit
DRB1,DRB1*11:01,USA Hispanic pop 2,0.0419454708878458,1999,4-digit
DRB1,DRB1*13:01,USA Hispanic pop 2,0.0419454708878458,1999,4-digit
DQB1,DQB1*06:03,USA Hispanic pop 2,0.0405918816236752,1999,4-digit
DRB1,DRB1*13:02,USA Hispanic pop 2,0.038749625486867,1999,4-digit
DRB1,DRB1*01:01,USA Hispanic pop 2,0.038749625486867,1999,4-digit
DRB1,DRB1*01:02,USA Hispanic pop 2,0.0329571556975931,1999,4-digit
DQB1,DQB1*06:04,USA Hispanic pop 2,0.0276944611077784,1999,4-digit
DRB1,DRB1*14:06,USA Hispanic pop 2,0.0254668930390492,1999,4-digit
DRB1,DRB1*11:04,USA Hispanic pop 2,0.0254668930390492,1999,4-digit
DRB1,DRB1*14:02,USA Hispanic pop 2,0.0237691001697792,1999,4-digit
DRB1,DRB1*04:11,USA Hispanic pop 2,0.0234694896634375,1999,4-digit
DRB1,DRB1*16:02,USA Hispanic pop 2,0.0209727354439229,1999,4-digit
DQB1,DQB1*03:03,USA Hispanic pop 2,0.0206958608278344,1999,4-digit
DRB1,DRB1*04:02,USA Hispanic pop 2,0.0194746829122141,1999,4-digit
DRB1,DRB1*04:05,USA Hispanic pop 2,0.0192749425746529,1999,4-digit
DRB1,DRB1*04:03,USA Hispanic pop 2,0.0189753320683111,1999,4-digit
DQB1,DQB1*05:02,USA Hispanic pop 2,0.0160967806438712,1999,4-digit
DRB1,DRB1*13:03,USA Hispanic pop 2,0.0152801358234295,1999,4-digit
DRB1,DRB1*04:01,USA Hispanic pop 2,0.0144811744731848,1999,4-digit
DRB1,DRB1*10:01,USA Hispanic pop 2,0.0144811744731848,1999,4-digit
DQB1,DQB1*06:01,USA Hispanic pop 2,0.0142971405718856,1999,4-digit
DRB1,DRB1*14:01,USA Hispanic pop 2,0.0137820832917207,1999,4-digit
DQB1,DQB1*05:03,USA Hispanic pop 2,0.0133973205358928,1999,4-digit
DRB1,DRB1*15:02,USA Hispanic pop 2,0.0132827324478178,1999,4-digit
DRB1,DRB1*11:02,USA Hispanic pop 2,0.012983121941476,1999,4-digit
DRB1,DRB1*12:01,USA Hispanic pop 2,0.0119844202536702,1999,4-digit
DRB1,DRB1*08:04,USA Hispanic pop 2,0.0112853290722061,1999,4-digit
DRB1,DRB1*15:03,USA Hispanic pop 2,0.0112853290722061,1999,4-digit
DRB1,DRB1*09:01,USA Hispanic pop 2,0.0094876660341555,1999,4-digit
DRB1,DRB1*08:01,USA Hispanic pop 2,0.0082892240087885,1999,4-digit
DRB1,DRB1*03:02,USA Hispanic pop 2,0.0079896135024468,1999,4-digit
DRB1,DRB1*16:01,USA Hispanic pop 2,0.0077898731648856,1999,4-digit
DQB1,DQB1*06:09,USA Hispanic pop 2,0.006498700259948,1999,4-digit
DRB1,DRB1*01:03,USA Hispanic pop 2,0.0062918206331768,1999,4-digit
DRB1,DRB1*13:04,USA Hispanic pop 2,0.0059922101268351,1999,4-digit
DRB1,DRB1*11:03,USA Hispanic pop 2,0.0057924697892739,1999,4-digit
DRB1,DRB1*04:10,USA Hispanic pop 2,0.004793768101468,1999,4-digit
DRB1,DRB1*04:08,USA Hispanic pop 2,0.0034954559073204,1999,4-digit
DRB1,DRB1*13:05,USA Hispanic pop 2,0.0032957155697593,1999,4-digit
DRB1,DRB1*04:06,USA Hispanic pop 2,0.0019974033756117,1999,4-digit
DQB1,DQB1*03:04,USA Hispanic pop 2,0.0017996400719856,1999,4-digit
DRB1,DRB1*08:03,USA Hispanic pop 2,0.0012983121941476,1999,4-digit
DRB1,DRB1*08:06,USA Hispanic pop 2,0.0009987016878058,1999,4-digit
DRB1,DRB1*14:07,USA Hispanic pop 2,0.0009987016878058,1999,4-digit
DQB1,DQB1*03:05,USA Hispanic pop 2,0.0008998200359928,1999,4-digit
DQB1,DQB1*06:08,USA Hispanic pop 2,0.0008998200359928,1999,4-digit
DRB1,DRB1*12:02,USA Hispanic pop 2,0.0007989613502446,1999,4-digit
DQB1,DQB1*06:11,USA Hispanic pop 2,0.000499900019996,1999,4-digit
DQB1,DQB1*05:04,USA Hispanic pop 2,0.000499900019996,1999,4-digit
DRB1,DRB1*04:17,USA Hispanic pop 2,0.0004993508439029,1999,4-digit
DRB1,DRB1*13:06,USA Hispanic pop 2,0.0002996105063417,1999,4-digit
DRB1,DRB1*13:09,USA Hispanic pop 2,0.0002996105063417,1999,4-digit
DRB1,DRB1*13:11,USA Hispanic pop 2,0.0002996105063417,1999,4-digit
DRB1,DRB1*13:40,USA Hispanic pop 2,0.0002996105063417,1999,4-digit
DRB1,DRB1*04:18,USA Hispanic pop 2,0.0002996105063417,1999,4-digit
DRB1,DRB1*11:15,USA Hispanic pop 2,0.0002996105063417,1999,4-digit
DRB1,DRB1*14:04,USA Hispanic pop 2,0.0002996105063417,1999,4-digit
DRB1,DRB1*14:05,USA Hispanic pop 2,0.0002996105063417,1999,4-digit
DRB1,DRB1*04:14,USA Hispanic pop 2,0.0002996105063417,1999,4-digit
DRB1,DRB1*08:10,USA Hispanic pop 2,0.0002996105063417,1999,4-digit
DRB1,DRB1*03:05,USA Hispanic pop 2,0.0002996105063417,1999,4-digit
DRB1,DRB1*11:10,USA Hispanic pop 2,0.0002996105063417,1999,4-digit
DRB1,DRB1*15:04,USA Hispanic pop 2,0.0002996105063417,1999,4-digit
DQB1,DQB1*03:01,USA NMDP Alaska Native or Aleut,0.3806193806193806,1376,4-digit
DRB1,DRB1*14:02,USA NMDP Alaska Native or Aleut,0.1701701701701702,1376,4-digit
DQB1,DQB1*02:01,USA NMDP Alaska Native or Aleut,0.1328671328671328,1376,4-digit
DRB1,DRB1*04:01,USA NMDP Alaska Native or Aleut,0.1141141141141141,1376,4-digit
DQB1,DQB1*03:02,USA NMDP Alaska Native or Aleut,0.1068931068931068,1376,4-digit
DQB1,DQB1*06:02,USA NMDP Alaska Native or Aleut,0.0879120879120878,1376,4-digit
DRB1,DRB1*15:01,USA NMDP Alaska Native or Aleut,0.084084084084084,1376,4-digit
DRB1,DRB1*03:01,USA NMDP Alaska Native or Aleut,0.076076076076076,1376,4-digit
DRB1,DRB1*07:01,USA NMDP Alaska Native or Aleut,0.076076076076076,1376,4-digit
DQB1,DQB1*03:03,USA NMDP Alaska Native or Aleut,0.0679320679320679,1376,4-digit
DQB1,DQB1*05:01,USA NMDP Alaska Native or Aleut,0.0659340659340659,1376,4-digit
DRB1,DRB1*01:01,USA NMDP Alaska Native or Aleut,0.055055055055055,1376,4-digit
DQB1,DQB1*04:02,USA NMDP Alaska Native or Aleut,0.0539460539460539,1376,4-digit
DRB1,DRB1*11:01,USA NMDP Alaska Native or Aleut,0.038038038038038,1376,4-digit
DRB1,DRB1*09:01,USA NMDP Alaska Native or Aleut,0.036036036036036,1376,4-digit
DQB1,DQB1*05:03,USA NMDP Alaska Native or Aleut,0.0359640359640359,1376,4-digit
DQB1,DQB1*06:03,USA NMDP Alaska Native or Aleut,0.0329670329670329,1376,4-digit
DRB1,DRB1*14:01,USA NMDP Alaska Native or Aleut,0.032032032032032,1376,4-digit
DRB1,DRB1*13:01,USA NMDP Alaska Native or Aleut,0.031031031031031,1376,4-digit
DRB1,DRB1*08:02,USA NMDP Alaska Native or Aleut,0.031031031031031,1376,4-digit
DRB1,DRB1*04:03,USA NMDP Alaska Native or Aleut,0.028028028028028,1376,4-digit
DRB1,DRB1*04:04,USA NMDP Alaska Native or Aleut,0.025025025025025,1376,4-digit
DRB1,DRB1*13:02,USA NMDP Alaska Native or Aleut,0.024024024024024,1376,4-digit
DRB1,DRB1*04:07,USA NMDP Alaska Native or Aleut,0.02002002002002,1376,4-digit
DRB1,DRB1*16:02,USA NMDP Alaska Native or Aleut,0.019019019019019,1376,4-digit
DRB1,DRB1*08:04,USA NMDP Alaska Native or Aleut,0.018018018018018,1376,4-digit
DRB1,DRB1*12:01,USA NMDP Alaska Native or Aleut,0.017017017017017,1376,4-digit
DQB1,DQB1*05:02,USA NMDP Alaska Native or Aleut,0.0149850149850149,1376,4-digit
DRB1,DRB1*11:04,USA NMDP Alaska Native or Aleut,0.014014014014014,1376,4-digit
DRB1,DRB1*08:01,USA NMDP Alaska Native or Aleut,0.012012012012012,1376,4-digit
DRB1,DRB1*15:02,USA NMDP Alaska Native or Aleut,0.011011011011011,1376,4-digit
DRB1,DRB1*04:05,USA NMDP Alaska Native or Aleut,0.009009009009009,1376,4-digit
DRB1,DRB1*16:01,USA NMDP Alaska Native or Aleut,0.009009009009009,1376,4-digit
DQB1,DQB1*06:01,USA NMDP Alaska Native or Aleut,0.0079920079920079,1376,4-digit
DRB1,DRB1*13:03,USA NMDP Alaska Native or Aleut,0.007007007007007,1376,4-digit
DRB1,DRB1*08:11,USA NMDP Alaska Native or Aleut,0.006006006006006,1376,4-digit
DRB1,DRB1*10:01,USA NMDP Alaska Native or Aleut,0.005005005005005,1376,4-digit
DRB1,DRB1*01:02,USA NMDP Alaska Native or Aleut,0.005005005005005,1376,4-digit
DRB1,DRB1*04:02,USA NMDP Alaska Native or Aleut,0.005005005005005,1376,4-digit
DQB1,DQB1*03:04,USA NMDP Alaska Native or Aleut,0.0049950049950049,1376,4-digit
DRB1,DRB1*01:03,USA NMDP Alaska Native or Aleut,0.004004004004004,1376,4-digit
DRB1,DRB1*04:10,USA NMDP Alaska Native or Aleut,0.003003003003003,1376,4-digit
DRB1,DRB1*11:03,USA NMDP Alaska Native or Aleut,0.003003003003003,1376,4-digit
DRB1,DRB1*11:02,USA NMDP Alaska Native or Aleut,0.002002002002002,1376,4-digit
DRB1,DRB1*08:03,USA NMDP Alaska Native or Aleut,0.002002002002002,1376,4-digit
DRB1,DRB1*15:03,USA NMDP Alaska Native or Aleut,0.002002002002002,1376,4-digit
DQB1,DQB1*06:09,USA NMDP Alaska Native or Aleut,0.0019980019980019,1376,4-digit
DQB1,DQB1*06:04,USA NMDP Alaska Native or Aleut,0.0019980019980019,1376,4-digit
DQB1,DQB1*03:05,USA NMDP Alaska Native or Aleut,0.0019980019980019,1376,4-digit
DRB1,DRB1*13:05,USA NMDP Alaska Native or Aleut,0.001001001001001,1376,4-digit
DRB1,DRB1*14:03,USA NMDP Alaska Native or Aleut,0.001001001001001,1376,4-digit
DRB1,DRB1*14:04,USA NMDP Alaska Native or Aleut,0.001001001001001,1376,4-digit
DRB1,DRB1*14:06,USA NMDP Alaska Native or Aleut,0.001001001001001,1376,4-digit
DRB1,DRB1*03:02,USA NMDP Alaska Native or Aleut,0.001001001001001,1376,4-digit
DRB1,DRB1*12:02,USA NMDP Alaska Native or Aleut,0.001001001001001,1376,4-digit
DQB1,DQB1*05:04,USA NMDP Alaska Native or Aleut,0.0009990009990009,1376,4-digit
DQB1,DQB1*03:01,USA NMDP American Indian South or Central America,0.237,5926,4-digit
DQB1,DQB1*02:01,USA NMDP American Indian South or Central America,0.185,5926,4-digit
DQB1,DQB1*03:02,USA NMDP American Indian South or Central America,0.128,5926,4-digit
DRB1,DRB1*07:01,USA NMDP American Indian South or Central America,0.1081081081081081,5926,4-digit
DQB1,DQB1*06:02,USA NMDP American Indian South or Central America,0.107,5926,4-digit
DQB1,DQB1*05:01,USA NMDP American Indian South or Central America,0.105,5926,4-digit
DRB1,DRB1*15:01,USA NMDP American Indian South or Central America,0.1011011011011011,5926,4-digit
DRB1,DRB1*03:01,USA NMDP American Indian South or Central America,0.0950950950950951,5926,4-digit
DRB1,DRB1*01:01,USA NMDP American Indian South or Central America,0.067067067067067,5926,4-digit
DRB1,DRB1*04:01,USA NMDP American Indian South or Central America,0.066066066066066,5926,4-digit
DQB1,DQB1*04:02,USA NMDP American Indian South or Central America,0.056,5926,4-digit
DRB1,DRB1*04:07,USA NMDP American Indian South or Central America,0.046046046046046,5926,4-digit
DRB1,DRB1*11:01,USA NMDP American Indian South or Central America,0.044044044044044,5926,4-digit
DRB1,DRB1*13:01,USA NMDP American Indian South or Central America,0.044044044044044,5926,4-digit
DQB1,DQB1*03:03,USA NMDP American Indian South or Central America,0.043,5926,4-digit
DRB1,DRB1*04:04,USA NMDP American Indian South or Central America,0.042042042042042,5926,4-digit
DQB1,DQB1*06:03,USA NMDP American Indian South or Central America,0.041,5926,4-digit
DRB1,DRB1*13:02,USA NMDP American Indian South or Central America,0.04004004004004,5926,4-digit
DRB1,DRB1*14:02,USA NMDP American Indian South or Central America,0.04004004004004,5926,4-digit
DQB1,DQB1*05:03,USA NMDP American Indian South or Central America,0.028,5926,4-digit
DQB1,DQB1*06:04,USA NMDP American Indian South or Central America,0.025,5926,4-digit
DRB1,DRB1*08:02,USA NMDP American Indian South or Central America,0.024024024024024,5926,4-digit
DRB1,DRB1*16:02,USA NMDP American Indian South or Central America,0.024024024024024,5926,4-digit
DRB1,DRB1*14:01,USA NMDP American Indian South or Central America,0.023023023023023,5926,4-digit
DRB1,DRB1*11:04,USA NMDP American Indian South or Central America,0.02002002002002,5926,4-digit
DRB1,DRB1*09:01,USA NMDP American Indian South or Central America,0.018018018018018,5926,4-digit
DRB1,DRB1*08:01,USA NMDP American Indian South or Central America,0.017017017017017,5926,4-digit
DRB1,DRB1*12:01,USA NMDP American Indian South or Central America,0.015015015015015,5926,4-digit
DRB1,DRB1*01:02,USA NMDP American Indian South or Central America,0.015015015015015,5926,4-digit
DQB1,DQB1*06:01,USA NMDP American Indian South or Central America,0.015,5926,4-digit
DRB1,DRB1*08:04,USA NMDP American Indian South or Central America,0.014014014014014,5926,4-digit
DRB1,DRB1*04:03,USA NMDP American Indian South or Central America,0.014014014014014,5926,4-digit
DQB1,DQB1*06:09,USA NMDP American Indian South or Central America,0.014,5926,4-digit
DQB1,DQB1*05:02,USA NMDP American Indian South or Central America,0.012,5926,4-digit
DRB1,DRB1*15:02,USA NMDP American Indian South or Central America,0.011011011011011,5926,4-digit
DRB1,DRB1*10:01,USA NMDP American Indian South or Central America,0.011011011011011,5926,4-digit
DRB1,DRB1*04:05,USA NMDP American Indian South or Central America,0.01001001001001,5926,4-digit
DRB1,DRB1*13:03,USA NMDP American Indian South or Central America,0.01001001001001,5926,4-digit
DRB1,DRB1*01:03,USA NMDP American Indian South or Central America,0.009009009009009,5926,4-digit
DRB1,DRB1*16:01,USA NMDP American Indian South or Central America,0.009009009009009,5926,4-digit
DRB1,DRB1*15:03,USA NMDP American Indian South or Central America,0.008008008008008,5926,4-digit
DRB1,DRB1*11:02,USA NMDP American Indian South or Central America,0.007007007007007,5926,4-digit
DRB1,DRB1*14:06,USA NMDP American Indian South or Central America,0.007007007007007,5926,4-digit
DRB1,DRB1*04:02,USA NMDP American Indian South or Central America,0.005005005005005,5926,4-digit
DRB1,DRB1*11:03,USA NMDP American Indian South or Central America,0.004004004004004,5926,4-digit
DRB1,DRB1*03:02,USA NMDP American Indian South or Central America,0.004004004004004,5926,4-digit
DRB1,DRB1*04:11,USA NMDP American Indian South or Central America,0.004004004004004,5926,4-digit
DRB1,DRB1*14:04,USA NMDP American Indian South or Central America,0.004004004004004,5926,4-digit
DRB1,DRB1*08:11,USA NMDP American Indian South or Central America,0.003003003003003,5926,4-digit
DRB1,DRB1*08:03,USA NMDP American Indian South or Central America,0.003003003003003,5926,4-digit
DRB1,DRB1*12:02,USA NMDP American Indian South or Central America,0.002002002002002,5926,4-digit
DRB1,DRB1*04:08,USA NMDP American Indian South or Central America,0.002002002002002,5926,4-digit
DRB1,DRB1*04:10,USA NMDP American Indian South or Central America,0.002002002002002,5926,4-digit
DRB1,DRB1*13:05,USA NMDP American Indian South or Central America,0.002002002002002,5926,4-digit
DQB1,DQB1*03:04,USA NMDP American Indian South or Central America,0.002,5926,4-digit
DRB1,DRB1*14:07,USA NMDP American Indian South or Central America,0.001001001001001,5926,4-digit
DRB1,DRB1*13:04,USA NMDP American Indian South or Central America,0.001001001001001,5926,4-digit
DRB1,DRB1*15:06,USA NMDP American Indian South or Central America,0.001001001001001,5926,4-digit
DRB1,DRB1*11:06,USA NMDP American Indian South or Central America,0.001001001001001,5926,4-digit
DRB1,DRB1*04:06,USA NMDP American Indian South or Central America,0.001001001001001,5926,4-digit
DQB1,DQB1*05:04,USA NMDP American Indian South or Central America,0.001,5926,4-digit
DQB1,DQB1*03:05,USA NMDP American Indian South or Central America,0.001,5926,4-digit
DQB1,DQB1*02:01,USA NMDP Caribean Indian,0.2154308617234469,14339,4-digit
DQB1,DQB1*03:01,USA NMDP Caribean Indian,0.1663326653306613,14339,4-digit
DRB1,DRB1*07:01,USA NMDP Caribean Indian,0.1428571428571428,14339,4-digit
DQB1,DQB1*03:02,USA NMDP Caribean Indian,0.127254509018036,14339,4-digit
DQB1,DQB1*05:01,USA NMDP Caribean Indian,0.1152304609218436,14339,4-digit
DQB1,DQB1*06:02,USA NMDP Caribean Indian,0.0911823647294589,14339,4-digit
DQB1,DQB1*04:02,USA NMDP Caribean Indian,0.0781563126252505,14339,4-digit
DRB1,DRB1*13:01,USA NMDP Caribean Indian,0.0684104627766599,14339,4-digit
DQB1,DQB1*06:03,USA NMDP Caribean Indian,0.065130260521042,14339,4-digit
DRB1,DRB1*03:01,USA NMDP Caribean Indian,0.0643863179074446,14339,4-digit
DRB1,DRB1*13:02,USA NMDP Caribean Indian,0.0573440643863179,14339,4-digit
DRB1,DRB1*15:01,USA NMDP Caribean Indian,0.0523138832997987,14339,4-digit
DRB1,DRB1*11:01,USA NMDP Caribean Indian,0.0472837022132796,14339,4-digit
DRB1,DRB1*01:01,USA NMDP Caribean Indian,0.0432595573440643,14339,4-digit
DRB1,DRB1*03:02,USA NMDP Caribean Indian,0.0432595573440643,14339,4-digit
DQB1,DQB1*06:04,USA NMDP Caribean Indian,0.0380761523046092,14339,4-digit
DRB1,DRB1*04:05,USA NMDP Caribean Indian,0.0362173038229376,14339,4-digit
DRB1,DRB1*04:11,USA NMDP Caribean Indian,0.0352112676056338,14339,4-digit
DRB1,DRB1*01:02,USA NMDP Caribean Indian,0.0331991951710261,14339,4-digit
DRB1,DRB1*15:03,USA NMDP Caribean Indian,0.0331991951710261,14339,4-digit
DQB1,DQB1*06:01,USA NMDP Caribean Indian,0.0270541082164328,14339,4-digit
DRB1,DRB1*10:01,USA NMDP Caribean Indian,0.0261569416498993,14339,4-digit
DRB1,DRB1*04:01,USA NMDP Caribean Indian,0.0231388329979879,14339,4-digit
DRB1,DRB1*13:03,USA NMDP Caribean Indian,0.0231388329979879,14339,4-digit
DRB1,DRB1*11:02,USA NMDP Caribean Indian,0.0231388329979879,14339,4-digit
DRB1,DRB1*12:01,USA NMDP Caribean Indian,0.0221327967806841,14339,4-digit
DRB1,DRB1*11:04,USA NMDP Caribean Indian,0.0211267605633802,14339,4-digit
DQB1,DQB1*05:03,USA NMDP Caribean Indian,0.0210420841683366,14339,4-digit
DRB1,DRB1*15:02,USA NMDP Caribean Indian,0.0201207243460764,14339,4-digit
DRB1,DRB1*04:04,USA NMDP Caribean Indian,0.0191146881287726,14339,4-digit
DQB1,DQB1*05:02,USA NMDP Caribean Indian,0.0190380761523046,14339,4-digit
DRB1,DRB1*04:07,USA NMDP Caribean Indian,0.0181086519114688,14339,4-digit
DQB1,DQB1*03:03,USA NMDP Caribean Indian,0.0170340681362725,14339,4-digit
DRB1,DRB1*08:04,USA NMDP Caribean Indian,0.0160965794768611,14339,4-digit
DQB1,DQB1*06:09,USA NMDP Caribean Indian,0.0160320641282565,14339,4-digit
DRB1,DRB1*09:01,USA NMDP Caribean Indian,0.0140845070422535,14339,4-digit
DRB1,DRB1*14:01,USA NMDP Caribean Indian,0.0130784708249496,14339,4-digit
DRB1,DRB1*08:01,USA NMDP Caribean Indian,0.0130784708249496,14339,4-digit
DRB1,DRB1*16:01,USA NMDP Caribean Indian,0.011066398390342,14339,4-digit
DRB1,DRB1*04:02,USA NMDP Caribean Indian,0.0100603621730382,14339,4-digit
DRB1,DRB1*13:04,USA NMDP Caribean Indian,0.0100603621730382,14339,4-digit
DRB1,DRB1*04:03,USA NMDP Caribean Indian,0.0100603621730382,14339,4-digit
DRB1,DRB1*16:02,USA NMDP Caribean Indian,0.0090543259557344,14339,4-digit
DRB1,DRB1*08:02,USA NMDP Caribean Indian,0.0090543259557344,14339,4-digit
DRB1,DRB1*14:04,USA NMDP Caribean Indian,0.0080482897384305,14339,4-digit
DRB1,DRB1*14:02,USA NMDP Caribean Indian,0.0050301810865191,14339,4-digit
DRB1,DRB1*12:02,USA NMDP Caribean Indian,0.0030181086519114,14339,4-digit
DRB1,DRB1*11:03,USA NMDP Caribean Indian,0.0030181086519114,14339,4-digit
DRB1,DRB1*11:06,USA NMDP Caribean Indian,0.0020120724346076,14339,4-digit
DRB1,DRB1*01:03,USA NMDP Caribean Indian,0.0020120724346076,14339,4-digit
DRB1,DRB1*14:06,USA NMDP Caribean Indian,0.0020120724346076,14339,4-digit
DQB1,DQB1*05:04,USA NMDP Caribean Indian,0.002004008016032,14339,4-digit
DRB1,DRB1*15:06,USA NMDP Caribean Indian,0.0010060362173038,14339,4-digit
DRB1,DRB1*08:07,USA NMDP Caribean Indian,0.0010060362173038,14339,4-digit
DRB1,DRB1*04:06,USA NMDP Caribean Indian,0.0010060362173038,14339,4-digit
DRB1,DRB1*08:03,USA NMDP Caribean Indian,0.0010060362173038,14339,4-digit
DRB1,DRB1*08:06,USA NMDP Caribean Indian,0.0010060362173038,14339,4-digit
DRB1,DRB1*13:05,USA NMDP Caribean Indian,0.0010060362173038,14339,4-digit
DQB1,DQB1*02:03,USA NMDP Caribean Indian,0.001002004008016,14339,4-digit
DQB1,DQB1*03:01,USA NMDP Hawaiian or other Pacific Islander,0.2487253823852844,11499,4-digit
DQB1,DQB1*03:03,USA NMDP Hawaiian or other Pacific Islander,0.1371588523442967,11499,4-digit
DRB1,DRB1*09:01,USA NMDP Hawaiian or other Pacific Islander,0.1179952801887924,11499,4-digit
DQB1,DQB1*06:01,USA NMDP Hawaiian or other Pacific Islander,0.1148655403378986,11499,4-digit
DQB1,DQB1*03:02,USA NMDP Hawaiian or other Pacific Islander,0.0876736978906328,11499,4-digit
DRB1,DRB1*15:02,USA NMDP Hawaiian or other Pacific Islander,0.0834966601335946,11499,4-digit
DRB1,DRB1*11:01,USA NMDP Hawaiian or other Pacific Islander,0.0831966721331146,11499,4-digit
DRB1,DRB1*12:02,USA NMDP Hawaiian or other Pacific Islander,0.0808967641294348,11499,4-digit
DQB1,DQB1*02:01,USA NMDP Hawaiian or other Pacific Islander,0.0801759472158352,11499,4-digit
DRB1,DRB1*08:03,USA NMDP Hawaiian or other Pacific Islander,0.0719971201151953,11499,4-digit
DRB1,DRB1*15:01,USA NMDP Hawaiian or other Pacific Islander,0.0708971641134354,11499,4-digit
DRB1,DRB1*04:03,USA NMDP Hawaiian or other Pacific Islander,0.0674973001079956,11499,4-digit
DQB1,DQB1*06:02,USA NMDP Hawaiian or other Pacific Islander,0.0662801159652104,11499,4-digit
DQB1,DQB1*05:01,USA NMDP Hawaiian or other Pacific Islander,0.0610816754973508,11499,4-digit
DRB1,DRB1*07:01,USA NMDP Hawaiian or other Pacific Islander,0.0595976160953561,11499,4-digit
DQB1,DQB1*04:02,USA NMDP Hawaiian or other Pacific Islander,0.0588823352994101,11499,4-digit
DQB1,DQB1*05:02,USA NMDP Hawaiian or other Pacific Islander,0.0549835049485154,11499,4-digit
DQB1,DQB1*05:03,USA NMDP Hawaiian or other Pacific Islander,0.0486853943816854,11499,4-digit
DRB1,DRB1*04:05,USA NMDP Hawaiian or other Pacific Islander,0.0469981200751969,11499,4-digit
DRB1,DRB1*12:01,USA NMDP Hawaiian or other Pacific Islander,0.046898124075037,11499,4-digit
DRB1,DRB1*03:01,USA NMDP Hawaiian or other Pacific Islander,0.0378984840606375,11499,4-digit
DRB1,DRB1*14:01,USA NMDP Hawaiian or other Pacific Islander,0.0287988480460781,11499,4-digit
DRB1,DRB1*14:08,USA NMDP Hawaiian or other Pacific Islander,0.0253989840406383,11499,4-digit
DRB1,DRB1*01:01,USA NMDP Hawaiian or other Pacific Islander,0.0193992240310387,11499,4-digit
DRB1,DRB1*13:01,USA NMDP Hawaiian or other Pacific Islander,0.0180992760289588,11499,4-digit
DQB1,DQB1*06:03,USA NMDP Hawaiian or other Pacific Islander,0.0171948415475357,11499,4-digit
DRB1,DRB1*04:01,USA NMDP Hawaiian or other Pacific Islander,0.0170993160273589,11499,4-digit
DRB1,DRB1*13:02,USA NMDP Hawaiian or other Pacific Islander,0.0163993440262389,11499,4-digit
DQB1,DQB1*06:04,USA NMDP Hawaiian or other Pacific Islander,0.0151954413675897,11499,4-digit
DRB1,DRB1*10:01,USA NMDP Hawaiian or other Pacific Islander,0.0132994680212791,11499,4-digit
DRB1,DRB1*11:04,USA NMDP Hawaiian or other Pacific Islander,0.0130994760209591,11499,4-digit
DRB1,DRB1*08:02,USA NMDP Hawaiian or other Pacific Islander,0.0097996080156793,11499,4-digit
DRB1,DRB1*04:07,USA NMDP Hawaiian or other Pacific Islander,0.0079996800127994,11499,4-digit
DRB1,DRB1*04:04,USA NMDP Hawaiian or other Pacific Islander,0.0077996880124795,11499,4-digit
DRB1,DRB1*16:02,USA NMDP Hawaiian or other Pacific Islander,0.0061997520099196,11499,4-digit
DRB1,DRB1*14:05,USA NMDP Hawaiian or other Pacific Islander,0.0059997600095996,11499,4-digit
DQB1,DQB1*04:01,USA NMDP Hawaiian or other Pacific Islander,0.0056982905128461,11499,4-digit
DRB1,DRB1*14:04,USA NMDP Hawaiian or other Pacific Islander,0.0050997960081596,11499,4-digit
DRB1,DRB1*01:02,USA NMDP Hawaiian or other Pacific Islander,0.0045998160073597,11499,4-digit
DRB1,DRB1*14:06,USA NMDP Hawaiian or other Pacific Islander,0.0040998360065597,11499,4-digit
DRB1,DRB1*08:01,USA NMDP Hawaiian or other Pacific Islander,0.0037998480060797,11499,4-digit
DRB1,DRB1*13:03,USA NMDP Hawaiian or other Pacific Islander,0.0028998840046398,11499,4-digit
DQB1,DQB1*06:09,USA NMDP Hawaiian or other Pacific Islander,0.0026991902429271,11499,4-digit
DRB1,DRB1*01:03,USA NMDP Hawaiian or other Pacific Islander,0.0023999040038398,11499,4-digit
DRB1,DRB1*11:03,USA NMDP Hawaiian or other Pacific Islander,0.0022999080036798,11499,4-digit
DRB1,DRB1*04:02,USA NMDP Hawaiian or other Pacific Islander,0.0022999080036798,11499,4-digit
DRB1,DRB1*04:10,USA NMDP Hawaiian or other Pacific Islander,0.0021999120035198,11499,4-digit
DRB1,DRB1*16:01,USA NMDP Hawaiian or other Pacific Islander,0.0016999320027198,11499,4-digit
DRB1,DRB1*11:02,USA NMDP Hawaiian or other Pacific Islander,0.0013999440022399,11499,4-digit
DRB1,DRB1*13:05,USA NMDP Hawaiian or other Pacific Islander,0.0010999560017599,11499,4-digit
DRB1,DRB1*03:02,USA NMDP Hawaiian or other Pacific Islander,0.0010999560017599,11499,4-digit
DRB1,DRB1*04:06,USA NMDP Hawaiian or other Pacific Islander,0.0008999640014399,11499,4-digit
DRB1,DRB1*11:06,USA NMDP Hawaiian or other Pacific Islander,0.0007999680012799,11499,4-digit
DRB1,DRB1*15:03,USA NMDP Hawaiian or other Pacific Islander,0.0006999720011199,11499,4-digit
DRB1,DRB1*14:03,USA NMDP Hawaiian or other Pacific Islander,0.0006999720011199,11499,4-digit
DQB1,DQB1*06:10,USA NMDP Hawaiian or other Pacific Islander,0.0006997900629811,11499,4-digit
DRB1,DRB1*08:04,USA NMDP Hawaiian or other Pacific Islander,0.0005999760009599,11499,4-digit
DRB1,DRB1*14:02,USA NMDP Hawaiian or other Pacific Islander,0.0005999760009599,11499,4-digit
DRB1,DRB1*14:07,USA NMDP Hawaiian or other Pacific Islander,0.0003999840006399,11499,4-digit
DRB1,DRB1*08:18,USA NMDP Hawaiian or other Pacific Islander,0.0002999880004799,11499,4-digit
DRB1,DRB1*15:06,USA NMDP Hawaiian or other Pacific Islander,0.0002999880004799,11499,4-digit
DRB1,DRB1*04:11,USA NMDP Hawaiian or other Pacific Islander,0.0002999880004799,11499,4-digit
DRB1,DRB1*04:41,USA NMDP Hawaiian or other Pacific Islander,0.0002999880004799,11499,4-digit
DRB1,DRB1*11:08,USA NMDP Hawaiian or other Pacific Islander,0.0001999920003199,11499,4-digit
DRB1,DRB1*04:09,USA NMDP Hawaiian or other Pacific Islander,0.0001999920003199,11499,4-digit
DRB1,DRB1*04:08,USA NMDP Hawaiian or other Pacific Islander,0.0001999920003199,11499,4-digit
DRB1,DRB1*08:06,USA NMDP Hawaiian or other Pacific Islander,9.99960001599936e-05,11499,4-digit
DRB1,DRB1*04:95,USA NMDP Hawaiian or other Pacific Islander,9.99960001599936e-05,11499,4-digit
DRB1,DRB1*13:12,USA NMDP Hawaiian or other Pacific Islander,9.99960001599936e-05,11499,4-digit
DRB1,DRB1*11:11,USA NMDP Hawaiian or other Pacific Islander,9.99960001599936e-05,11499,4-digit
DRB1,DRB1*08:09,USA NMDP Hawaiian or other Pacific Islander,8.699652013919443e-05,11499,4-digit
DRB1,DRB1*15:14,USA NMDP Hawaiian or other Pacific Islander,8.699652013919443e-05,11499,4-digit
DRB1,DRB1*15:04,USA NMDP Hawaiian or other Pacific Islander,8.699652013919443e-05,11499,4-digit
DRB1,DRB1*14:100,USA NMDP Hawaiian or other Pacific Islander,8.699652013919443e-05,11499,4-digit
DRB1,DRB1*14:15,USA NMDP Hawaiian or other Pacific Islander,8.699652013919443e-05,11499,4-digit
DRB1,DRB1*13:30,USA NMDP Hawaiian or other Pacific Islander,8.699652013919443e-05,11499,4-digit
DRB1,DRB1*13:04,USA NMDP Hawaiian or other Pacific Islander,8.699652013919443e-05,11499,4-digit
DRB1,DRB1*13:40,USA NMDP Hawaiian or other Pacific Islander,4.2998280068797246e-05,11499,4-digit
DRB1,DRB1*15:38,USA NMDP Hawaiian or other Pacific Islander,4.2998280068797246e-05,11499,4-digit
DRB1,DRB1*04:74,USA NMDP Hawaiian or other Pacific Islander,4.2998280068797246e-05,11499,4-digit
DRB1,DRB1*08:32,USA NMDP Hawaiian or other Pacific Islander,4.2998280068797246e-05,11499,4-digit
DRB1,DRB1*07:03,USA NMDP Hawaiian or other Pacific Islander,4.2998280068797246e-05,11499,4-digit
DRB1,DRB1*11:83,USA NMDP Hawaiian or other Pacific Islander,4.2998280068797246e-05,11499,4-digit
DRB1,DRB1*13:36,USA NMDP Hawaiian or other Pacific Islander,4.2998280068797246e-05,11499,4-digit
DRB1,DRB1*14:18,USA NMDP Hawaiian or other Pacific Islander,4.2998280068797246e-05,11499,4-digit
DRB1,DRB1*14:29,USA NMDP Hawaiian or other Pacific Islander,4.2998280068797246e-05,11499,4-digit
DRB1,DRB1*08:11,USA NMDP Hawaiian or other Pacific Islander,4.2998280068797246e-05,11499,4-digit
DRB1,DRB1*13:13,USA NMDP Hawaiian or other Pacific Islander,4.2998280068797246e-05,11499,4-digit
DRB1,DRB1*13:21,USA NMDP Hawaiian or other Pacific Islander,4.2998280068797246e-05,11499,4-digit
DRB1,DRB1*11:13,USA NMDP Hawaiian or other Pacific Islander,4.2998280068797246e-05,11499,4-digit
DRB1,DRB1*11:27,USA NMDP Hawaiian or other Pacific Islander,4.2998280068797246e-05,11499,4-digit
DRB1,DRB1*11:52,USA NMDP Hawaiian or other Pacific Islander,4.2998280068797246e-05,11499,4-digit
DRB1,DRB1*11:95,USA NMDP Hawaiian or other Pacific Islander,2.3999040038398464e-05,11499,4-digit
DRB1,DRB1*11:05,USA NMDP Hawaiian or other Pacific Islander,1.8999240030398785e-05,11499,4-digit
DRB1,DRB1*03:28,USA NMDP Hawaiian or other Pacific Islander,1.5999360025598974e-05,11499,4-digit
DRB1,DRB1*03:18,USA NMDP Hawaiian or other Pacific Islander,1.3999440022399103e-05,11499,4-digit
DRB1,DRB1*03:64,USA NMDP Hawaiian or other Pacific Islander,9.99960001599936e-06,11499,4-digit
DRB1,DRB1*03:16,USA NMDP Hawaiian or other Pacific Islander,2.999880004799808e-06,11499,4-digit
DQB1,DQB1*03:02,USA NMDP Hispanic South or Central American,0.1943696783301804,146714,4-digit
DQB1,DQB1*03:01,USA NMDP Hispanic South or Central American,0.1926699434888157,146714,4-digit
DQB1,DQB1*02:01,USA NMDP Hispanic South or Central American,0.1779722363311323,146714,4-digit
DQB1,DQB1*05:01,USA NMDP Hispanic South or Central American,0.1121824995300733,146714,4-digit
DRB1,DRB1*07:01,USA NMDP Hispanic South or Central American,0.1089979290393482,146714,4-digit
DQB1,DQB1*04:02,USA NMDP Hispanic South or Central American,0.090285915397198,146714,4-digit
DRB1,DRB1*04:07,USA NMDP Hispanic South or Central American,0.0747985788270022,146714,4-digit
DQB1,DQB1*06:02,USA NMDP Hispanic South or Central American,0.0747883330200488,146714,4-digit
DRB1,DRB1*03:01,USA NMDP Hispanic South or Central American,0.069498679525089,146714,4-digit
DRB1,DRB1*15:01,USA NMDP Hispanic South or Central American,0.0591988752213707,146714,4-digit
DRB1,DRB1*08:02,USA NMDP Hispanic South or Central American,0.0555989436200712,146714,4-digit
DQB1,DQB1*06:03,USA NMDP Hispanic South or Central American,0.0491923259971444,146714,4-digit
DRB1,DRB1*13:01,USA NMDP Hispanic South or Central American,0.0477990918172554,146714,4-digit
DRB1,DRB1*01:01,USA NMDP Hispanic South or Central American,0.044399156416028,146714,4-digit
DRB1,DRB1*11:01,USA NMDP Hispanic South or Central American,0.0442991583159919,146714,4-digit
DRB1,DRB1*13:02,USA NMDP Hispanic South or Central American,0.0420992001151978,146714,4-digit
DRB1,DRB1*04:04,USA NMDP Hispanic South or Central American,0.0420992001151978,146714,4-digit
DRB1,DRB1*01:02,USA NMDP Hispanic South or Central American,0.0357993198129235,146714,4-digit
DQB1,DQB1*06:04,USA NMDP Hispanic South or Central American,0.0302952739372657,146714,4-digit
DRB1,DRB1*11:04,USA NMDP Hispanic South or Central American,0.0279994680101078,146714,4-digit
DRB1,DRB1*14:02,USA NMDP Hispanic South or Central American,0.0255995136092414,146714,4-digit
DRB1,DRB1*04:05,USA NMDP Hispanic South or Central American,0.0242995383087721,146714,4-digit
DRB1,DRB1*16:02,USA NMDP Hispanic South or Central American,0.0219995820079418,146714,4-digit
DQB1,DQB1*03:03,USA NMDP Hispanic South or Central American,0.0215966309255756,146714,4-digit
DRB1,DRB1*04:11,USA NMDP Hispanic South or Central American,0.0206996067074725,146714,4-digit
DQB1,DQB1*05:03,USA NMDP Hispanic South or Central American,0.0195969428769112,146714,4-digit
DRB1,DRB1*14:01,USA NMDP Hispanic South or Central American,0.0189996390068588,146714,4-digit
DRB1,DRB1*10:01,USA NMDP Hispanic South or Central American,0.0180996561065339,146714,4-digit
DRB1,DRB1*09:01,USA NMDP Hispanic South or Central American,0.0175996656063534,146714,4-digit
DRB1,DRB1*04:03,USA NMDP Hispanic South or Central American,0.0173996694062812,146714,4-digit
DRB1,DRB1*14:06,USA NMDP Hispanic South or Central American,0.0172996713062451,146714,4-digit
DRB1,DRB1*04:01,USA NMDP Hispanic South or Central American,0.0149997150054148,146714,4-digit
DRB1,DRB1*04:02,USA NMDP Hispanic South or Central American,0.0142997283051622,146714,4-digit
DQB1,DQB1*05:02,USA NMDP Hispanic South or Central American,0.0139978163406508,146714,4-digit
DRB1,DRB1*15:03,USA NMDP Hispanic South or Central American,0.0136997397049456,146714,4-digit
DRB1,DRB1*13:03,USA NMDP Hispanic South or Central American,0.0132997473048012,146714,4-digit
DRB1,DRB1*08:01,USA NMDP Hispanic South or Central American,0.0119997720043319,146714,4-digit
DRB1,DRB1*11:02,USA NMDP Hispanic South or Central American,0.0112997853040792,146714,4-digit
DQB1,DQB1*06:01,USA NMDP Hispanic South or Central American,0.0111982530725206,146714,4-digit
DRB1,DRB1*15:02,USA NMDP Hispanic South or Central American,0.011099789104007,146714,4-digit
DRB1,DRB1*12:01,USA NMDP Hispanic South or Central American,0.0108997929039348,146714,4-digit
DRB1,DRB1*16:01,USA NMDP Hispanic South or Central American,0.0104998005037904,146714,4-digit
DRB1,DRB1*03:02,USA NMDP Hispanic South or Central American,0.0102998043037182,146714,4-digit
DRB1,DRB1*08:04,USA NMDP Hispanic South or Central American,0.0093998214033933,146714,4-digit
DQB1,DQB1*06:09,USA NMDP Hispanic South or Central American,0.0092985494262894,146714,4-digit
DRB1,DRB1*01:03,USA NMDP Hispanic South or Central American,0.0078998499028518,146714,4-digit
DRB1,DRB1*13:04,USA NMDP Hispanic South or Central American,0.0039999240014439,146714,4-digit
DRB1,DRB1*13:05,USA NMDP Hispanic South or Central American,0.0035999316012995,146714,4-digit
DRB1,DRB1*04:10,USA NMDP Hispanic South or Central American,0.0034999335012634,146714,4-digit
DRB1,DRB1*11:03,USA NMDP Hispanic South or Central American,0.0033999354012273,146714,4-digit
DRB1,DRB1*08:03,USA NMDP Hispanic South or Central American,0.0017999658006497,146714,4-digit
DRB1,DRB1*04:08,USA NMDP Hispanic South or Central American,0.0015999696005775,146714,4-digit
DQB1,DQB1*03:04,USA NMDP Hispanic South or Central American,0.001399781634065,146714,4-digit
DRB1,DRB1*04:06,USA NMDP Hispanic South or Central American,0.0012999753004692,146714,4-digit
DRB1,DRB1*08:07,USA NMDP Hispanic South or Central American,0.001099979100397,146714,4-digit
DRB1,DRB1*08:06,USA NMDP Hispanic South or Central American,0.0007999848002887,146714,4-digit
DRB1,DRB1*12:02,USA NMDP Hispanic South or Central American,0.0007999848002887,146714,4-digit
DRB1,DRB1*14:04,USA NMDP Hispanic South or Central American,0.0007999848002887,146714,4-digit
DRB1,DRB1*04:17,USA NMDP Hispanic South or Central American,0.0002999943001082,146714,4-digit
DQB1,DQB1*05:04,USA NMDP Hispanic South or Central American,0.0002999532072996,146714,4-digit
DRB1,DRB1*14:07,USA NMDP Hispanic South or Central American,0.0001999962000721,146714,4-digit
DRB1,DRB1*14:24,USA NMDP Hispanic South or Central American,0.0001999962000721,146714,4-digit
DQB1,DQB1*03:05,USA NMDP Hispanic South or Central American,0.0001999688048664,146714,4-digit
DQB1,DQB1*02:03,USA NMDP Hispanic South or Central American,0.0001999688048664,146714,4-digit
DRB1,DRB1*03:15,USA NMDP Hispanic South or Central American,9.999810003609932e-05,146714,4-digit
DRB1,DRB1*11:14,USA NMDP Hispanic South or Central American,9.999810003609932e-05,146714,4-digit
DQB1,DQB1*06:11,USA NMDP Hispanic South or Central American,9.99844024332204e-05,146714,4-digit
DRB1,DRB1*11:15,USA NMDP Hispanic South or Central American,9.899811903573831e-05,146714,4-digit
DQB1,DQB1*06:08,USA NMDP Hispanic South or Central American,9.59850263358916e-05,146714,4-digit
DRB1,DRB1*07:11,USA NMDP Hispanic South or Central American,9.199825203321135e-05,146714,4-digit
DQB1,DQB1*03:10,USA NMDP Hispanic South or Central American,8.998596218989838e-05,146714,4-digit
DQB1,DQB1*06:05,USA NMDP Hispanic South or Central American,8.598658609256956e-05,146714,4-digit
DRB1,DRB1*14:48,USA NMDP Hispanic South or Central American,8.499838503068442e-05,146714,4-digit
DQB1,DQB1*03:25,USA NMDP Hispanic South or Central American,8.398689804390514e-05,146714,4-digit
DRB1,DRB1*13:40,USA NMDP Hispanic South or Central American,8.199844202960144e-05,146714,4-digit
DRB1,DRB1*11:47,USA NMDP Hispanic South or Central American,7.799851802815746e-05,146714,4-digit
DRB1,DRB1*04:09,USA NMDP Hispanic South or Central American,7.19986320259915e-05,146714,4-digit
DRB1,DRB1*08:10,USA NMDP Hispanic South or Central American,7.19986320259915e-05,146714,4-digit
DRB1,DRB1*09:06,USA NMDP Hispanic South or Central American,6.799870802454753e-05,146714,4-digit
DRB1,DRB1*03:04,USA NMDP Hispanic South or Central American,6.499876502346454e-05,146714,4-digit
DRB1,DRB1*11:12,USA NMDP Hispanic South or Central American,6.499876502346454e-05,146714,4-digit
DRB1,DRB1*13:11,USA NMDP Hispanic South or Central American,6.499876502346454e-05,146714,4-digit
DRB1,DRB1*14:17,USA NMDP Hispanic South or Central American,6.099884102202058e-05,146714,4-digit
DRB1,DRB1*11:13,USA NMDP Hispanic South or Central American,6.099884102202058e-05,146714,4-digit
DRB1,DRB1*08:13,USA NMDP Hispanic South or Central American,6.099884102202058e-05,146714,4-digit
DRB1,DRB1*13:12,USA NMDP Hispanic South or Central American,5.499895501985463e-05,146714,4-digit
DRB1,DRB1*14:05,USA NMDP Hispanic South or Central American,5.099903101841065e-05,146714,4-digit
DRB1,DRB1*11:19,USA NMDP Hispanic South or Central American,5.099903101841065e-05,146714,4-digit
DRB1,DRB1*14:13,USA NMDP Hispanic South or Central American,4.799908801732767e-05,146714,4-digit
DRB1,DRB1*13:16,USA NMDP Hispanic South or Central American,4.099922101480072e-05,146714,4-digit
DRB1,DRB1*11:45,USA NMDP Hispanic South or Central American,4.099922101480072e-05,146714,4-digit
DRB1,DRB1*13:59,USA NMDP Hispanic South or Central American,4.099922101480072e-05,146714,4-digit
DRB1,DRB1*03:07,USA NMDP Hispanic South or Central American,3.3999354012273764e-05,146714,4-digit
DRB1,DRB1*13:56,USA NMDP Hispanic South or Central American,3.3999354012273764e-05,146714,4-digit
DRB1,DRB1*11:11,USA NMDP Hispanic South or Central American,3.0999411011190786e-05,146714,4-digit
DRB1,DRB1*15:04,USA NMDP Hispanic South or Central American,3.0999411011190786e-05,146714,4-digit
DRB1,DRB1*11:09,USA NMDP Hispanic South or Central American,2.699948700974681e-05,146714,4-digit
DRB1,DRB1*08:09,USA NMDP Hispanic South or Central American,2.699948700974681e-05,146714,4-digit
DRB1,DRB1*08:18,USA NMDP Hispanic South or Central American,2.399954400866384e-05,146714,4-digit
DRB1,DRB1*13:09,USA NMDP Hispanic South or Central American,2.399954400866384e-05,146714,4-digit
DQB1,DQB1*03:01,USA NMDP Vietnamese,0.3331,43540,4-digit
DRB1,DRB1*12:02,USA NMDP Vietnamese,0.2837452371692264,43540,4-digit
DQB1,DQB1*03:03,USA NMDP Vietnamese,0.1427,43540,4-digit
DQB1,DQB1*05:01,USA NMDP Vietnamese,0.138,43540,4-digit
DRB1,DRB1*09:01,USA NMDP Vietnamese,0.1283752235818487,43540,4-digit
DQB1,DQB1*02:01,USA NMDP Vietnamese,0.1043,43540,4-digit
DRB1,DRB1*10:01,USA NMDP Vietnamese,0.0732858558298248,43540,4-digit
DRB1,DRB1*15:02,USA NMDP Vietnamese,0.0708863189404445,43540,4-digit
DQB1,DQB1*06:01,USA NMDP Vietnamese,0.0668,43540,4-digit
DRB1,DRB1*07:01,USA NMDP Vietnamese,0.0638876696797518,43540,4-digit
DQB1,DQB1*05:02,USA NMDP Vietnamese,0.0578,43540,4-digit
DRB1,DRB1*03:01,USA NMDP Vietnamese,0.0533896957887127,43540,4-digit
DRB1,DRB1*04:05,USA NMDP Vietnamese,0.0484906413062279,43540,4-digit
DQB1,DQB1*04:01,USA NMDP Vietnamese,0.046,43540,4-digit
DRB1,DRB1*08:03,USA NMDP Vietnamese,0.0398923007859483,43540,4-digit
DRB1,DRB1*15:01,USA NMDP Vietnamese,0.0386925323412581,43540,4-digit
DQB1,DQB1*03:02,USA NMDP Vietnamese,0.0331,43540,4-digit
DRB1,DRB1*14:01,USA NMDP Vietnamese,0.0303941339321511,43540,4-digit
DQB1,DQB1*05:03,USA NMDP Vietnamese,0.0298,43540,4-digit
DRB1,DRB1*16:02,USA NMDP Vietnamese,0.0234954653751825,43540,4-digit
DRB1,DRB1*04:03,USA NMDP Vietnamese,0.0203960635597329,43540,4-digit
DRB1,DRB1*13:02,USA NMDP Vietnamese,0.0190963144113186,43540,4-digit
DQB1,DQB1*06:09,USA NMDP Vietnamese,0.0183,43540,4-digit
DRB1,DRB1*11:01,USA NMDP Vietnamese,0.0175966038554559,43540,4-digit
DRB1,DRB1*13:12,USA NMDP Vietnamese,0.0145971827437304,43540,4-digit
DRB1,DRB1*14:04,USA NMDP Vietnamese,0.0129974914841435,43540,4-digit
DQB1,DQB1*06:02,USA NMDP Vietnamese,0.0117,43540,4-digit
DRB1,DRB1*14:05,USA NMDP Vietnamese,0.0089982633351763,43540,4-digit
DQB1,DQB1*06:03,USA NMDP Vietnamese,0.0088,43540,4-digit
DRB1,DRB1*13:01,USA NMDP Vietnamese,0.0083983791128312,43540,4-digit
DRB1,DRB1*11:06,USA NMDP Vietnamese,0.0079984562979345,43540,4-digit
DRB1,DRB1*04:06,USA NMDP Vietnamese,0.0072985913718652,43540,4-digit
DQB1,DQB1*04:02,USA NMDP Vietnamese,0.006,43540,4-digit
DRB1,DRB1*12:01,USA NMDP Vietnamese,0.0053989580011057,43540,4-digit
DRB1,DRB1*04:04,USA NMDP Vietnamese,0.0030994018154496,43540,4-digit
DRB1,DRB1*01:01,USA NMDP Vietnamese,0.002799459704277,43540,4-digit
DRB1,DRB1*04:01,USA NMDP Vietnamese,0.0024995175931045,43540,4-digit
DRB1,DRB1*08:02,USA NMDP Vietnamese,0.0015996912595869,43540,4-digit
DQB1,DQB1*06:04,USA NMDP Vietnamese,0.0014,43540,4-digit
DRB1,DRB1*04:10,USA NMDP Vietnamese,0.0013997298521385,43540,4-digit
DRB1,DRB1*11:04,USA NMDP Vietnamese,0.0011997684446901,43540,4-digit
DQB1,DQB1*03:13,USA NMDP Vietnamese,0.0011,43540,4-digit
DRB1,DRB1*14:18,USA NMDP Vietnamese,0.0009998070372418,43540,4-digit
DRB1,DRB1*04:08,USA NMDP Vietnamese,0.0009998070372418,43540,4-digit
DRB1,DRB1*04:07,USA NMDP Vietnamese,0.0008998263335176,43540,4-digit
DRB1,DRB1*08:09,USA NMDP Vietnamese,0.0007998456297934,43540,4-digit
DRB1,DRB1*01:02,USA NMDP Vietnamese,0.0007998456297934,43540,4-digit
DRB1,DRB1*15:06,USA NMDP Vietnamese,0.0007998456297934,43540,4-digit
DQB1,DQB1*06:10,USA NMDP Vietnamese,0.0007,43540,4-digit
DRB1,DRB1*14:07,USA NMDP Vietnamese,0.000599884222345,43540,4-digit
DRB1,DRB1*14:03,USA NMDP Vietnamese,0.0004999035186209,43540,4-digit
DQB1,DQB1*03:04,USA NMDP Vietnamese,0.0004,43540,4-digit
DRB1,DRB1*08:01,USA NMDP Vietnamese,0.0002999421111725,43540,4-digit
DRB1,DRB1*13:07,USA NMDP Vietnamese,0.0002999421111725,43540,4-digit
DRB1,DRB1*14:02,USA NMDP Vietnamese,0.0002999421111725,43540,4-digit
DRB1,DRB1*16:01,USA NMDP Vietnamese,0.0002999421111725,43540,4-digit
DRB1,DRB1*14:10,USA NMDP Vietnamese,0.0002999421111725,43540,4-digit
DRB1,DRB1*08:04,USA NMDP Vietnamese,0.0002999421111725,43540,4-digit
DRB1,DRB1*14:25,USA NMDP Vietnamese,0.0001999614074483,43540,4-digit
DRB1,DRB1*13:03,USA NMDP Vietnamese,0.0001999614074483,43540,4-digit
DRB1,DRB1*01:03,USA NMDP Vietnamese,0.0001999614074483,43540,4-digit
DRB1,DRB1*14:22,USA NMDP Vietnamese,9.998070372418124e-05,43540,4-digit
DRB1,DRB1*15:03,USA NMDP Vietnamese,9.998070372418124e-05,43540,4-digit
DRB1,DRB1*03:02,USA NMDP Vietnamese,9.998070372418124e-05,43540,4-digit
DRB1,DRB1*14:61,USA NMDP Vietnamese,9.198224742624674e-05,43540,4-digit
DRB1,DRB1*08:14,USA NMDP Vietnamese,7.9984562979345e-05,43540,4-digit
DRB1,DRB1*08:19,USA NMDP Vietnamese,7.9984562979345e-05,43540,4-digit
DRB1,DRB1*11:02,USA NMDP Vietnamese,7.9984562979345e-05,43540,4-digit
DRB1,DRB1*13:13,USA NMDP Vietnamese,6.898668556968505e-05,43540,4-digit
DRB1,DRB1*15:04,USA NMDP Vietnamese,6.898668556968505e-05,43540,4-digit
DRB1,DRB1*12:19,USA NMDP Vietnamese,5.698900112278331e-05,43540,4-digit
DRB1,DRB1*11:03,USA NMDP Vietnamese,5.698900112278331e-05,43540,4-digit
DRB1,DRB1*11:08,USA NMDP Vietnamese,4.599112371312337e-05,43540,4-digit
DRB1,DRB1*04:02,USA NMDP Vietnamese,4.599112371312337e-05,43540,4-digit
DRB1,DRB1*14:44,USA NMDP Vietnamese,3.399343926622162e-05,43540,4-digit
DRB1,DRB1*09:02,USA NMDP Vietnamese,3.399343926622162e-05,43540,4-digit
DRB1,DRB1*04:11,USA NMDP Vietnamese,3.399343926622162e-05,43540,4-digit
DRB1,DRB1*15:11,USA NMDP Vietnamese,2.299556185656169e-05,43540,4-digit
DRB1,DRB1*13:05,USA NMDP Vietnamese,2.299556185656169e-05,43540,4-digit
DRB1,DRB1*14:52,USA NMDP Vietnamese,2.299556185656169e-05,43540,4-digit
DRB1,DRB1*15:15,USA NMDP Vietnamese,2.299556185656169e-05,43540,4-digit
DRB1,DRB1*14:06,USA NMDP Vietnamese,2.299556185656169e-05,43540,4-digit
DRB1,DRB1*14:08,USA NMDP Vietnamese,1.0997877409659937e-05,43540,4-digit
DRB1,DRB1*04:51,USA NMDP Vietnamese,1.0997877409659937e-05,43540,4-digit
DRB1,DRB1*15:13,USA NMDP Vietnamese,1.0997877409659937e-05,43540,4-digit
DRB1,DRB1*16:18,USA NMDP Vietnamese,1.0997877409659937e-05,43540,4-digit
DRB1,DRB1*08:06,USA NMDP Vietnamese,1.0997877409659937e-05,43540,4-digit
DRB1,DRB1*11:66,USA NMDP Vietnamese,1.0997877409659937e-05,43540,4-digit
DRB1,DRB1*12:03,USA NMDP Vietnamese,1.0997877409659937e-05,43540,4-digit
DRB1,DRB1*13:21,USA NMDP Vietnamese,1.0997877409659937e-05,43540,4-digit
DRB1,DRB1*07:10N,USA NMDP Vietnamese,4.999035186209062e-06,43540,4-digit
DRB1,DRB1*07:13,USA NMDP Vietnamese,3.99922814896725e-06,43540,4-digit
DRB1,DRB1*07:09,USA NMDP Vietnamese,2.999421111725437e-06,43540,4-digit
DQB1,DQB1*03:01,Vietnam Kinh  DQB1,0.3588152891735041,2076,4-digit
DQB1,DQB1*05:01,Vietnam Kinh  DQB1,0.128477086251751,2076,4-digit
DQB1,DQB1*03:03,Vietnam Kinh  DQB1,0.1221733039823894,2076,4-digit
DQB1,DQB1*06:01,Vietnam Kinh  DQB1,0.0720432259355613,2076,4-digit
DQB1,DQB1*05:02,Vietnam Kinh  DQB1,0.0662397438463077,2076,4-digit
DQB1,DQB1*02:01,Vietnam Kinh  DQB1,0.0530318190914548,2076,4-digit
DQB1,DQB1*04:01,Vietnam Kinh  DQB1,0.0424254552731639,2076,4-digit
DQB1,DQB1*02:02,Vietnam Kinh  DQB1,0.042125275165099,2076,4-digit
DQB1,DQB1*03:02,Vietnam Kinh  DQB1,0.0395237142285371,2076,4-digit
DQB1,DQB1*05:03,Vietnam Kinh  DQB1,0.02791675005003,2076,4-digit
DQB1,DQB1*06:09,Vietnam Kinh  DQB1,0.0149089453672203,2076,4-digit
DQB1,DQB1*06:02,Vietnam Kinh  DQB1,0.0116069641785071,2076,4-digit
DQB1,DQB1*06:03,Vietnam Kinh  DQB1,0.006704022413448,2076,4-digit
DQB1,DQB1*04:02,Vietnam Kinh  DQB1,0.0048028817290374,2076,4-digit
DQB1,DQB1*06:05,Vietnam Kinh  DQB1,0.0029017410446267,2076,4-digit
DQB1,DQB1*06:04,Vietnam Kinh  DQB1,0.0017010206123674,2076,4-digit
DQB1,DQB1*06:10,Vietnam Kinh  DQB1,0.0014008405043025,2076,4-digit
DQB1,DQB1*03:04,Vietnam Kinh  DQB1,0.0012007204322593,2076,4-digit
DQB1,DQB1*03:10,Vietnam Kinh  DQB1,0.0010006003602161,2076,4-digit
DQB1,DQB1*03:65,Vietnam Kinh  DQB1,0.000500300180108,2076,4-digit
DQB1,DQB1*05:05,Vietnam Kinh  DQB1,0.000500300180108,2076,4-digit
DQB1,DQB1*03:01,Poland BMR,0.1765726069654625,23595,4-digit
DRB1,DRB1*07:01,Poland BMR,0.1491573410004738,23595,4-digit
DRB1,DRB1*15:01,Poland BMR,0.1297628878140851,23595,4-digit
DQB1,DQB1*06:02,Poland BMR,0.1294701182435302,23595,4-digit
DQB1,DQB1*02:01,Poland BMR,0.115154744185535,23595,4-digit
DQB1,DQB1*02:02,Poland BMR,0.1128556477304419,23595,4-digit
DRB1,DRB1*03:01,Poland BMR,0.1088318740840119,23595,4-digit
DRB1,DRB1*01:01,Poland BMR,0.0987927452748513,23595,4-digit
DQB1,DQB1*06:03,Poland BMR,0.0858662545619571,23595,4-digit
DQB1,DQB1*05:01,Poland BMR,0.0843878355806168,23595,4-digit
DQB1,DQB1*03:02,Poland BMR,0.0807682580745766,23595,4-digit
DRB1,DRB1*11:01,Poland BMR,0.0746846401929048,23595,4-digit
DRB1,DRB1*13:01,Poland BMR,0.0723792995203371,23595,4-digit
DQB1,DQB1*05:02,Poland BMR,0.0624964388995124,23595,4-digit
DRB1,DRB1*16:01,Poland BMR,0.053905583003261,23595,4-digit
DRB1,DRB1*04:01,Poland BMR,0.0523850178848849,23595,4-digit
DQB1,DQB1*03:03,Poland BMR,0.0519795720281929,23595,4-digit
DRB1,DRB1*11:04,Poland BMR,0.0412881915772089,23595,4-digit
DQB1,DQB1*04:02,Poland BMR,0.033986643249203,23595,4-digit
DRB1,DRB1*08:01,Poland BMR,0.0319908506167236,23595,4-digit
DRB1,DRB1*13:02,Poland BMR,0.0263924517587969,23595,4-digit
DQB1,DQB1*06:04,Poland BMR,0.0232118777320513,23595,4-digit
DRB1,DRB1*04:04,Poland BMR,0.0222936240235292,23595,4-digit
DQB1,DQB1*05:03,Poland BMR,0.0209917502421548,23595,4-digit
DRB1,DRB1*13:03,Poland BMR,0.0207940529008703,23595,4-digit
DRB1,DRB1*14:54,Poland BMR,0.0171950822064889,23595,4-digit
DRB1,DRB1*12:01,Poland BMR,0.0146957970020574,23595,4-digit
DRB1,DRB1*11:03,Poland BMR,0.0111967977158532,23595,4-digit
DRB1,DRB1*04:02,Poland BMR,0.0099971408177261,23595,4-digit
DRB1,DRB1*01:02,Poland BMR,0.0083975982868899,23595,4-digit
DRB1,DRB1*10:01,Poland BMR,0.0079977126541809,23595,4-digit
DQB1,DQB1*06:01,Poland BMR,0.0067973286498406,23595,4-digit
DRB1,DRB1*15:02,Poland BMR,0.0067190783435937,23595,4-digit
DRB1,DRB1*04:03,Poland BMR,0.0064981415315219,23595,4-digit
DRB1,DRB1*04:08,Poland BMR,0.0055983988579266,23595,4-digit
DQB1,DQB1*03:04,Poland BMR,0.0049980357719416,23595,4-digit
DRB1,DRB1*09:01,Poland BMR,0.0048985990006858,23595,4-digit
DQB1,DQB1*06:09,Poland BMR,0.0047981143410639,23595,4-digit
DRB1,DRB1*04:07,Poland BMR,0.0044987133679767,23595,4-digit
DRB1,DRB1*04:05,Poland BMR,0.0028991708371405,23595,4-digit
DQB1,DQB1*05:04,Poland BMR,0.0026989393168484,23595,4-digit
DRB1,DRB1*14:01,Poland BMR,0.0024992852044315,23595,4-digit
DRB1,DRB1*08:03,Poland BMR,0.0017994853471907,23595,4-digit
DRB1,DRB1*08:04,Poland BMR,0.0017994853471907,23595,4-digit
DRB1,DRB1*16:02,Poland BMR,0.0016995139390134,23595,4-digit
DRB1,DRB1*01:03,Poland BMR,0.0013995997144816,23595,4-digit
DRB1,DRB1*11:02,Poland BMR,0.0010996854899498,23595,4-digit
DRB1,DRB1*13:05,Poland BMR,0.0009997140817726,23595,4-digit
DRB1,DRB1*14:04,Poland BMR,0.0009997140817726,23595,4-digit
DQB1,DQB1*03:05,Poland BMR,0.0008996464389494,23595,4-digit
DQB1,DQB1*03:19,Poland BMR,0.0007996857235106,23595,4-digit
DRB1,DRB1*04:06,Poland BMR,0.0006997998572408,23595,4-digit
DRB1,DRB1*15:03,Poland BMR,0.000399885632709,23595,4-digit
DRB1,DRB1*13:15,Poland BMR,0.000399885632709,23595,4-digit
DQB1,DQB1*06:39,Poland BMR,0.0003998428617553,23595,4-digit
DRB1,DRB1*03:04,Poland BMR,0.0001999428163545,23595,4-digit
DRB1,DRB1*11:12,Poland BMR,0.0001999428163545,23595,4-digit
DRB1,DRB1*08:02,Poland BMR,0.0001999428163545,23595,4-digit
DRB1,DRB1*11:27,Poland BMR,0.0001999428163545,23595,4-digit
DRB1,DRB1*14:05,Poland BMR,0.0001999428163545,23595,4-digit
DRB1,DRB1*03:02,Poland BMR,0.0001999428163545,23595,4-digit
DQB1,DQB1*06:07,Poland BMR,0.0001489414660038,23595,4-digit
DRB1,DRB1*14:07,Poland BMR,0.0001269636883851,23595,4-digit
DRB1,DRB1*08:10,Poland BMR,9.997140817726131e-05,23595,4-digit
DRB1,DRB1*12:02,Poland BMR,9.997140817726131e-05,23595,4-digit
DRB1,DRB1*03:06,Poland BMR,9.997140817726131e-05,23595,4-digit
DRB1,DRB1*11:43,Poland BMR,8.49756969506721e-05,23595,4-digit
DRB1,DRB1*15:07,Poland BMR,8.49756969506721e-05,23595,4-digit
DQB1,DQB1*03:12,Poland BMR,8.496660812300765e-05,23595,4-digit
DQB1,DQB1*04:01,Poland BMR,8.496660812300765e-05,23595,4-digit
DRB1,DRB1*04:10,Poland BMR,6.398170123344723e-05,23595,4-digit
DRB1,DRB1*14:02,Poland BMR,6.398170123344723e-05,23595,4-digit
DQB1,DQB1*02:53Q,Poland BMR,6.397485788085282e-05,23595,4-digit
DQB1,DQB1*05:52,Poland BMR,6.397485788085282e-05,23595,4-digit
DQB1,DQB1*06:13,Poland BMR,6.297525072646449e-05,23595,4-digit
DRB1,DRB1*13:11,Poland BMR,4.198799143444975e-05,23595,4-digit
DRB1,DRB1*11:69,Poland BMR,4.198799143444975e-05,23595,4-digit
DRB1,DRB1*12:10,Poland BMR,4.198799143444975e-05,23595,4-digit
DRB1,DRB1*03:43,Poland BMR,4.198799143444975e-05,23595,4-digit
DRB1,DRB1*04:72,Poland BMR,4.198799143444975e-05,23595,4-digit
DRB1,DRB1*14:03,Poland BMR,4.198799143444975e-05,23595,4-digit
DRB1,DRB1*15:40,Poland BMR,4.198799143444975e-05,23595,4-digit
DRB1,DRB1*11:19,Poland BMR,4.198799143444975e-05,23595,4-digit
DRB1,DRB1*07:10N,Poland BMR,4.198799143444975e-05,23595,4-digit
DRB1,DRB1*04:71,Poland BMR,4.198799143444975e-05,23595,4-digit
DRB1,DRB1*13:14,Poland BMR,4.198799143444975e-05,23595,4-digit
DRB1,DRB1*13:19,Poland BMR,4.198799143444975e-05,23595,4-digit
DRB1,DRB1*04:50,Poland BMR,4.198799143444975e-05,23595,4-digit
DQB1,DQB1*05:104,Poland BMR,4.1983500484309663e-05,23595,4-digit
DQB1,DQB1*03:109,Poland BMR,4.1983500484309663e-05,23595,4-digit
DQB1,DQB1*03:47,Poland BMR,4.1983500484309663e-05,23595,4-digit
DQB1,DQB1*02:17,Poland BMR,4.1983500484309663e-05,23595,4-digit
DQB1,DQB1*06:14,Poland BMR,4.1983500484309663e-05,23595,4-digit
DRB1,DRB1*03:67N,Poland BMR,2.0993995717224876e-05,23595,4-digit
DRB1,DRB1*12:11,Poland BMR,2.0993995717224876e-05,23595,4-digit
DRB1,DRB1*16:04,Poland BMR,2.0993995717224876e-05,23595,4-digit
DRB1,DRB1*15:85,Poland BMR,2.0993995717224876e-05,23595,4-digit
DRB1,DRB1*15:13,Poland BMR,2.0993995717224876e-05,23595,4-digit
DRB1,DRB1*15:06,Poland BMR,2.0993995717224876e-05,23595,4-digit
DRB1,DRB1*14:12,Poland BMR,2.0993995717224876e-05,23595,4-digit
DQB1,DQB1*03:01,China Zhejiang Han,0.2104579084183163,1734,4-digit
DQB1,DQB1*03:03,China Zhejiang Han,0.1914617076584683,1734,4-digit
DRB1,DRB1*09:01,China Zhejiang Han,0.1795461361591522,1734,4-digit
DQB1,DQB1*06:01,China Zhejiang Han,0.1207758448310338,1734,4-digit
DRB1,DRB1*12:02,China Zhejiang Han,0.0956712986104168,1734,4-digit
DRB1,DRB1*08:03,China Zhejiang Han,0.0953713885834249,1734,4-digit
DRB1,DRB1*15:01,China Zhejiang Han,0.0867739678096571,1734,4-digit
DQB1,DQB1*03:02,China Zhejiang Han,0.0688862227554489,1734,4-digit
DRB1,DRB1*11:01,China Zhejiang Han,0.0683794861541537,1734,4-digit
DQB1,DQB1*05:02,China Zhejiang Han,0.0668866226754649,1734,4-digit
DRB1,DRB1*07:01,China Zhejiang Han,0.0659802059382185,1734,4-digit
DQB1,DQB1*02:01,China Zhejiang Han,0.05998800239952,1734,4-digit
DRB1,DRB1*03:01,China Zhejiang Han,0.0599820053983804,1734,4-digit
DQB1,DQB1*06:02,China Zhejiang Han,0.0558888222355528,1734,4-digit
DQB1,DQB1*02:02,China Zhejiang Han,0.0556888622275544,1734,4-digit
DRB1,DRB1*04:05,China Zhejiang Han,0.0550834749575127,1734,4-digit
DQB1,DQB1*04:01,China Zhejiang Han,0.0518896220755848,1734,4-digit
DQB1,DQB1*05:03,China Zhejiang Han,0.035492901419716,1734,4-digit
DRB1,DRB1*16:02,China Zhejiang Han,0.0342897130860741,1734,4-digit
DRB1,DRB1*12:01,China Zhejiang Han,0.0328901329601119,1734,4-digit
DQB1,DQB1*05:01,China Zhejiang Han,0.031993601279744,1734,4-digit
DRB1,DRB1*13:02,China Zhejiang Han,0.0299910026991902,1734,4-digit
DRB1,DRB1*04:06,China Zhejiang Han,0.0293911826452064,1734,4-digit
DRB1,DRB1*14:54,China Zhejiang Han,0.0233929821053683,1734,4-digit
DQB1,DQB1*06:09,China Zhejiang Han,0.0207958408318336,1734,4-digit
DRB1,DRB1*14:05,China Zhejiang Han,0.0201939418174547,1734,4-digit
DRB1,DRB1*15:02,China Zhejiang Han,0.0181945416375087,1734,4-digit
DRB1,DRB1*04:04,China Zhejiang Han,0.0155953214035789,1734,4-digit
DRB1,DRB1*04:03,China Zhejiang Han,0.0149955013495951,1734,4-digit
DRB1,DRB1*01:01,China Zhejiang Han,0.0140957712686194,1734,4-digit
DRB1,DRB1*10:01,China Zhejiang Han,0.0123962811156653,1734,4-digit
DQB1,DQB1*04:02,China Zhejiang Han,0.010997800439912,1734,4-digit
DQB1,DQB1*06:04,China Zhejiang Han,0.0091981603679264,1734,4-digit
DRB1,DRB1*04:01,China Zhejiang Han,0.0086973907827651,1734,4-digit
DRB1,DRB1*08:02,China Zhejiang Han,0.0065980205938218,1734,4-digit
DQB1,DQB1*06:03,China Zhejiang Han,0.005498900219956,1734,4-digit
DRB1,DRB1*13:01,China Zhejiang Han,0.0054983504948515,1734,4-digit
DRB1,DRB1*14:04,China Zhejiang Han,0.0034989503149055,1734,4-digit
DRB1,DRB1*14:03,China Zhejiang Han,0.0028991302609217,1734,4-digit
DRB1,DRB1*08:09,China Zhejiang Han,0.0028991302609217,1734,4-digit
DRB1,DRB1*13:12,China Zhejiang Han,0.0028991302609217,1734,4-digit
DRB1,DRB1*04:10,China Zhejiang Han,0.001999400179946,1734,4-digit
DRB1,DRB1*11:04,China Zhejiang Han,0.0016994901529541,1734,4-digit
DRB1,DRB1*04:07,China Zhejiang Han,0.0016994901529541,1734,4-digit
DQB1,DQB1*03:13,China Zhejiang Han,0.0013997200559888,1734,4-digit
DRB1,DRB1*14:07,China Zhejiang Han,0.0013995801259622,1734,4-digit
DRB1,DRB1*14:18,China Zhejiang Han,0.0013995801259622,1734,4-digit
DRB1,DRB1*04:08,China Zhejiang Han,0.0011996401079676,1734,4-digit
DRB1,DRB1*15:04,China Zhejiang Han,0.0011996401079676,1734,4-digit
DQB1,DQB1*03:05,China Zhejiang Han,0.0008998200359928,1734,4-digit
DQB1,DQB1*05:04,China Zhejiang Han,0.0005998800239952,1734,4-digit
DRB1,DRB1*04:02,China Zhejiang Han,0.0005998200539838,1734,4-digit
DRB1,DRB1*11:06,China Zhejiang Han,0.0005998200539838,1734,4-digit
DRB1,DRB1*01:02,China Zhejiang Han,0.0005998200539838,1734,4-digit
DRB1,DRB1*14:02,China Zhejiang Han,0.0005998200539838,1734,4-digit
DQB1,DQB1*03:57,China Zhejiang Han,0.0002999400119976,1734,4-digit
DQB1,DQB1*03:17,China Zhejiang Han,0.0002999400119976,1734,4-digit
DQB1,DQB1*06:10,China Zhejiang Han,0.0002999400119976,1734,4-digit
DQB1,DQB1*03:04,China Zhejiang Han,0.0002999400119976,1734,4-digit
DRB1,DRB1*13:07,China Zhejiang Han,0.0002999100269919,1734,4-digit
DRB1,DRB1*13:03,China Zhejiang Han,0.0002999100269919,1734,4-digit
DRB1,DRB1*12:08,China Zhejiang Han,0.0002999100269919,1734,4-digit
DRB1,DRB1*16:10,China Zhejiang Han,0.0002999100269919,1734,4-digit
DRB1,DRB1*16:01,China Zhejiang Han,0.0002999100269919,1734,4-digit
DRB1,DRB1*04:78,China Zhejiang Han,0.0002999100269919,1734,4-digit
DRB1,DRB1*07:01,China Jiangsu Han,0.1574489287493771,3238,4-digit
DRB1,DRB1*09:01,China Jiangsu Han,0.1524663677130044,3238,4-digit
DRB1,DRB1*15:01,China Jiangsu Han,0.097259591429995,3238,4-digit
DRB1,DRB1*12:02,China Jiangsu Han,0.0732436472346786,3238,4-digit
DRB1,DRB1*08:03,China Jiangsu Han,0.0577977080219232,3238,4-digit
DRB1,DRB1*13:02,China Jiangsu Han,0.0576980568011958,3238,4-digit
DRB1,DRB1*04:05,China Jiangsu Han,0.0548081714000996,3238,4-digit
DRB1,DRB1*03:01,China Jiangsu Han,0.0488290981564524,3238,4-digit
DRB1,DRB1*11:01,China Jiangsu Han,0.0418535127055306,3238,4-digit
DRB1,DRB1*12:01,China Jiangsu Han,0.0375685102142501,3238,4-digit
DRB1,DRB1*04:06,China Jiangsu Han,0.0298953662182361,3238,4-digit
DRB1,DRB1*15:02,China Jiangsu Han,0.0296960637767812,3238,4-digit
DRB1,DRB1*01:01,China Jiangsu Han,0.0229197807673143,3238,4-digit
DRB1,DRB1*14:05,China Jiangsu Han,0.0200298953662182,3238,4-digit
DRB1,DRB1*16:02,China Jiangsu Han,0.0161434977578475,3238,4-digit
DRB1,DRB1*10:01,China Jiangsu Han,0.0139511709018435,3238,4-digit
DRB1,DRB1*04:03,China Jiangsu Han,0.0119581464872944,3238,4-digit
DRB1,DRB1*13:01,China Jiangsu Han,0.0112605879422022,3238,4-digit
DRB1,DRB1*04:04,China Jiangsu Han,0.0099651220727453,3238,4-digit
DRB1,DRB1*04:01,China Jiangsu Han,0.0099651220727453,3238,4-digit
DRB1,DRB1*14:04,China Jiangsu Han,0.0061783756851021,3238,4-digit
DRB1,DRB1*08:02,China Jiangsu Han,0.0049825610363726,3238,4-digit
DRB1,DRB1*11:04,China Jiangsu Han,0.0049825610363726,3238,4-digit
DRB1,DRB1*14:03,China Jiangsu Han,0.0047832585949177,3238,4-digit
DRB1,DRB1*13:12,China Jiangsu Han,0.003089187842551,3238,4-digit
DRB1,DRB1*04:07,China Jiangsu Han,0.0029895366218236,3238,4-digit
DRB1,DRB1*14:01,China Jiangsu Han,0.0028898854010961,3238,4-digit
DRB1,DRB1*04:02,China Jiangsu Han,0.001993024414549,3238,4-digit
DRB1,DRB1*14:07,China Jiangsu Han,0.001993024414549,3238,4-digit
DRB1,DRB1*01:02,China Jiangsu Han,0.001993024414549,3238,4-digit
DRB1,DRB1*04:10,China Jiangsu Han,0.001993024414549,3238,4-digit
DRB1,DRB1*04:08,China Jiangsu Han,0.001993024414549,3238,4-digit
DRB1,DRB1*08:09,China Jiangsu Han,0.0009965122072745,3238,4-digit
DRB1,DRB1*08:04,China Jiangsu Han,0.0009965122072745,3238,4-digit
DRB1,DRB1*13:07,China Jiangsu Han,0.0005979073243647,3238,4-digit
DRB1,DRB1*14:18,China Jiangsu Han,0.0005979073243647,3238,4-digit
DRB1,DRB1*13:03,China Jiangsu Han,0.0002989536621823,3238,4-digit
DRB1,DRB1*14:10,China Jiangsu Han,0.0002989536621823,3238,4-digit
DRB1,DRB1*12:08,China Jiangsu Han,0.0002989536621823,3238,4-digit
DRB1,DRB1*16:01,China Jiangsu Han,0.0002989536621823,3238,4-digit
DRB1,DRB1*14:02,China Jiangsu Han,0.0001993024414549,3238,4-digit
DRB1,DRB1*11:28,China Jiangsu Han,0.0001993024414549,3238,4-digit
DRB1,DRB1*14:06,China Jiangsu Han,0.0001993024414549,3238,4-digit
DRB1,DRB1*14:49,China Jiangsu Han,0.0001993024414549,3238,4-digit
DRB1,DRB1*15:04,China Jiangsu Han,0.0001993024414549,3238,4-digit
DRB1,DRB1*03:01,Croatia pop 4,0.1001,4000,4-digit
DRB1,DRB1*01:01,Croatia pop 4,0.0979,4000,4-digit
DRB1,DRB1*07:01,Croatia pop 4,0.0978,4000,4-digit
DRB1,DRB1*16:01,Croatia pop 4,0.0941,4000,4-digit
DRB1,DRB1*15:01,Croatia pop 4,0.0871,4000,4-digit
DRB1,DRB1*11:01,Croatia pop 4,0.0788,4000,4-digit
DRB1,DRB1*11:04,Croatia pop 4,0.0766,4000,4-digit
DRB1,DRB1*13:01,Croatia pop 4,0.0644,4000,4-digit
DRB1,DRB1*13:02,Croatia pop 4,0.0441,4000,4-digit
DRB1,DRB1*14:01,Croatia pop 4,0.037,4000,4-digit
DRB1,DRB1*04:01,Croatia pop 4,0.0296,4000,4-digit
DRB1,DRB1*08:01,Croatia pop 4,0.0294,4000,4-digit
DRB1,DRB1*04:02,Croatia pop 4,0.0255,4000,4-digit
DRB1,DRB1*04:03,Croatia pop 4,0.0157,4000,4-digit
DRB1,DRB1*12:01,Croatia pop 4,0.0154,4000,4-digit
DRB1,DRB1*04:04,Croatia pop 4,0.0146,4000,4-digit
DRB1,DRB1*01:02,Croatia pop 4,0.0135,4000,4-digit
DRB1,DRB1*15:02,Croatia pop 4,0.0125,4000,4-digit
DRB1,DRB1*10:01,Croatia pop 4,0.0104,4000,4-digit
DRB1,DRB1*16:02,Croatia pop 4,0.0101,4000,4-digit
DRB1,DRB1*13:03,Croatia pop 4,0.009,4000,4-digit
DRB1,DRB1*11:03,Croatia pop 4,0.0088,4000,4-digit
DRB1,DRB1*04:05,Croatia pop 4,0.0036,4000,4-digit
DRB1,DRB1*08:04,Croatia pop 4,0.0032,4000,4-digit
DRB1,DRB1*04:08,Croatia pop 4,0.0031,4000,4-digit
DRB1,DRB1*13:05,Croatia pop 4,0.0029,4000,4-digit
DRB1,DRB1*04:07,Croatia pop 4,0.0027,4000,4-digit
DRB1,DRB1*09:01,Croatia pop 4,0.0026,4000,4-digit
DRB1,DRB1*11:02,Croatia pop 4,0.0018,4000,4-digit
DRB1,DRB1*01:03,Croatia pop 4,0.0016,4000,4-digit
DRB1,DRB1*14:04,Croatia pop 4,0.0015,4000,4-digit
DRB1,DRB1*08:02,Croatia pop 4,0.0011,4000,4-digit
DRB1,DRB1*11:11,Croatia pop 4,0.0007,4000,4-digit
DRB1,DRB1*08:03,Croatia pop 4,0.0006,4000,4-digit
DRB1,DRB1*15:03,Croatia pop 4,0.0005,4000,4-digit
DRB1,DRB1*04:15,Croatia pop 4,0.0004,4000,4-digit
DRB1,DRB1*04:06,Croatia pop 4,0.0004,4000,4-digit
DRB1,DRB1*14:07,Croatia pop 4,0.0002,4000,4-digit
DRB1,DRB1*14:05,Croatia pop 4,0.0001,4000,4-digit
DRB1,DRB1*13:15,Croatia pop 4,0.0001,4000,4-digit
DRB1,DRB1*04:13,Croatia pop 4,0.0001,4000,4-digit
DRB1,DRB1*15:07,Croatia pop 4,0.0001,4000,4-digit
DRB1,DRB1*11:06,Croatia pop 4,0.0001,4000,4-digit
DRB1,DRB1*04:10,Croatia pop 4,0.0001,4000,4-digit
DRB1,DRB1*16:05,Croatia pop 4,0.0001,4000,4-digit
DRB1,DRB1*07:01,France French Bone Marrow Donor Registry,0.1624001638337087,42623,4-digit
DRB1,DRB1*03:01,France French Bone Marrow Donor Registry,0.1212369445013311,42623,4-digit
DRB1,DRB1*15:01,France French Bone Marrow Donor Registry,0.1204177759574032,42623,4-digit
DRB1,DRB1*11:01,France French Bone Marrow Donor Registry,0.0822240425967642,42623,4-digit
DRB1,DRB1*01:01,France French Bone Marrow Donor Registry,0.0805857055089084,42623,4-digit
DRB1,DRB1*13:01,France French Bone Marrow Donor Registry,0.0784353880810976,42623,4-digit
DRB1,DRB1*04:01,France French Bone Marrow Donor Registry,0.0662502559901699,42623,4-digit
DRB1,DRB1*13:02,France French Bone Marrow Donor Registry,0.046283022731927,42623,4-digit
DRB1,DRB1*11:04,France French Bone Marrow Donor Registry,0.0345074749129633,42623,4-digit
DRB1,DRB1*04:04,France French Bone Marrow Donor Registry,0.02795412656154,42623,4-digit
DRB1,DRB1*14:01,France French Bone Marrow Donor Registry,0.027646938357567,42623,4-digit
DRB1,DRB1*08:01,France French Bone Marrow Donor Registry,0.0251894327257833,42623,4-digit
DRB1,DRB1*16:01,France French Bone Marrow Donor Registry,0.0228343231619905,42623,4-digit
DRB1,DRB1*01:02,France French Bone Marrow Donor Registry,0.0159737866065943,42623,4-digit
DRB1,DRB1*04:05,France French Bone Marrow Donor Registry,0.0112635674790088,42623,4-digit
DRB1,DRB1*13:03,France French Bone Marrow Donor Registry,0.0099324185951259,42623,4-digit
DRB1,DRB1*12:01,France French Bone Marrow Donor Registry,0.008703665779234,42623,4-digit
DRB1,DRB1*10:01,France French Bone Marrow Donor Registry,0.008601269711243,42623,4-digit
DRB1,DRB1*04:03,France French Bone Marrow Donor Registry,0.0084988736432521,42623,4-digit
DRB1,DRB1*01:03,France French Bone Marrow Donor Registry,0.0073725168953512,42623,4-digit
DRB1,DRB1*04:02,France French Bone Marrow Donor Registry,0.0069629326233872,42623,4-digit
DRB1,DRB1*04:07,France French Bone Marrow Donor Registry,0.0068605365553962,42623,4-digit
DRB1,DRB1*11:03,France French Bone Marrow Donor Registry,0.0068605365553962,42623,4-digit
DRB1,DRB1*01:07,France French Bone Marrow Donor Registry,0.0065533483514233,42623,4-digit
DRB1,DRB1*09:01,France French Bone Marrow Donor Registry,0.0064509522834323,42623,4-digit
DRB1,DRB1*07:01,Germany DKMS - Austria minority,0.1425142514251425,1698,4-digit
DRB1,DRB1*15:01,Germany DKMS - Austria minority,0.1249124912491249,1698,4-digit
DRB1,DRB1*03:01,Germany DKMS - Austria minority,0.1057105710571057,1698,4-digit
DRB1,DRB1*01:01,Germany DKMS - Austria minority,0.0795079507950795,1698,4-digit
DRB1,DRB1*13:01,Germany DKMS - Austria minority,0.0777077707770777,1698,4-digit
DRB1,DRB1*11:01,Germany DKMS - Austria minority,0.074007400740074,1698,4-digit
DRB1,DRB1*04:01,Germany DKMS - Austria minority,0.0663066306630663,1698,4-digit
DRB1,DRB1*13:02,Germany DKMS - Austria minority,0.0412041204120412,1698,4-digit
DRB1,DRB1*08:01,Germany DKMS - Austria minority,0.0353035303530353,1698,4-digit
DRB1,DRB1*11:04,Germany DKMS - Austria minority,0.0346034603460346,1698,4-digit
DRB1,DRB1*04:04,Germany DKMS - Austria minority,0.0306030603060306,1698,4-digit
DRB1,DRB1*14:01,Germany DKMS - Austria minority,0.0275027502750275,1698,4-digit
DRB1,DRB1*16:01,Germany DKMS - Austria minority,0.0242024202420242,1698,4-digit
DRB1,DRB1*11:03,Germany DKMS - Austria minority,0.015001500150015,1698,4-digit
DRB1,DRB1*12:01,Germany DKMS - Austria minority,0.0144014401440144,1698,4-digit
DRB1,DRB1*13:03,Germany DKMS - Austria minority,0.0141014101410141,1698,4-digit
DRB1,DRB1*01:02,Germany DKMS - Austria minority,0.0115011501150115,1698,4-digit
DRB1,DRB1*15:02,Germany DKMS - Austria minority,0.0096009600960096,1698,4-digit
DRB1,DRB1*10:01,Germany DKMS - Austria minority,0.0091009100910091,1698,4-digit
DRB1,DRB1*09:01,Germany DKMS - Austria minority,0.0085008500850085,1698,4-digit
DRB1,DRB1*04:03,Germany DKMS - Austria minority,0.0082008200820082,1698,4-digit
DRB1,DRB1*04:07,Germany DKMS - Austria minority,0.0077007700770077,1698,4-digit
DRB1,DRB1*04:08,Germany DKMS - Austria minority,0.0071007100710071,1698,4-digit
DRB1,DRB1*04:02,Germany DKMS - Austria minority,0.0053005300530053,1698,4-digit
DRB1,DRB1*04:05,Germany DKMS - Austria minority,0.0038003800380038,1698,4-digit
DRB1,DRB1*11:02,Germany DKMS - Austria minority,0.0027002700270027,1698,4-digit
DRB1,DRB1*08:03,Germany DKMS - Austria minority,0.0027002700270027,1698,4-digit
DRB1,DRB1*16:02,Germany DKMS - Austria minority,0.0024002400240024,1698,4-digit
DRB1,DRB1*08:04,Germany DKMS - Austria minority,0.0021002100210021,1698,4-digit
DRB1,DRB1*08:02,Germany DKMS - Austria minority,0.0021002100210021,1698,4-digit
DRB1,DRB1*01:03,Germany DKMS - Austria minority,0.0018001800180018,1698,4-digit
DRB1,DRB1*13:05,Germany DKMS - Austria minority,0.0018001800180018,1698,4-digit
DRB1,DRB1*04:06,Germany DKMS - Austria minority,0.0012001200120012,1698,4-digit
DRB1,DRB1*14:04,Germany DKMS - Austria minority,0.0009000900090009,1698,4-digit
DRB1,DRB1*11:28,Germany DKMS - Austria minority,0.0003000300030003,1698,4-digit
DRB1,DRB1*11:20,Germany DKMS - Austria minority,0.0003000300030003,1698,4-digit
DRB1,DRB1*11:15,Germany DKMS - Austria minority,0.0003000300030003,1698,4-digit
DRB1,DRB1*04:38,Germany DKMS - Austria minority,0.0003000300030003,1698,4-digit
DRB1,DRB1*11:12,Germany DKMS - Austria minority,0.0003000300030003,1698,4-digit
DRB1,DRB1*13:10,Germany DKMS - Austria minority,0.0003000300030003,1698,4-digit
DRB1,DRB1*13:32,Germany DKMS - Austria minority,0.0003000300030003,1698,4-digit
DRB1,DRB1*13:42,Germany DKMS - Austria minority,0.0003000300030003,1698,4-digit
DRB1,DRB1*13:89,Germany DKMS - Austria minority,0.0003000300030003,1698,4-digit
DRB1,DRB1*03:04,Germany DKMS - Austria minority,0.0003000300030003,1698,4-digit
DRB1,DRB1*03:02,Germany DKMS - Austria minority,0.0003000300030003,1698,4-digit
DRB1,DRB1*11:13,Germany DKMS - Austria minority,0.0003000300030003,1698,4-digit
DRB1,DRB1*11:08,Germany DKMS - Austria minority,0.0003000300030003,1698,4-digit
DRB1,DRB1*03:01,Germany DKMS - Bosnia and Herzegovina minority,0.1075322596779033,1028,4-digit
DRB1,DRB1*07:01,Germany DKMS - Bosnia and Herzegovina minority,0.103631089326798,1028,4-digit
DRB1,DRB1*15:01,Germany DKMS - Bosnia and Herzegovina minority,0.102630789236771,1028,4-digit
DRB1,DRB1*01:01,Germany DKMS - Bosnia and Herzegovina minority,0.0973291987596279,1028,4-digit
DRB1,DRB1*16:01,Germany DKMS - Bosnia and Herzegovina minority,0.081224367310193,1028,4-digit
DRB1,DRB1*11:04,Germany DKMS - Bosnia and Herzegovina minority,0.0686205861758527,1028,4-digit
DRB1,DRB1*13:01,Germany DKMS - Bosnia and Herzegovina minority,0.0603180954286285,1028,4-digit
DRB1,DRB1*11:01,Germany DKMS - Bosnia and Herzegovina minority,0.0589176753025907,1028,4-digit
DRB1,DRB1*13:02,Germany DKMS - Bosnia and Herzegovina minority,0.0438131439431829,1028,4-digit
DRB1,DRB1*14:01,Germany DKMS - Bosnia and Herzegovina minority,0.0366109832949885,1028,4-digit
DRB1,DRB1*08:01,Germany DKMS - Bosnia and Herzegovina minority,0.0345103531059317,1028,4-digit
DRB1,DRB1*04:01,Germany DKMS - Bosnia and Herzegovina minority,0.0326097829348804,1028,4-digit
DRB1,DRB1*04:02,Germany DKMS - Bosnia and Herzegovina minority,0.0311093327998399,1028,4-digit
DRB1,DRB1*12:01,Germany DKMS - Bosnia and Herzegovina minority,0.0204061218365509,1028,4-digit
DRB1,DRB1*04:04,Germany DKMS - Bosnia and Herzegovina minority,0.0165049514854456,1028,4-digit
DRB1,DRB1*01:02,Germany DKMS - Bosnia and Herzegovina minority,0.0136040812243673,1028,4-digit
DRB1,DRB1*04:03,Germany DKMS - Bosnia and Herzegovina minority,0.0107032109632889,1028,4-digit
DRB1,DRB1*15:02,Germany DKMS - Bosnia and Herzegovina minority,0.0105031509452835,1028,4-digit
DRB1,DRB1*10:01,Germany DKMS - Bosnia and Herzegovina minority,0.0092027608282484,1028,4-digit
DRB1,DRB1*13:03,Germany DKMS - Bosnia and Herzegovina minority,0.0092027608282484,1028,4-digit
DRB1,DRB1*14:04,Germany DKMS - Bosnia and Herzegovina minority,0.0063018905671701,1028,4-digit
DRB1,DRB1*04:05,Germany DKMS - Bosnia and Herzegovina minority,0.0058017405221566,1028,4-digit
DRB1,DRB1*11:03,Germany DKMS - Bosnia and Herzegovina minority,0.0054016204861458,1028,4-digit
DRB1,DRB1*16:02,Germany DKMS - Bosnia and Herzegovina minority,0.0049014704411323,1028,4-digit
DRB1,DRB1*09:01,Germany DKMS - Bosnia and Herzegovina minority,0.0041012303691107,1028,4-digit
DRB1,DRB1*08:04,Germany DKMS - Bosnia and Herzegovina minority,0.0039011703511053,1028,4-digit
DRB1,DRB1*04:07,Germany DKMS - Bosnia and Herzegovina minority,0.0039011703511053,1028,4-digit
DRB1,DRB1*01:03,Germany DKMS - Bosnia and Herzegovina minority,0.0024007202160648,1028,4-digit
DRB1,DRB1*04:08,Germany DKMS - Bosnia and Herzegovina minority,0.0024007202160648,1028,4-digit
DRB1,DRB1*04:06,Germany DKMS - Bosnia and Herzegovina minority,0.002000600180054,1028,4-digit
DRB1,DRB1*08:03,Germany DKMS - Bosnia and Herzegovina minority,0.0015004501350405,1028,4-digit
DRB1,DRB1*08:02,Germany DKMS - Bosnia and Herzegovina minority,0.0015004501350405,1028,4-digit
DRB1,DRB1*11:12,Germany DKMS - Bosnia and Herzegovina minority,0.0015004501350405,1028,4-digit
DRB1,DRB1*15:19,Germany DKMS - Bosnia and Herzegovina minority,0.0012003601080324,1028,4-digit
DRB1,DRB1*11:11,Germany DKMS - Bosnia and Herzegovina minority,0.001000300090027,1028,4-digit
DRB1,DRB1*09:07,Germany DKMS - Bosnia and Herzegovina minority,0.0007002100630189,1028,4-digit
DRB1,DRB1*11:28,Germany DKMS - Bosnia and Herzegovina minority,0.0005001500450135,1028,4-digit
DRB1,DRB1*08:10,Germany DKMS - Bosnia and Herzegovina minority,0.0005001500450135,1028,4-digit
DRB1,DRB1*13:05,Germany DKMS - Bosnia and Herzegovina minority,0.0005001500450135,1028,4-digit
DRB1,DRB1*03:50,Germany DKMS - Bosnia and Herzegovina minority,0.0005001500450135,1028,4-digit
DRB1,DRB1*03:02,Germany DKMS - Bosnia and Herzegovina minority,0.0005001500450135,1028,4-digit
DRB1,DRB1*09:01,Germany DKMS - China minority,0.1519455836751025,1282,4-digit
DRB1,DRB1*15:01,Germany DKMS - China minority,0.1027308192457737,1282,4-digit
DRB1,DRB1*07:01,Germany DKMS - China minority,0.0979293788136441,1282,4-digit
DRB1,DRB1*12:02,Germany DKMS - China minority,0.0788236470941282,1282,4-digit
DRB1,DRB1*08:03,Germany DKMS - China minority,0.0644193257977393,1282,4-digit
DRB1,DRB1*11:01,Germany DKMS - China minority,0.0581174352305691,1282,4-digit
DRB1,DRB1*03:01,Germany DKMS - China minority,0.0470141042312693,1282,4-digit
DRB1,DRB1*13:02,Germany DKMS - China minority,0.0433129938981694,1282,4-digit
DRB1,DRB1*04:05,Germany DKMS - China minority,0.0433129938981694,1282,4-digit
DRB1,DRB1*12:01,Germany DKMS - China minority,0.0406121836550965,1282,4-digit
DRB1,DRB1*04:06,Germany DKMS - China minority,0.032409722916875,1282,4-digit
DRB1,DRB1*16:02,Germany DKMS - China minority,0.02740822246674,1282,4-digit
DRB1,DRB1*14:05,Germany DKMS - China minority,0.0242072621786535,1282,4-digit
DRB1,DRB1*14:01,Germany DKMS - China minority,0.0242072621786535,1282,4-digit
DRB1,DRB1*01:01,Germany DKMS - China minority,0.0215064519355806,1282,4-digit
DRB1,DRB1*15:02,Germany DKMS - China minority,0.0168050415124537,1282,4-digit
DRB1,DRB1*10:01,Germany DKMS - China minority,0.0164049214764429,1282,4-digit
DRB1,DRB1*04:03,Germany DKMS - China minority,0.0160048014404321,1282,4-digit
DRB1,DRB1*15:19,Germany DKMS - China minority,0.012003601080324,1282,4-digit
DRB1,DRB1*04:01,Germany DKMS - China minority,0.0117035110533159,1282,4-digit
DRB1,DRB1*13:01,Germany DKMS - China minority,0.0098029408822646,1282,4-digit
DRB1,DRB1*11:04,Germany DKMS - China minority,0.0086025807742322,1282,4-digit
DRB1,DRB1*04:04,Germany DKMS - China minority,0.0078023407022106,1282,4-digit
DRB1,DRB1*08:02,Germany DKMS - China minority,0.0062018605581674,1282,4-digit
DRB1,DRB1*13:12,Germany DKMS - China minority,0.0047014104231269,1282,4-digit
DRB1,DRB1*14:03,Germany DKMS - China minority,0.0039011703511053,1282,4-digit
DRB1,DRB1*01:02,Germany DKMS - China minority,0.0039011703511053,1282,4-digit
DRB1,DRB1*14:04,Germany DKMS - China minority,0.0031009302790837,1282,4-digit
DRB1,DRB1*04:07,Germany DKMS - China minority,0.0023006902070621,1282,4-digit
DRB1,DRB1*04:10,Germany DKMS - China minority,0.002000600180054,1282,4-digit
DRB1,DRB1*04:02,Germany DKMS - China minority,0.002000600180054,1282,4-digit
DRB1,DRB1*04:08,Germany DKMS - China minority,0.002000600180054,1282,4-digit
DRB1,DRB1*14:07,Germany DKMS - China minority,0.0016004801440432,1282,4-digit
DRB1,DRB1*11:06,Germany DKMS - China minority,0.0012003601080324,1282,4-digit
DRB1,DRB1*14:18,Germany DKMS - China minority,0.0012003601080324,1282,4-digit
DRB1,DRB1*16:01,Germany DKMS - China minority,0.0012003601080324,1282,4-digit
DRB1,DRB1*15:04,Germany DKMS - China minority,0.0008002400720216,1282,4-digit
DRB1,DRB1*13:03,Germany DKMS - China minority,0.0008002400720216,1282,4-digit
DRB1,DRB1*13:07,Germany DKMS - China minority,0.0008002400720216,1282,4-digit
DRB1,DRB1*08:09,Germany DKMS - China minority,0.0008002400720216,1282,4-digit
DRB1,DRB1*11:03,Germany DKMS - China minority,0.0008002400720216,1282,4-digit
DRB1,DRB1*08:01,Germany DKMS - China minority,0.0008002400720216,1282,4-digit
DRB1,DRB1*11:28,Germany DKMS - China minority,0.0008002400720216,1282,4-digit
DRB1,DRB1*14:02,Germany DKMS - China minority,0.0004001200360108,1282,4-digit
DRB1,DRB1*14:06,Germany DKMS - China minority,0.0004001200360108,1282,4-digit
DRB1,DRB1*12:08,Germany DKMS - China minority,0.0004001200360108,1282,4-digit
DRB1,DRB1*11:29,Germany DKMS - China minority,0.0004001200360108,1282,4-digit
DRB1,DRB1*08:19,Germany DKMS - China minority,0.0004001200360108,1282,4-digit
DRB1,DRB1*07:01,Germany DKMS - Croatia minority,0.1057952156941247,2057,4-digit
DRB1,DRB1*15:01,Germany DKMS - Croatia minority,0.0977880092082874,2057,4-digit
DRB1,DRB1*03:01,Germany DKMS - Croatia minority,0.0963867480732659,2057,4-digit
DRB1,DRB1*01:01,Germany DKMS - Croatia minority,0.0944850365328796,2057,4-digit
DRB1,DRB1*16:01,Germany DKMS - Croatia minority,0.090281253127815,2057,4-digit
DRB1,DRB1*11:04,Germany DKMS - Croatia minority,0.0779701731558402,2057,4-digit
DRB1,DRB1*13:01,Germany DKMS - Croatia minority,0.0732659393454108,2057,4-digit
DRB1,DRB1*11:01,Germany DKMS - Croatia minority,0.0682614352917625,2057,4-digit
DRB1,DRB1*13:02,Germany DKMS - Croatia minority,0.0420378340506455,2057,4-digit
DRB1,DRB1*14:01,Germany DKMS - Croatia minority,0.0357321589430487,2057,4-digit
DRB1,DRB1*04:01,Germany DKMS - Croatia minority,0.031828645781203,2057,4-digit
DRB1,DRB1*08:01,Germany DKMS - Croatia minority,0.0263236913221899,2057,4-digit
DRB1,DRB1*04:02,Germany DKMS - Croatia minority,0.0238214392953658,2057,4-digit
DRB1,DRB1*04:04,Germany DKMS - Croatia minority,0.0214192773496146,2057,4-digit
DRB1,DRB1*04:03,Germany DKMS - Croatia minority,0.014312881593434,2057,4-digit
DRB1,DRB1*12:01,Germany DKMS - Croatia minority,0.014312881593434,2057,4-digit
DRB1,DRB1*15:02,Germany DKMS - Croatia minority,0.0129116204584125,2057,4-digit
DRB1,DRB1*01:02,Germany DKMS - Croatia minority,0.0112100890801721,2057,4-digit
DRB1,DRB1*10:01,Germany DKMS - Croatia minority,0.0092082874587128,2057,4-digit
DRB1,DRB1*13:03,Germany DKMS - Croatia minority,0.0088079271344209,2057,4-digit
DRB1,DRB1*11:03,Germany DKMS - Croatia minority,0.0081072965669102,2057,4-digit
DRB1,DRB1*16:02,Germany DKMS - Croatia minority,0.0066059453508157,2057,4-digit
DRB1,DRB1*04:07,Germany DKMS - Croatia minority,0.002902612351116,2057,4-digit
DRB1,DRB1*04:05,Germany DKMS - Croatia minority,0.002902612351116,2057,4-digit
DRB1,DRB1*08:04,Germany DKMS - Croatia minority,0.00270243218897,2057,4-digit
DRB1,DRB1*14:04,Germany DKMS - Croatia minority,0.00270243218897,2057,4-digit
DRB1,DRB1*13:05,Germany DKMS - Croatia minority,0.0024021619457511,2057,4-digit
DRB1,DRB1*11:02,Germany DKMS - Croatia minority,0.0019017115403863,2057,4-digit
DRB1,DRB1*09:01,Germany DKMS - Croatia minority,0.0019017115403863,2057,4-digit
DRB1,DRB1*01:03,Germany DKMS - Croatia minority,0.0019017115403863,2057,4-digit
DRB1,DRB1*04:08,Germany DKMS - Croatia minority,0.0017015313782404,2057,4-digit
DRB1,DRB1*15:03,Germany DKMS - Croatia minority,0.0010009008107296,2057,4-digit
DRB1,DRB1*08:03,Germany DKMS - Croatia minority,0.0007006305675107,2057,4-digit
DRB1,DRB1*11:12,Germany DKMS - Croatia minority,0.0007006305675107,2057,4-digit
DRB1,DRB1*08:02,Germany DKMS - Croatia minority,0.0007006305675107,2057,4-digit
DRB1,DRB1*03:05,Germany DKMS - Croatia minority,0.0007006305675107,2057,4-digit
DRB1,DRB1*14:05,Germany DKMS - Croatia minority,0.0007006305675107,2057,4-digit
DRB1,DRB1*11:11,Germany DKMS - Croatia minority,0.0006005404864377,2057,4-digit
DRB1,DRB1*11:43,Germany DKMS - Croatia minority,0.0005004504053648,2057,4-digit
DRB1,DRB1*15:19,Germany DKMS - Croatia minority,0.0003002702432188,2057,4-digit
DRB1,DRB1*13:89,Germany DKMS - Croatia minority,0.0002001801621459,2057,4-digit
DRB1,DRB1*14:02,Germany DKMS - Croatia minority,0.0002001801621459,2057,4-digit
DRB1,DRB1*13:42,Germany DKMS - Croatia minority,0.0002001801621459,2057,4-digit
DRB1,DRB1*13:15,Germany DKMS - Croatia minority,0.0002001801621459,2057,4-digit
DRB1,DRB1*14:07,Germany DKMS - Croatia minority,0.0002001801621459,2057,4-digit
DRB1,DRB1*11:15,Germany DKMS - Croatia minority,0.0002001801621459,2057,4-digit
DRB1,DRB1*11:13,Germany DKMS - Croatia minority,0.0002001801621459,2057,4-digit
DRB1,DRB1*15:04,Germany DKMS - Croatia minority,0.0002001801621459,2057,4-digit
DRB1,DRB1*08:18,Germany DKMS - Croatia minority,0.0002001801621459,2057,4-digit
DRB1,DRB1*03:37,Germany DKMS - Croatia minority,0.0002001801621459,2057,4-digit
DRB1,DRB1*16:15,Germany DKMS - Croatia minority,0.0002001801621459,2057,4-digit
DRB1,DRB1*07:01,Germany DKMS - France minority,0.1318868113188681,1406,4-digit
DRB1,DRB1*15:01,Germany DKMS - France minority,0.1197880211978802,1406,4-digit
DRB1,DRB1*01:01,Germany DKMS - France minority,0.094990500949905,1406,4-digit
DRB1,DRB1*03:01,Germany DKMS - France minority,0.0917908209179082,1406,4-digit
DRB1,DRB1*11:01,Germany DKMS - France minority,0.0822917708229177,1406,4-digit
DRB1,DRB1*13:01,Germany DKMS - France minority,0.0725927407259274,1406,4-digit
DRB1,DRB1*04:01,Germany DKMS - France minority,0.0568943105689431,1406,4-digit
DRB1,DRB1*13:02,Germany DKMS - France minority,0.0472952704729527,1406,4-digit
DRB1,DRB1*11:04,Germany DKMS - France minority,0.0340965903409659,1406,4-digit
DRB1,DRB1*14:01,Germany DKMS - France minority,0.0335966403359664,1406,4-digit
DRB1,DRB1*04:04,Germany DKMS - France minority,0.0326967303269673,1406,4-digit
DRB1,DRB1*08:01,Germany DKMS - France minority,0.0255974402559744,1406,4-digit
DRB1,DRB1*16:01,Germany DKMS - France minority,0.0198980101989801,1406,4-digit
DRB1,DRB1*01:02,Germany DKMS - France minority,0.0173982601739826,1406,4-digit
DRB1,DRB1*12:01,Germany DKMS - France minority,0.0152984701529847,1406,4-digit
DRB1,DRB1*13:03,Germany DKMS - France minority,0.0148985101489851,1406,4-digit
DRB1,DRB1*11:03,Germany DKMS - France minority,0.0131986801319868,1406,4-digit
DRB1,DRB1*04:02,Germany DKMS - France minority,0.00999900009999,1406,4-digit
DRB1,DRB1*09:01,Germany DKMS - France minority,0.0088991100889911,1406,4-digit
DRB1,DRB1*10:01,Germany DKMS - France minority,0.0088991100889911,1406,4-digit
DRB1,DRB1*15:02,Germany DKMS - France minority,0.0086991300869913,1406,4-digit
DRB1,DRB1*04:07,Germany DKMS - France minority,0.0084991500849915,1406,4-digit
DRB1,DRB1*04:03,Germany DKMS - France minority,0.0081991800819918,1406,4-digit
DRB1,DRB1*04:05,Germany DKMS - France minority,0.0060993900609939,1406,4-digit
DRB1,DRB1*01:03,Germany DKMS - France minority,0.0056994300569943,1406,4-digit
DRB1,DRB1*04:08,Germany DKMS - France minority,0.004999500049995,1406,4-digit
DRB1,DRB1*11:02,Germany DKMS - France minority,0.0038996100389961,1406,4-digit
DRB1,DRB1*15:03,Germany DKMS - France minority,0.0027997200279972,1406,4-digit
DRB1,DRB1*12:02,Germany DKMS - France minority,0.0024997500249975,1406,4-digit
DRB1,DRB1*08:03,Germany DKMS - France minority,0.0024997500249975,1406,4-digit
DRB1,DRB1*08:04,Germany DKMS - France minority,0.0020997900209979,1406,4-digit
DRB1,DRB1*14:04,Germany DKMS - France minority,0.0013998600139986,1406,4-digit
DRB1,DRB1*13:05,Germany DKMS - France minority,0.0010998900109989,1406,4-digit
DRB1,DRB1*11:14,Germany DKMS - France minority,0.0010998900109989,1406,4-digit
DRB1,DRB1*04:06,Germany DKMS - France minority,0.0006999300069993,1406,4-digit
DRB1,DRB1*16:02,Germany DKMS - France minority,0.0006999300069993,1406,4-digit
DRB1,DRB1*03:02,Germany DKMS - France minority,0.0006999300069993,1406,4-digit
DRB1,DRB1*14:07,Germany DKMS - France minority,0.0006999300069993,1406,4-digit
DRB1,DRB1*14:16,Germany DKMS - France minority,0.0003999600039996,1406,4-digit
DRB1,DRB1*14:02,Germany DKMS - France minority,0.0003999600039996,1406,4-digit
DRB1,DRB1*14:12,Germany DKMS - France minority,0.0003999600039996,1406,4-digit
DRB1,DRB1*11:29,Germany DKMS - France minority,0.0003999600039996,1406,4-digit
DRB1,DRB1*13:22,Germany DKMS - France minority,0.0003999600039996,1406,4-digit
DRB1,DRB1*13:21,Germany DKMS - France minority,0.0003999600039996,1406,4-digit
DRB1,DRB1*13:10,Germany DKMS - France minority,0.0003999600039996,1406,4-digit
DRB1,DRB1*11:12,Germany DKMS - France minority,0.0003999600039996,1406,4-digit
DRB1,DRB1*11:09,Germany DKMS - France minority,0.0003999600039996,1406,4-digit
DRB1,DRB1*08:10,Germany DKMS - France minority,0.0003999600039996,1406,4-digit
DRB1,DRB1*08:06,Germany DKMS - France minority,0.0003999600039996,1406,4-digit
DRB1,DRB1*08:02,Germany DKMS - France minority,0.0003999600039996,1406,4-digit
DRB1,DRB1*04:13,Germany DKMS - France minority,0.0003999600039996,1406,4-digit
DRB1,DRB1*16:04,Germany DKMS - France minority,0.0003999600039996,1406,4-digit
DRB1,DRB1*11:04,Germany DKMS - Greece minority,0.1391,1894,4-digit
DRB1,DRB1*16:01,Germany DKMS - Greece minority,0.0916,1894,4-digit
DRB1,DRB1*11:01,Germany DKMS - Greece minority,0.0892,1894,4-digit
DRB1,DRB1*07:01,Germany DKMS - Greece minority,0.0837,1894,4-digit
DRB1,DRB1*03:01,Germany DKMS - Greece minority,0.0764,1894,4-digit
DRB1,DRB1*14:01,Germany DKMS - Greece minority,0.057,1894,4-digit
DRB1,DRB1*15:01,Germany DKMS - Greece minority,0.0552,1894,4-digit
DRB1,DRB1*13:01,Germany DKMS - Greece minority,0.0546,1894,4-digit
DRB1,DRB1*01:01,Germany DKMS - Greece minority,0.0521,1894,4-digit
DRB1,DRB1*13:02,Germany DKMS - Greece minority,0.0372,1894,4-digit
DRB1,DRB1*04:03,Germany DKMS - Greece minority,0.0261,1894,4-digit
DRB1,DRB1*04:02,Germany DKMS - Greece minority,0.0251,1894,4-digit
DRB1,DRB1*15:02,Germany DKMS - Greece minority,0.0237,1894,4-digit
DRB1,DRB1*10:01,Germany DKMS - Greece minority,0.0217,1894,4-digit
DRB1,DRB1*04:01,Germany DKMS - Greece minority,0.0217,1894,4-digit
DRB1,DRB1*01:02,Germany DKMS - Greece minority,0.0161,1894,4-digit
DRB1,DRB1*13:03,Germany DKMS - Greece minority,0.0161,1894,4-digit
DRB1,DRB1*12:01,Germany DKMS - Greece minority,0.0158,1894,4-digit
DRB1,DRB1*04:05,Germany DKMS - Greece minority,0.0132,1894,4-digit
DRB1,DRB1*16:02,Germany DKMS - Greece minority,0.0132,1894,4-digit
DRB1,DRB1*08:01,Germany DKMS - Greece minority,0.0111,1894,4-digit
DRB1,DRB1*04:04,Germany DKMS - Greece minority,0.0098,1894,4-digit
DRB1,DRB1*08:03,Germany DKMS - Greece minority,0.0079,1894,4-digit
DRB1,DRB1*04:07,Germany DKMS - Greece minority,0.0079,1894,4-digit
DRB1,DRB1*14:04,Germany DKMS - Greece minority,0.0071,1894,4-digit
DRB1,DRB1*09:01,Germany DKMS - Greece minority,0.0066,1894,4-digit
DRB1,DRB1*11:03,Germany DKMS - Greece minority,0.0048,1894,4-digit
DRB1,DRB1*13:05,Germany DKMS - Greece minority,0.0021,1894,4-digit
DRB1,DRB1*04:08,Germany DKMS - Greece minority,0.0021,1894,4-digit
DRB1,DRB1*08:04,Germany DKMS - Greece minority,0.0016,1894,4-digit
DRB1,DRB1*15:19,Germany DKMS - Greece minority,0.0014,1894,4-digit
DRB1,DRB1*01:03,Germany DKMS - Greece minority,0.0011,1894,4-digit
DRB1,DRB1*16:05,Germany DKMS - Greece minority,0.0011,1894,4-digit
DRB1,DRB1*14:07,Germany DKMS - Greece minority,0.001,1894,4-digit
DRB1,DRB1*12:02,Germany DKMS - Greece minority,0.0008,1894,4-digit
DRB1,DRB1*11:11,Germany DKMS - Greece minority,0.0008,1894,4-digit
DRB1,DRB1*11:15,Germany DKMS - Greece minority,0.0008,1894,4-digit
DRB1,DRB1*13:14,Germany DKMS - Greece minority,0.0005,1894,4-digit
DRB1,DRB1*11:06,Germany DKMS - Greece minority,0.0003,1894,4-digit
DRB1,DRB1*11:02,Germany DKMS - Greece minority,0.0003,1894,4-digit
DRB1,DRB1*03:15,Germany DKMS - Greece minority,0.0003,1894,4-digit
DRB1,DRB1*04:06,Germany DKMS - Greece minority,0.0003,1894,4-digit
DRB1,DRB1*03:05,Germany DKMS - Greece minority,0.0003,1894,4-digit
DRB1,DRB1*03:02,Germany DKMS - Greece minority,0.0003,1894,4-digit
DRB1,DRB1*08:10,Germany DKMS - Greece minority,0.0003,1894,4-digit
DRB1,DRB1*08:06,Germany DKMS - Greece minority,0.0003,1894,4-digit
DRB1,DRB1*08:02,Germany DKMS - Greece minority,0.0003,1894,4-digit
DRB1,DRB1*15:01,Germany DKMS - Netherlands minority,0.1252125212521252,1374,4-digit
DRB1,DRB1*07:01,Germany DKMS - Netherlands minority,0.1179117911791179,1374,4-digit
DRB1,DRB1*03:01,Germany DKMS - Netherlands minority,0.1175117511751175,1374,4-digit
DRB1,DRB1*01:01,Germany DKMS - Netherlands minority,0.1121112111211121,1374,4-digit
DRB1,DRB1*04:01,Germany DKMS - Netherlands minority,0.0921092109210921,1374,4-digit
DRB1,DRB1*13:01,Germany DKMS - Netherlands minority,0.0739073907390739,1374,4-digit
DRB1,DRB1*11:01,Germany DKMS - Netherlands minority,0.068006800680068,1374,4-digit
DRB1,DRB1*13:02,Germany DKMS - Netherlands minority,0.0537053705370537,1374,4-digit
DRB1,DRB1*14:01,Germany DKMS - Netherlands minority,0.0346034603460346,1374,4-digit
DRB1,DRB1*04:04,Germany DKMS - Netherlands minority,0.0317031703170317,1374,4-digit
DRB1,DRB1*08:01,Germany DKMS - Netherlands minority,0.0237023702370237,1374,4-digit
DRB1,DRB1*11:04,Germany DKMS - Netherlands minority,0.0226022602260226,1374,4-digit
DRB1,DRB1*12:01,Germany DKMS - Netherlands minority,0.0171017101710171,1374,4-digit
DRB1,DRB1*16:01,Germany DKMS - Netherlands minority,0.0149014901490149,1374,4-digit
DRB1,DRB1*10:01,Germany DKMS - Netherlands minority,0.0106010601060106,1374,4-digit
DRB1,DRB1*04:07,Germany DKMS - Netherlands minority,0.0098009800980098,1374,4-digit
DRB1,DRB1*09:01,Germany DKMS - Netherlands minority,0.0087008700870087,1374,4-digit
DRB1,DRB1*04:03,Germany DKMS - Netherlands minority,0.0084008400840084,1374,4-digit
DRB1,DRB1*01:02,Germany DKMS - Netherlands minority,0.0069006900690069,1374,4-digit
DRB1,DRB1*13:03,Germany DKMS - Netherlands minority,0.0069006900690069,1374,4-digit
DRB1,DRB1*11:03,Germany DKMS - Netherlands minority,0.0066006600660066,1374,4-digit
DRB1,DRB1*04:05,Germany DKMS - Netherlands minority,0.0047004700470047,1374,4-digit
DRB1,DRB1*15:02,Germany DKMS - Netherlands minority,0.0044004400440044,1374,4-digit
DRB1,DRB1*01:03,Germany DKMS - Netherlands minority,0.0044004400440044,1374,4-digit
DRB1,DRB1*04:02,Germany DKMS - Netherlands minority,0.0044004400440044,1374,4-digit
DRB1,DRB1*04:08,Germany DKMS - Netherlands minority,0.0022002200220022,1374,4-digit
DRB1,DRB1*12:02,Germany DKMS - Netherlands minority,0.0022002200220022,1374,4-digit
DRB1,DRB1*08:04,Germany DKMS - Netherlands minority,0.0022002200220022,1374,4-digit
DRB1,DRB1*08:03,Germany DKMS - Netherlands minority,0.0022002200220022,1374,4-digit
DRB1,DRB1*16:02,Germany DKMS - Netherlands minority,0.0018001800180018,1374,4-digit
DRB1,DRB1*11:14,Germany DKMS - Netherlands minority,0.0015001500150015,1374,4-digit
DRB1,DRB1*01:07,Germany DKMS - Netherlands minority,0.0007000700070007,1374,4-digit
DRB1,DRB1*13:05,Germany DKMS - Netherlands minority,0.0007000700070007,1374,4-digit
DRB1,DRB1*11:02,Germany DKMS - Netherlands minority,0.0007000700070007,1374,4-digit
DRB1,DRB1*14:04,Germany DKMS - Netherlands minority,0.0007000700070007,1374,4-digit
DRB1,DRB1*14:07,Germany DKMS - Netherlands minority,0.0007000700070007,1374,4-digit
DRB1,DRB1*08:02,Germany DKMS - Netherlands minority,0.0007000700070007,1374,4-digit
DRB1,DRB1*11:29,Germany DKMS - Netherlands minority,0.0004000400040004,1374,4-digit
DRB1,DRB1*14:06,Germany DKMS - Netherlands minority,0.0004000400040004,1374,4-digit
DRB1,DRB1*03:05,Germany DKMS - Netherlands minority,0.0004000400040004,1374,4-digit
DRB1,DRB1*15:03,Germany DKMS - Netherlands minority,0.0004000400040004,1374,4-digit
DRB1,DRB1*15:18,Germany DKMS - Netherlands minority,0.0004000400040004,1374,4-digit
DRB1,DRB1*04:14,Germany DKMS - Netherlands minority,0.0004000400040004,1374,4-digit
DRB1,DRB1*03:13,Germany DKMS - Netherlands minority,0.0004000400040004,1374,4-digit
DRB1,DRB1*07:01,Germany DKMS - Portugal minority,0.1595435892303072,1176,4-digit
DRB1,DRB1*03:01,Germany DKMS - Portugal minority,0.104694224802322,1176,4-digit
DRB1,DRB1*15:01,Germany DKMS - Portugal minority,0.0965869282354118,1176,4-digit
DRB1,DRB1*13:01,Germany DKMS - Portugal minority,0.0885797217495746,1176,4-digit
DRB1,DRB1*01:01,Germany DKMS - Portugal minority,0.0625563006706035,1176,4-digit
DRB1,DRB1*11:01,Germany DKMS - Portugal minority,0.0615553998598738,1176,4-digit
DRB1,DRB1*13:02,Germany DKMS - Portugal minority,0.0478430587528775,1176,4-digit
DRB1,DRB1*01:02,Germany DKMS - Portugal minority,0.0417375638074266,1176,4-digit
DRB1,DRB1*04:01,Germany DKMS - Portugal minority,0.0323290961865679,1176,4-digit
DRB1,DRB1*11:04,Germany DKMS - Portugal minority,0.0282254028625763,1176,4-digit
DRB1,DRB1*14:01,Germany DKMS - Portugal minority,0.0251226103493143,1176,4-digit
DRB1,DRB1*16:01,Germany DKMS - Portugal minority,0.0247222500250225,1176,4-digit
DRB1,DRB1*08:01,Germany DKMS - Portugal minority,0.0238214392953658,1176,4-digit
DRB1,DRB1*04:02,Germany DKMS - Portugal minority,0.0230207186467821,1176,4-digit
DRB1,DRB1*04:04,Germany DKMS - Portugal minority,0.0196176558903012,1176,4-digit
DRB1,DRB1*04:05,Germany DKMS - Portugal minority,0.0191172054849364,1176,4-digit
DRB1,DRB1*13:03,Germany DKMS - Portugal minority,0.0157141427284556,1176,4-digit
DRB1,DRB1*12:01,Germany DKMS - Portugal minority,0.0149134220798718,1176,4-digit
DRB1,DRB1*10:01,Germany DKMS - Portugal minority,0.0140126113502151,1176,4-digit
DRB1,DRB1*04:03,Germany DKMS - Portugal minority,0.0140126113502151,1176,4-digit
DRB1,DRB1*04:07,Germany DKMS - Portugal minority,0.0102091882694424,1176,4-digit
DRB1,DRB1*15:02,Germany DKMS - Portugal minority,0.0096086477830047,1176,4-digit
DRB1,DRB1*11:02,Germany DKMS - Portugal minority,0.0077069362426183,1176,4-digit
DRB1,DRB1*11:03,Germany DKMS - Portugal minority,0.0074066659993994,1176,4-digit
DRB1,DRB1*01:03,Germany DKMS - Portugal minority,0.0064057651886698,1176,4-digit
DRB1,DRB1*04:08,Germany DKMS - Portugal minority,0.0064057651886698,1176,4-digit
DRB1,DRB1*09:01,Germany DKMS - Portugal minority,0.005705134621159,1176,4-digit
DRB1,DRB1*08:03,Germany DKMS - Portugal minority,0.0055049544590131,1176,4-digit
DRB1,DRB1*16:02,Germany DKMS - Portugal minority,0.0055049544590131,1176,4-digit
DRB1,DRB1*08:04,Germany DKMS - Portugal minority,0.0038034230807726,1176,4-digit
DRB1,DRB1*04:06,Germany DKMS - Portugal minority,0.0026023421078971,1176,4-digit
DRB1,DRB1*13:05,Germany DKMS - Portugal minority,0.0021018917025322,1176,4-digit
DRB1,DRB1*03:02,Germany DKMS - Portugal minority,0.0013011710539485,1176,4-digit
DRB1,DRB1*04:09,Germany DKMS - Portugal minority,0.0009008107296566,1176,4-digit
DRB1,DRB1*13:40,Germany DKMS - Portugal minority,0.0009008107296566,1176,4-digit
DRB1,DRB1*14:04,Germany DKMS - Portugal minority,0.0009008107296566,1176,4-digit
DRB1,DRB1*01:07,Germany DKMS - Portugal minority,0.0005004504053648,1176,4-digit
DRB1,DRB1*14:07,Germany DKMS - Portugal minority,0.0004003603242918,1176,4-digit
DRB1,DRB1*15:06,Germany DKMS - Portugal minority,0.0004003603242918,1176,4-digit
DRB1,DRB1*15:03,Germany DKMS - Portugal minority,0.0004003603242918,1176,4-digit
DRB1,DRB1*08:18,Germany DKMS - Portugal minority,0.0004003603242918,1176,4-digit
DRB1,DRB1*11:13,Germany DKMS - Portugal minority,0.0004003603242918,1176,4-digit
DRB1,DRB1*14:06,Germany DKMS - Portugal minority,0.0004003603242918,1176,4-digit
DRB1,DRB1*11:14,Germany DKMS - Portugal minority,0.0004003603242918,1176,4-digit
DRB1,DRB1*03:05,Germany DKMS - Portugal minority,0.0004003603242918,1176,4-digit
DRB1,DRB1*03:15,Germany DKMS - Portugal minority,0.0004003603242918,1176,4-digit
DRB1,DRB1*11:43,Germany DKMS - Portugal minority,0.0004003603242918,1176,4-digit
DRB1,DRB1*11:42,Germany DKMS - Portugal minority,0.0004003603242918,1176,4-digit
DRB1,DRB1*08:02,Germany DKMS - Portugal minority,0.0004003603242918,1176,4-digit
DRB1,DRB1*03:01,Germany DKMS - Romania minority,0.1191,1234,4-digit
DRB1,DRB1*07:01,Germany DKMS - Romania minority,0.111,1234,4-digit
DRB1,DRB1*01:01,Germany DKMS - Romania minority,0.0855,1234,4-digit
DRB1,DRB1*15:01,Germany DKMS - Romania minority,0.0802,1234,4-digit
DRB1,DRB1*11:04,Germany DKMS - Romania minority,0.0794,1234,4-digit
DRB1,DRB1*13:01,Germany DKMS - Romania minority,0.0778,1234,4-digit
DRB1,DRB1*11:01,Germany DKMS - Romania minority,0.0729,1234,4-digit
DRB1,DRB1*16:01,Germany DKMS - Romania minority,0.0644,1234,4-digit
DRB1,DRB1*04:01,Germany DKMS - Romania minority,0.043,1234,4-digit
DRB1,DRB1*14:01,Germany DKMS - Romania minority,0.0349,1234,4-digit
DRB1,DRB1*13:02,Germany DKMS - Romania minority,0.0231,1234,4-digit
DRB1,DRB1*04:04,Germany DKMS - Romania minority,0.0227,1234,4-digit
DRB1,DRB1*08:01,Germany DKMS - Romania minority,0.0223,1234,4-digit
DRB1,DRB1*04:02,Germany DKMS - Romania minority,0.0219,1234,4-digit
DRB1,DRB1*12:01,Germany DKMS - Romania minority,0.0174,1234,4-digit
DRB1,DRB1*11:03,Germany DKMS - Romania minority,0.0158,1234,4-digit
DRB1,DRB1*13:03,Germany DKMS - Romania minority,0.015,1234,4-digit
DRB1,DRB1*01:02,Germany DKMS - Romania minority,0.0126,1234,4-digit
DRB1,DRB1*10:01,Germany DKMS - Romania minority,0.0122,1234,4-digit
DRB1,DRB1*04:03,Germany DKMS - Romania minority,0.0122,1234,4-digit
DRB1,DRB1*14:04,Germany DKMS - Romania minority,0.0085,1234,4-digit
DRB1,DRB1*15:02,Germany DKMS - Romania minority,0.008,1234,4-digit
DRB1,DRB1*16:02,Germany DKMS - Romania minority,0.0053,1234,4-digit
DRB1,DRB1*09:01,Germany DKMS - Romania minority,0.0053,1234,4-digit
DRB1,DRB1*04:05,Germany DKMS - Romania minority,0.0053,1234,4-digit
DRB1,DRB1*04:07,Germany DKMS - Romania minority,0.0045,1234,4-digit
DRB1,DRB1*15:19,Germany DKMS - Romania minority,0.0025,1234,4-digit
DRB1,DRB1*11:02,Germany DKMS - Romania minority,0.002,1234,4-digit
DRB1,DRB1*04:08,Germany DKMS - Romania minority,0.0016,1234,4-digit
DRB1,DRB1*08:03,Germany DKMS - Romania minority,0.0012,1234,4-digit
DRB1,DRB1*08:04,Germany DKMS - Romania minority,0.0012,1234,4-digit
DRB1,DRB1*01:03,Germany DKMS - Romania minority,0.0012,1234,4-digit
DRB1,DRB1*11:15,Germany DKMS - Romania minority,0.0012,1234,4-digit
DRB1,DRB1*13:05,Germany DKMS - Romania minority,0.0012,1234,4-digit
DRB1,DRB1*04:10,Germany DKMS - Romania minority,0.0008,1234,4-digit
DRB1,DRB1*08:17,Germany DKMS - Romania minority,0.0008,1234,4-digit
DRB1,DRB1*15:03,Germany DKMS - Romania minority,0.0008,1234,4-digit
DRB1,DRB1*08:02,Germany DKMS - Romania minority,0.0008,1234,4-digit
DRB1,DRB1*11:08,Germany DKMS - Romania minority,0.0008,1234,4-digit
DRB1,DRB1*12:02,Germany DKMS - Romania minority,0.0008,1234,4-digit
DRB1,DRB1*11:43,Germany DKMS - Romania minority,0.0004,1234,4-digit
DRB1,DRB1*14:06,Germany DKMS - Romania minority,0.0004,1234,4-digit
DRB1,DRB1*01:11,Germany DKMS - Romania minority,0.0004,1234,4-digit
DRB1,DRB1*13:22,Germany DKMS - Romania minority,0.0004,1234,4-digit
DRB1,DRB1*11:11,Germany DKMS - Romania minority,0.0004,1234,4-digit
DRB1,DRB1*11:33,Germany DKMS - Romania minority,0.0004,1234,4-digit
DRB1,DRB1*11:39,Germany DKMS - Romania minority,0.0004,1234,4-digit
DRB1,DRB1*07:01,Germany DKMS - Spain minority,0.1545309061812362,1107,4-digit
DRB1,DRB1*03:01,Germany DKMS - Spain minority,0.1170234046809362,1107,4-digit
DRB1,DRB1*15:01,Germany DKMS - Spain minority,0.0949189837967593,1107,4-digit
DRB1,DRB1*13:01,Germany DKMS - Spain minority,0.0845169033806761,1107,4-digit
DRB1,DRB1*11:01,Germany DKMS - Spain minority,0.0691138227645529,1107,4-digit
DRB1,DRB1*01:01,Germany DKMS - Spain minority,0.0650130026005201,1107,4-digit
DRB1,DRB1*13:02,Germany DKMS - Spain minority,0.0488097619523904,1107,4-digit
DRB1,DRB1*11:04,Germany DKMS - Spain minority,0.0404080816163232,1107,4-digit
DRB1,DRB1*04:01,Germany DKMS - Spain minority,0.0373074614922984,1107,4-digit
DRB1,DRB1*01:02,Germany DKMS - Spain minority,0.0312062412482496,1107,4-digit
DRB1,DRB1*14:01,Germany DKMS - Spain minority,0.0287057411482296,1107,4-digit
DRB1,DRB1*04:04,Germany DKMS - Spain minority,0.0242048409681936,1107,4-digit
DRB1,DRB1*08:01,Germany DKMS - Spain minority,0.0203040608121624,1107,4-digit
DRB1,DRB1*04:02,Germany DKMS - Spain minority,0.019003800760152,1107,4-digit
DRB1,DRB1*04:05,Germany DKMS - Spain minority,0.0172034406881376,1107,4-digit
DRB1,DRB1*16:01,Germany DKMS - Spain minority,0.0158031606321264,1107,4-digit
DRB1,DRB1*04:03,Germany DKMS - Spain minority,0.0158031606321264,1107,4-digit
DRB1,DRB1*10:01,Germany DKMS - Spain minority,0.0131026205241048,1107,4-digit
DRB1,DRB1*13:03,Germany DKMS - Spain minority,0.0127025405081016,1107,4-digit
DRB1,DRB1*12:01,Germany DKMS - Spain minority,0.0127025405081016,1107,4-digit
DRB1,DRB1*01:03,Germany DKMS - Spain minority,0.0108021604320864,1107,4-digit
DRB1,DRB1*09:01,Germany DKMS - Spain minority,0.0099019803960792,1107,4-digit
DRB1,DRB1*15:02,Germany DKMS - Spain minority,0.0093018603720744,1107,4-digit
DRB1,DRB1*11:02,Germany DKMS - Spain minority,0.0093018603720744,1107,4-digit
DRB1,DRB1*04:07,Germany DKMS - Spain minority,0.0086017203440688,1107,4-digit
DRB1,DRB1*11:03,Germany DKMS - Spain minority,0.0063012602520504,1107,4-digit
DRB1,DRB1*04:08,Germany DKMS - Spain minority,0.0052010402080416,1107,4-digit
DRB1,DRB1*16:02,Germany DKMS - Spain minority,0.0036007201440288,1107,4-digit
DRB1,DRB1*08:04,Germany DKMS - Spain minority,0.0027005401080216,1107,4-digit
DRB1,DRB1*13:05,Germany DKMS - Spain minority,0.0027005401080216,1107,4-digit
DRB1,DRB1*15:03,Germany DKMS - Spain minority,0.0018003600720144,1107,4-digit
DRB1,DRB1*08:03,Germany DKMS - Spain minority,0.0014002800560112,1107,4-digit
DRB1,DRB1*14:02,Germany DKMS - Spain minority,0.0009001800360072,1107,4-digit
DRB1,DRB1*04:06,Germany DKMS - Spain minority,0.0009001800360072,1107,4-digit
DRB1,DRB1*15:19,Germany DKMS - Spain minority,0.0007001400280056,1107,4-digit
DRB1,DRB1*13:40,Germany DKMS - Spain minority,0.000500100020004,1107,4-digit
DRB1,DRB1*14:05,Germany DKMS - Spain minority,0.000500100020004,1107,4-digit
DRB1,DRB1*13:04,Germany DKMS - Spain minority,0.000500100020004,1107,4-digit
DRB1,DRB1*03:02,Germany DKMS - Spain minority,0.000500100020004,1107,4-digit
DRB1,DRB1*11:15,Germany DKMS - Spain minority,0.000500100020004,1107,4-digit
DRB1,DRB1*08:02,Germany DKMS - Spain minority,0.000500100020004,1107,4-digit
DRB1,DRB1*04:17,Germany DKMS - Spain minority,0.000500100020004,1107,4-digit
DRB1,DRB1*15:01,Germany DKMS - United Kingdom minority,0.1443577430972389,1043,4-digit
DRB1,DRB1*03:01,Germany DKMS - United Kingdom minority,0.1395558223289315,1043,4-digit
DRB1,DRB1*07:01,Germany DKMS - United Kingdom minority,0.1376550620248099,1043,4-digit
DRB1,DRB1*04:01,Germany DKMS - United Kingdom minority,0.1074429771908763,1043,4-digit
DRB1,DRB1*01:01,Germany DKMS - United Kingdom minority,0.0796318527410964,1043,4-digit
DRB1,DRB1*13:01,Germany DKMS - United Kingdom minority,0.0619247699079631,1043,4-digit
DRB1,DRB1*11:01,Germany DKMS - United Kingdom minority,0.0509203681472589,1043,4-digit
DRB1,DRB1*13:02,Germany DKMS - United Kingdom minority,0.0450180072028811,1043,4-digit
DRB1,DRB1*04:04,Germany DKMS - United Kingdom minority,0.0340136054421768,1043,4-digit
DRB1,DRB1*14:01,Germany DKMS - United Kingdom minority,0.0206082432973189,1043,4-digit
DRB1,DRB1*12:01,Germany DKMS - United Kingdom minority,0.0206082432973189,1043,4-digit
DRB1,DRB1*11:04,Germany DKMS - United Kingdom minority,0.0193077230892356,1043,4-digit
DRB1,DRB1*08:01,Germany DKMS - United Kingdom minority,0.0173069227691076,1043,4-digit
DRB1,DRB1*16:01,Germany DKMS - United Kingdom minority,0.0120048019207683,1043,4-digit
DRB1,DRB1*04:07,Germany DKMS - United Kingdom minority,0.0120048019207683,1043,4-digit
DRB1,DRB1*13:03,Germany DKMS - United Kingdom minority,0.0115046018407362,1043,4-digit
DRB1,DRB1*01:03,Germany DKMS - United Kingdom minority,0.0115046018407362,1043,4-digit
DRB1,DRB1*01:02,Germany DKMS - United Kingdom minority,0.0106042416966786,1043,4-digit
DRB1,DRB1*09:01,Germany DKMS - United Kingdom minority,0.0098039215686274,1043,4-digit
DRB1,DRB1*10:01,Germany DKMS - United Kingdom minority,0.0086034413765506,1043,4-digit
DRB1,DRB1*04:05,Germany DKMS - United Kingdom minority,0.008203281312525,1043,4-digit
DRB1,DRB1*11:03,Germany DKMS - United Kingdom minority,0.0049019607843137,1043,4-digit
DRB1,DRB1*04:03,Germany DKMS - United Kingdom minority,0.0043017206882753,1043,4-digit
DRB1,DRB1*04:02,Germany DKMS - United Kingdom minority,0.0043017206882753,1043,4-digit
DRB1,DRB1*15:02,Germany DKMS - United Kingdom minority,0.0034013605442176,1043,4-digit
DRB1,DRB1*04:08,Germany DKMS - United Kingdom minority,0.0034013605442176,1043,4-digit
DRB1,DRB1*11:02,Germany DKMS - United Kingdom minority,0.003001200480192,1043,4-digit
DRB1,DRB1*08:03,Germany DKMS - United Kingdom minority,0.0029011604641856,1043,4-digit
DRB1,DRB1*08:04,Germany DKMS - United Kingdom minority,0.0024009603841536,1043,4-digit
DRB1,DRB1*12:02,Germany DKMS - United Kingdom minority,0.0014005602240896,1043,4-digit
DRB1,DRB1*03:02,Germany DKMS - United Kingdom minority,0.0014005602240896,1043,4-digit
DRB1,DRB1*04:06,Germany DKMS - United Kingdom minority,0.000500200080032,1043,4-digit
DRB1,DRB1*08:06,Germany DKMS - United Kingdom minority,0.000500200080032,1043,4-digit
DRB1,DRB1*13:05,Germany DKMS - United Kingdom minority,0.000500200080032,1043,4-digit
DRB1,DRB1*13:06,Germany DKMS - United Kingdom minority,0.000500200080032,1043,4-digit
DRB1,DRB1*13:10,Germany DKMS - United Kingdom minority,0.000500200080032,1043,4-digit
DRB1,DRB1*04:19,Germany DKMS - United Kingdom minority,0.000500200080032,1043,4-digit
DRB1,DRB1*14:03,Germany DKMS - United Kingdom minority,0.000500200080032,1043,4-digit
DRB1,DRB1*14:07,Germany DKMS - United Kingdom minority,0.000500200080032,1043,4-digit
DRB1,DRB1*08:02,Germany DKMS - United Kingdom minority,0.000500200080032,1043,4-digit
DRB1,DRB1*15:19,Germany DKMS - United Kingdom minority,0.000500200080032,1043,4-digit
DRB1,DRB1*01:20,Germany DKMS - United Kingdom minority,0.000500200080032,1043,4-digit
DRB1,DRB1*16:02,Germany DKMS - United Kingdom minority,0.000500200080032,1043,4-digit
DRB1,DRB1*15:01,Germany pop 6,0.1452738507068727,8862,4-digit
DRB1,DRB1*07:01,Germany pop 6,0.1213781519326521,8862,4-digit
DRB1,DRB1*03:01,Germany pop 6,0.1086804375212461,8862,4-digit
DRB1,DRB1*01:01,Germany pop 6,0.0981823271811073,8862,4-digit
DRB1,DRB1*04:01,Germany pop 6,0.0808854406206882,8862,4-digit
DRB1,DRB1*13:01,Germany pop 6,0.0767861784878721,8862,4-digit
DRB1,DRB1*11:01,Germany pop 6,0.0737867183906896,8862,4-digit
DRB1,DRB1*13:02,Germany pop 6,0.0421924053670339,8862,4-digit
DRB1,DRB1*11:04,Germany pop 6,0.0298946189685856,8862,4-digit
DRB1,DRB1*08:01,Germany pop 6,0.0285948529264732,8862,4-digit
DRB1,DRB1*14:01,Germany pop 6,0.0276950148973184,8862,4-digit
DRB1,DRB1*04:04,Germany pop 6,0.0240956627806994,8862,4-digit
DRB1,DRB1*16:01,Germany pop 6,0.021596112699714,8862,4-digit
DRB1,DRB1*12:01,Germany pop 6,0.0192965266252074,8862,4-digit
DRB1,DRB1*01:02,Germany pop 6,0.0115979123757723,8862,4-digit
DRB1,DRB1*11:03,Germany pop 6,0.0102981463336599,8862,4-digit
DRB1,DRB1*13:03,Germany pop 6,0.0101981643304205,8862,4-digit
DRB1,DRB1*09:01,Germany pop 6,0.0096982543142234,8862,4-digit
DRB1,DRB1*04:07,Germany pop 6,0.0082985062688716,8862,4-digit
DRB1,DRB1*04:02,Germany pop 6,0.0075986322461956,8862,4-digit
DRB1,DRB1*10:01,Germany pop 6,0.007198704233238,8862,4-digit
DRB1,DRB1*15:02,Germany pop 6,0.0057989561878861,8862,4-digit
DRB1,DRB1*04:03,Germany pop 6,0.0053990281749285,8862,4-digit
DRB1,DRB1*04:08,Germany pop 6,0.0053990281749285,8862,4-digit
DRB1,DRB1*01:03,Germany pop 6,0.0031994241036613,8862,4-digit
DRB1,DRB1*04:05,Germany pop 6,0.0030994421004219,8862,4-digit
DRB1,DRB1*08:03,Germany pop 6,0.0019996400647883,8862,4-digit
DRB1,DRB1*13:05,Germany pop 6,0.0018996580615489,8862,4-digit
DRB1,DRB1*08:04,Germany pop 6,0.0017996760583095,8862,4-digit
DRB1,DRB1*16:02,Germany pop 6,0.00169969405507,8862,4-digit
DRB1,DRB1*11:02,Germany pop 6,0.00169969405507,8862,4-digit
DRB1,DRB1*08:02,Germany pop 6,0.0006998740226759,8862,4-digit
DRB1,DRB1*14:04,Germany pop 6,0.0005998920194365,8862,4-digit
DRB1,DRB1*12:02,Germany pop 6,0.0002999460097182,8862,4-digit
DRB1,DRB1*04:06,Germany pop 6,0.0002999460097182,8862,4-digit
DRB1,DRB1*11:19,Germany pop 6,0.0001999640064788,8862,4-digit
DRB1,DRB1*03:04,Germany pop 6,0.0001999640064788,8862,4-digit
DRB1,DRB1*03:02,Germany pop 6,0.0001999640064788,8862,4-digit
DRB1,DRB1*14:02,Germany pop 6,9.99820032394169e-05,8862,4-digit
DRB1,DRB1*13:11,Germany pop 6,9.99820032394169e-05,8862,4-digit
DRB1,DRB1*14:06,Germany pop 6,9.99820032394169e-05,8862,4-digit
DRB1,DRB1*15:03,Germany pop 6,9.99820032394169e-05,8862,4-digit
DRB1,DRB1*16:05,Germany pop 6,9.99820032394169e-05,8862,4-digit
DRB1,DRB1*11:12,Germany pop 6,9.99820032394169e-05,8862,4-digit
DRB1,DRB1*07:07,Germany pop 6,9.99820032394169e-05,8862,4-digit
DRB1,DRB1*08:06,Germany pop 6,9.99820032394169e-05,8862,4-digit
DRB1,DRB1*08:10,Germany pop 6,9.99820032394169e-05,8862,4-digit
DRB1,DRB1*11:08,Germany pop 6,9.99820032394169e-05,8862,4-digit
DRB1,DRB1*11:13,Germany pop 6,9.99820032394169e-05,8862,4-digit
DRB1,DRB1*11:29,Germany pop 6,9.99820032394169e-05,8862,4-digit
DRB1,DRB1*11:11,Germany pop 6,5.998920194365014e-05,8862,4-digit
DRB1,DRB1*04:15,Germany pop 6,5.998920194365014e-05,8862,4-digit
DRB1,DRB1*11:06,Germany pop 6,5.998920194365014e-05,8862,4-digit
DRB1,DRB1*14:12,Germany pop 6,5.998920194365014e-05,8862,4-digit
DRB1,DRB1*14:07,Germany pop 6,5.998920194365014e-05,8862,4-digit
DRB1,DRB1*14:05,Germany pop 6,5.998920194365014e-05,8862,4-digit
DRB1,DRB1*11:39,Germany pop 6,5.998920194365014e-05,8862,4-digit
DRB1,DRB1*14:03,Germany pop 6,5.998920194365014e-05,8862,4-digit
DRB1,DRB1*13:41,Germany pop 6,5.998920194365014e-05,8862,4-digit
DRB1,DRB1*13:22,Germany pop 6,5.998920194365014e-05,8862,4-digit
DRB1,DRB1*13:15,Germany pop 6,5.998920194365014e-05,8862,4-digit
DRB1,DRB1*11:15,Germany pop 6,5.998920194365014e-05,8862,4-digit
DRB1,DRB1*13:10,Germany pop 6,5.998920194365014e-05,8862,4-digit
DRB1,DRB1*13:06,Germany pop 6,5.998920194365014e-05,8862,4-digit
DRB1,DRB1*11:21,Germany pop 6,5.998920194365014e-05,8862,4-digit
DRB1,DRB1*11:24,Germany pop 6,5.998920194365014e-05,8862,4-digit
DRB1,DRB1*11:28,Germany pop 6,5.998920194365014e-05,8862,4-digit
DRB1,DRB1*11:14,Germany pop 6,5.998920194365014e-05,8862,4-digit
DRB1,DRB1*15:01,Germany pop 8,0.1284935753212339,39689,4-digit
DRB1,DRB1*07:01,Germany pop 8,0.1223938803059847,39689,4-digit
DRB1,DRB1*03:01,Germany pop 8,0.1019949002549872,39689,4-digit
DRB1,DRB1*01:01,Germany pop 8,0.0889955502224888,39689,4-digit
DRB1,DRB1*11:01,Germany pop 8,0.07949602519874,39689,4-digit
DRB1,DRB1*13:01,Germany pop 8,0.0779961001949902,39689,4-digit
DRB1,DRB1*04:01,Germany pop 8,0.0683965801709914,39689,4-digit
DRB1,DRB1*13:02,Germany pop 8,0.0417979101044947,39689,4-digit
DRB1,DRB1*11:04,Germany pop 8,0.0359982000899955,39689,4-digit
DRB1,DRB1*14:01,Germany pop 8,0.0288985550722463,39689,4-digit
DRB1,DRB1*04:04,Germany pop 8,0.0281985900704964,39689,4-digit
DRB1,DRB1*08:01,Germany pop 8,0.0265986700664966,39689,4-digit
DRB1,DRB1*16:01,Germany pop 8,0.0259987000649967,39689,4-digit
DRB1,DRB1*12:01,Germany pop 8,0.0185990700464976,39689,4-digit
DRB1,DRB1*13:03,Germany pop 8,0.0140992950352482,39689,4-digit
DRB1,DRB1*01:02,Germany pop 8,0.0123993800309984,39689,4-digit
DRB1,DRB1*11:03,Germany pop 8,0.0112994350282485,39689,4-digit
DRB1,DRB1*04:02,Germany pop 8,0.0105994700264986,39689,4-digit
DRB1,DRB1*10:01,Germany pop 8,0.0096995150242487,39689,4-digit
DRB1,DRB1*09:01,Germany pop 8,0.0093995300234988,39689,4-digit
DRB1,DRB1*15:02,Germany pop 8,0.0091995400229988,39689,4-digit
DRB1,DRB1*04:03,Germany pop 8,0.0084995750212489,39689,4-digit
DRB1,DRB1*04:07,Germany pop 8,0.0068996550172491,39689,4-digit
DRB1,DRB1*04:08,Germany pop 8,0.0050997450127493,39689,4-digit
DRB1,DRB1*04:05,Germany pop 8,0.0044997750112494,39689,4-digit
DRB1,DRB1*01:03,Germany pop 8,0.0039998000099995,39689,4-digit
DRB1,DRB1*08:04,Germany pop 8,0.0029998500074996,39689,4-digit
DRB1,DRB1*08:03,Germany pop 8,0.0028998550072496,39689,4-digit
DRB1,DRB1*11:02,Germany pop 8,0.0028998550072496,39689,4-digit
DRB1,DRB1*16:02,Germany pop 8,0.0023998800059997,39689,4-digit
DRB1,DRB1*13:05,Germany pop 8,0.0019999000049997,39689,4-digit
DRB1,DRB1*14:04,Germany pop 8,0.0010999450027498,39689,4-digit
DRB1,DRB1*12:02,Germany pop 8,0.0007999600019999,39689,4-digit
DRB1,DRB1*04:06,Germany pop 8,0.0004999750012499,39689,4-digit
DRB1,DRB1*08:02,Germany pop 8,0.0004999750012499,39689,4-digit
DRB1,DRB1*14:07,Germany pop 8,0.0003999800009999,39689,4-digit
DRB1,DRB1*15:03,Germany pop 8,0.0003999800009999,39689,4-digit
DRB1,DRB1*11:15,Germany pop 8,0.0002999850007499,39689,4-digit
DRB1,DRB1*04:10,Germany pop 8,0.0001999900004999,39689,4-digit
DRB1,DRB1*14:05,Germany pop 8,0.0001999900004999,39689,4-digit
DRB1,DRB1*14:02,Germany pop 8,0.0001999900004999,39689,4-digit
DRB1,DRB1*04:13,Germany pop 8,0.0001999900004999,39689,4-digit
DRB1,DRB1*03:02,Germany pop 8,9.999500024998752e-05,39689,4-digit
DRB1,DRB1*03:04,Germany pop 8,9.999500024998752e-05,39689,4-digit
DRB1,DRB1*14:03,Germany pop 8,9.999500024998752e-05,39689,4-digit
DRB1,DRB1*13:06,Germany pop 8,9.999500024998752e-05,39689,4-digit
DRB1,DRB1*11:13,Germany pop 8,9.999500024998752e-05,39689,4-digit
DRB1,DRB1*08:10,Germany pop 8,8.999550022498877e-05,39689,4-digit
DRB1,DRB1*11:28,Germany pop 8,8.999550022498877e-05,39689,4-digit
DRB1,DRB1*11:11,Germany pop 8,6.999650017499125e-05,39689,4-digit
DRB1,DRB1*13:14,Germany pop 8,6.999650017499125e-05,39689,4-digit
DRB1,DRB1*13:08,Germany pop 8,6.999650017499125e-05,39689,4-digit
DRB1,DRB1*16:05,Germany pop 8,6.999650017499125e-05,39689,4-digit
DRB1,DRB1*11:09,Germany pop 8,5.999700014999251e-05,39689,4-digit
DRB1,DRB1*11:06,Germany pop 8,5.999700014999251e-05,39689,4-digit
DRB1,DRB1*13:19,Germany pop 8,5.999700014999251e-05,39689,4-digit
DRB1,DRB1*11:19,Germany pop 8,5.999700014999251e-05,39689,4-digit
DRB1,DRB1*13:15,Germany pop 8,5.999700014999251e-05,39689,4-digit
DRB1,DRB1*11:08,Germany pop 8,5.999700014999251e-05,39689,4-digit
DRB1,DRB1*08:06,Germany pop 8,5.999700014999251e-05,39689,4-digit
DRB1,DRB1*11:36,Germany pop 8,3.999800009999501e-05,39689,4-digit
DRB1,DRB1*14:06,Germany pop 8,3.999800009999501e-05,39689,4-digit
DRB1,DRB1*13:63,Germany pop 8,3.999800009999501e-05,39689,4-digit
DRB1,DRB1*13:18,Germany pop 8,3.999800009999501e-05,39689,4-digit
DRB1,DRB1*11:39,Germany pop 8,3.999800009999501e-05,39689,4-digit
DRB1,DRB1*13:10,Germany pop 8,3.999800009999501e-05,39689,4-digit
DRB1,DRB1*11:12,Germany pop 8,3.999800009999501e-05,39689,4-digit
DRB1,DRB1*11:37,Germany pop 8,2.999850007499625e-05,39689,4-digit
DRB1,DRB1*11:27,Germany pop 8,2.999850007499625e-05,39689,4-digit
DRB1,DRB1*14:17,Germany pop 8,2.999850007499625e-05,39689,4-digit
DRB1,DRB1*08:18,Germany pop 8,2.999850007499625e-05,39689,4-digit
DRB1,DRB1*03:05,Germany pop 8,2.999850007499625e-05,39689,4-digit
DRB1,DRB1*07:05,Germany pop 8,2.999850007499625e-05,39689,4-digit
DRB1,DRB1*11:14,Germany pop 8,2.999850007499625e-05,39689,4-digit
DRB1,DRB1*13:38,Germany pop 8,2.999850007499625e-05,39689,4-digit
DRB1,DRB1*11:29,Germany pop 8,2.999850007499625e-05,39689,4-digit
DRB1,DRB1*11:18,Germany pop 8,2.999850007499625e-05,39689,4-digit
DRB1,DRB1*11:24,Germany pop 8,2.999850007499625e-05,39689,4-digit
DRB1,DRB1*13:11,Germany pop 8,2.999850007499625e-05,39689,4-digit
DRB1,DRB1*13:21,Germany pop 8,2.999850007499625e-05,39689,4-digit
DRB1,DRB1*04:11,Germany pop 8,2.999850007499625e-05,39689,4-digit
DRB1,DRB1*11:76,Germany pop 8,2.999850007499625e-05,39689,4-digit
DRB1,DRB1*01:07,Germany pop 8,9.999500024998752e-06,39689,4-digit
DRB1,DRB1*01:30,Germany pop 8,9.999500024998752e-06,39689,4-digit
DRB1,DRB1*15:14,Germany pop 8,9.999500024998752e-06,39689,4-digit
DRB1,DRB1*15:07,Germany pop 8,9.999500024998752e-06,39689,4-digit
DRB1,DRB1*15:06,Germany pop 8,9.999500024998752e-06,39689,4-digit
DRB1,DRB1*15:04,Germany pop 8,9.999500024998752e-06,39689,4-digit
DRB1,DRB1*01:34,Germany pop 8,9.999500024998752e-06,39689,4-digit
DRB1,DRB1*11:78,Germany pop 8,9.999500024998752e-06,39689,4-digit
DRB1,DRB1*01:36,Germany pop 8,9.999500024998752e-06,39689,4-digit
DRB1,DRB1*08:09,Germany pop 8,9.999500024998752e-06,39689,4-digit
DRB1,DRB1*14:117,Germany pop 8,9.999500024998752e-06,39689,4-digit
DRB1,DRB1*14:20,Germany pop 8,9.999500024998752e-06,39689,4-digit
DRB1,DRB1*11:49,Germany pop 8,9.999500024998752e-06,39689,4-digit
DRB1,DRB1*08:17,Germany pop 8,9.999500024998752e-06,39689,4-digit
DRB1,DRB1*11:58,Germany pop 8,9.999500024998752e-06,39689,4-digit
DRB1,DRB1*03:37,Germany pop 8,9.999500024998752e-06,39689,4-digit
DRB1,DRB1*11:81,Germany pop 8,9.999500024998752e-06,39689,4-digit
DRB1,DRB1*04:44,Germany pop 8,9.999500024998752e-06,39689,4-digit
DRB1,DRB1*09:01,Hong Kong Chinese BMDR,0.1587119033927544,7595,4-digit
DRB1,DRB1*12:02,Hong Kong Chinese BMDR,0.1369102682701202,7595,4-digit
DRB1,DRB1*15:01,Hong Kong Chinese BMDR,0.1040078005850438,7595,4-digit
DRB1,DRB1*03:01,Hong Kong Chinese BMDR,0.0704052803960297,7595,4-digit
DRB1,DRB1*04:05,Hong Kong Chinese BMDR,0.0633047478560892,7595,4-digit
DRB1,DRB1*08:03,Hong Kong Chinese BMDR,0.0620046503487761,7595,4-digit
DRB1,DRB1*16:02,Hong Kong Chinese BMDR,0.0537040278020851,7595,4-digit
DRB1,DRB1*11:01,Hong Kong Chinese BMDR,0.0517038777908343,7595,4-digit
DRB1,DRB1*14:54,Hong Kong Chinese BMDR,0.0427032027402055,7595,4-digit
DRB1,DRB1*07:01,Hong Kong Chinese BMDR,0.0377028277120784,7595,4-digit
DRB1,DRB1*15:02,Hong Kong Chinese BMDR,0.0315023626772007,7595,4-digit
DRB1,DRB1*04:03,Hong Kong Chinese BMDR,0.0311023326749506,7595,4-digit
DRB1,DRB1*12:01,Hong Kong Chinese BMDR,0.0269020176513238,7595,4-digit
DRB1,DRB1*14:05,Hong Kong Chinese BMDR,0.0205015376153211,7595,4-digit
DRB1,DRB1*04:06,Hong Kong Chinese BMDR,0.0175013125984448,7595,4-digit
DRB1,DRB1*13:02,Hong Kong Chinese BMDR,0.0171012825961947,7595,4-digit
DRB1,DRB1*10:01,Hong Kong Chinese BMDR,0.015501162587194,7595,4-digit
DRB1,DRB1*13:12,Hong Kong Chinese BMDR,0.0121009075680676,7595,4-digit
DRB1,DRB1*04:04,Hong Kong Chinese BMDR,0.008300622546691,7595,4-digit
DRB1,DRB1*14:04,Hong Kong Chinese BMDR,0.0068005100382528,7595,4-digit
DRB1,DRB1*13:01,Hong Kong Chinese BMDR,0.0064004800360027,7595,4-digit
DRB1,DRB1*01:01,Hong Kong Chinese BMDR,0.004800360027002,7595,4-digit
DRB1,DRB1*08:09,Hong Kong Chinese BMDR,0.0034002550191264,7595,4-digit
DRB1,DRB1*08:02,Hong Kong Chinese BMDR,0.0034002550191264,7595,4-digit
DRB1,DRB1*04:01,Hong Kong Chinese BMDR,0.0025001875140635,7595,4-digit
DRB1,DRB1*11:06,Hong Kong Chinese BMDR,0.0022001650123759,7595,4-digit
DRB1,DRB1*11:04,Hong Kong Chinese BMDR,0.0018001350101257,7595,4-digit
DRB1,DRB1*14:03,Hong Kong Chinese BMDR,0.0014001050078755,7595,4-digit
DRB1,DRB1*14:18,Hong Kong Chinese BMDR,0.001300097507313,7595,4-digit
DRB1,DRB1*16:01,Hong Kong Chinese BMDR,0.0007000525039377,7595,4-digit
DRB1,DRB1*04:10,Hong Kong Chinese BMDR,0.0006000450033752,7595,4-digit
DRB1,DRB1*14:07,Hong Kong Chinese BMDR,0.0005000375028127,7595,4-digit
DRB1,DRB1*08:01,Hong Kong Chinese BMDR,0.0003000225016876,7595,4-digit
DRB1,DRB1*04:07,Hong Kong Chinese BMDR,0.0003000225016876,7595,4-digit
DRB1,DRB1*11:54,Hong Kong Chinese BMDR,0.000200015001125,7595,4-digit
DRB1,DRB1*04:02,Hong Kong Chinese BMDR,0.000200015001125,7595,4-digit
DRB1,DRB1*14:10,Hong Kong Chinese BMDR,0.000200015001125,7595,4-digit
DRB1,DRB1*15:03,Hong Kong Chinese BMDR,0.0001000075005625,7595,4-digit
DRB1,DRB1*01:03,Hong Kong Chinese BMDR,0.0001000075005625,7595,4-digit
DRB1,DRB1*14:25,Hong Kong Chinese BMDR,0.0001000075005625,7595,4-digit
DRB1,DRB1*14:02,Hong Kong Chinese BMDR,0.0001000075005625,7595,4-digit
DRB1,DRB1*01:02,Hong Kong Chinese BMDR,0.0001000075005625,7595,4-digit
DRB1,DRB1*14:12,Hong Kong Chinese BMDR,0.0001000075005625,7595,4-digit
DRB1,DRB1*14:15,Hong Kong Chinese BMDR,6.600495037127785e-05,7595,4-digit
DRB1,DRB1*03:02,Hong Kong Chinese BMDR,6.600495037127785e-05,7595,4-digit
DRB1,DRB1*08:19,Hong Kong Chinese BMDR,6.600495037127785e-05,7595,4-digit
DRB1,DRB1*14:06,Hong Kong Chinese BMDR,6.600495037127785e-05,7595,4-digit
DRB1,DRB1*04:08,Hong Kong Chinese BMDR,6.600495037127785e-05,7595,4-digit
DRB1,DRB1*13:03,Hong Kong Chinese BMDR,6.600495037127785e-05,7595,4-digit
DRB1,DRB1*04:11,Hong Kong Chinese BMDR,6.600495037127785e-05,7595,4-digit
DRB1,DRB1*12:20,Hong Kong Chinese BMDR,6.600495037127785e-05,7595,4-digit
DRB1,DRB1*08:04,Hong Kong Chinese BMDR,6.600495037127785e-05,7595,4-digit
DRB1,DRB1*11:19,Hong Kong Chinese BMDR,6.600495037127785e-05,7595,4-digit
DRB1,DRB1*13:07,Hong Kong Chinese BMDR,6.500487536565242e-05,7595,4-digit
DRB1,DRB1*09:01,Hong Kong Chinese cord blood registry,0.1481703659268146,3892,4-digit
DRB1,DRB1*12:02,Hong Kong Chinese cord blood registry,0.1365726854629074,3892,4-digit
DRB1,DRB1*15:01,Hong Kong Chinese cord blood registry,0.1050789842031593,3892,4-digit
DRB1,DRB1*08:03,Hong Kong Chinese cord blood registry,0.0684863027394521,3892,4-digit
DRB1,DRB1*03:01,Hong Kong Chinese cord blood registry,0.0644871025794841,3892,4-digit
DRB1,DRB1*04:05,Hong Kong Chinese cord blood registry,0.0625874825034993,3892,4-digit
DRB1,DRB1*16:02,Hong Kong Chinese cord blood registry,0.0550889822035592,3892,4-digit
DRB1,DRB1*11:01,Hong Kong Chinese cord blood registry,0.0528894221155768,3892,4-digit
DRB1,DRB1*14:54,Hong Kong Chinese cord blood registry,0.0426914617076584,3892,4-digit
DRB1,DRB1*07:01,Hong Kong Chinese cord blood registry,0.0390921815636872,3892,4-digit
DRB1,DRB1*04:03,Hong Kong Chinese cord blood registry,0.035492901419716,3892,4-digit
DRB1,DRB1*12:01,Hong Kong Chinese cord blood registry,0.0291941611677664,3892,4-digit
DRB1,DRB1*15:02,Hong Kong Chinese cord blood registry,0.028994201159768,3892,4-digit
DRB1,DRB1*13:02,Hong Kong Chinese cord blood registry,0.0203959208158368,3892,4-digit
DRB1,DRB1*14:05,Hong Kong Chinese cord blood registry,0.0188962207558488,3892,4-digit
DRB1,DRB1*10:01,Hong Kong Chinese cord blood registry,0.0166966606678664,3892,4-digit
DRB1,DRB1*04:06,Hong Kong Chinese cord blood registry,0.0133973205358928,3892,4-digit
DRB1,DRB1*13:12,Hong Kong Chinese cord blood registry,0.0124975004999,3892,4-digit
DRB1,DRB1*13:01,Hong Kong Chinese cord blood registry,0.0080983803239352,3892,4-digit
DRB1,DRB1*04:04,Hong Kong Chinese cord blood registry,0.0067986402719456,3892,4-digit
DRB1,DRB1*01:01,Hong Kong Chinese cord blood registry,0.0062987402519496,3892,4-digit
DRB1,DRB1*14:04,Hong Kong Chinese cord blood registry,0.005998800239952,3892,4-digit
DRB1,DRB1*08:09,Hong Kong Chinese cord blood registry,0.0035992801439712,3892,4-digit
DRB1,DRB1*08:02,Hong Kong Chinese cord blood registry,0.0031993601279744,3892,4-digit
DRB1,DRB1*04:01,Hong Kong Chinese cord blood registry,0.0030993801239752,3892,4-digit
DRB1,DRB1*14:03,Hong Kong Chinese cord blood registry,0.0020995800839832,3892,4-digit
DRB1,DRB1*11:06,Hong Kong Chinese cord blood registry,0.0018996200759848,3892,4-digit
DRB1,DRB1*11:04,Hong Kong Chinese cord blood registry,0.0017996400719856,3892,4-digit
DRB1,DRB1*14:18,Hong Kong Chinese cord blood registry,0.0012997400519896,3892,4-digit
DRB1,DRB1*14:07,Hong Kong Chinese cord blood registry,0.0007998400319936,3892,4-digit
DRB1,DRB1*16:01,Hong Kong Chinese cord blood registry,0.0005998800239952,3892,4-digit
DRB1,DRB1*04:10,Hong Kong Chinese cord blood registry,0.0005998800239952,3892,4-digit
DRB1,DRB1*08:04,Hong Kong Chinese cord blood registry,0.000499900019996,3892,4-digit
DRB1,DRB1*01:02,Hong Kong Chinese cord blood registry,0.0002999400119976,3892,4-digit
DRB1,DRB1*15:03,Hong Kong Chinese cord blood registry,0.0002999400119976,3892,4-digit
DRB1,DRB1*14:25,Hong Kong Chinese cord blood registry,0.0002999400119976,3892,4-digit
DRB1,DRB1*13:07,Hong Kong Chinese cord blood registry,0.0002999400119976,3892,4-digit
DRB1,DRB1*04:07,Hong Kong Chinese cord blood registry,0.0002999400119976,3892,4-digit
DRB1,DRB1*11:54,Hong Kong Chinese cord blood registry,9.998000399920016e-05,3892,4-digit
DRB1,DRB1*14:10,Hong Kong Chinese cord blood registry,9.998000399920016e-05,3892,4-digit
DRB1,DRB1*14:12,Hong Kong Chinese cord blood registry,9.998000399920016e-05,3892,4-digit
DRB1,DRB1*14:15,Hong Kong Chinese cord blood registry,9.998000399920016e-05,3892,4-digit
DRB1,DRB1*14:02,Hong Kong Chinese cord blood registry,9.998000399920016e-05,3892,4-digit
DRB1,DRB1*08:19,Hong Kong Chinese cord blood registry,9.998000399920016e-05,3892,4-digit
DRB1,DRB1*11:03,Hong Kong Chinese cord blood registry,9.998000399920016e-05,3892,4-digit
DRB1,DRB1*08:01,Hong Kong Chinese cord blood registry,9.998000399920016e-05,3892,4-digit
DRB1,DRB1*13:03,Hong Kong Chinese cord blood registry,9.998000399920016e-05,3892,4-digit
DRB1,DRB1*12:08,Hong Kong Chinese cord blood registry,9.998000399920016e-05,3892,4-digit
DRB1,DRB1*14:06,Hong Kong Chinese cord blood registry,9.998000399920016e-05,3892,4-digit
DRB1,DRB1*15:01,Ireland Northern,0.1807348560079444,1000,4-digit
DRB1,DRB1*07:01,Ireland Northern,0.1588877855014896,1000,4-digit
DRB1,DRB1*03:01,Ireland Northern,0.1588877855014896,1000,4-digit
DRB1,DRB1*04:01,Ireland Northern,0.1102284011916584,1000,4-digit
DRB1,DRB1*01:01,Ireland Northern,0.0784508440913604,1000,4-digit
DRB1,DRB1*04:04,Ireland Northern,0.0466732869910625,1000,4-digit
DRB1,DRB1*13:01,Ireland Northern,0.0367428003972194,1000,4-digit
DRB1,DRB1*01:03,Ireland Northern,0.0327706057596822,1000,4-digit
DRB1,DRB1*13:02,Ireland Northern,0.0327706057596822,1000,4-digit
DRB1,DRB1*11:01,Ireland Northern,0.0238331678252234,1000,4-digit
DRB1,DRB1*04:07,Ireland Northern,0.0178748758689175,1000,4-digit
DRB1,DRB1*08:01,Ireland Northern,0.0168818272095332,1000,4-digit
DRB1,DRB1*14:01,Ireland Northern,0.0148957298907646,1000,4-digit
DRB1,DRB1*12:01,Ireland Northern,0.012909632571996,1000,4-digit
DRB1,DRB1*11:04,Ireland Northern,0.012909632571996,1000,4-digit
DRB1,DRB1*13:03,Ireland Northern,0.0119165839126117,1000,4-digit
DRB1,DRB1*01:02,Ireland Northern,0.0079443892750744,1000,4-digit
DRB1,DRB1*10:01,Ireland Northern,0.0069513406156901,1000,4-digit
DRB1,DRB1*09:01,Ireland Northern,0.0069513406156901,1000,4-digit
DRB1,DRB1*11:03,Ireland Northern,0.0039721946375372,1000,4-digit
DRB1,DRB1*04:03,Ireland Northern,0.0039721946375372,1000,4-digit
DRB1,DRB1*15:02,Ireland Northern,0.0039721946375372,1000,4-digit
DRB1,DRB1*04:05,Ireland Northern,0.0039721946375372,1000,4-digit
DRB1,DRB1*04:02,Ireland Northern,0.0029791459781529,1000,4-digit
DRB1,DRB1*08:03,Ireland Northern,0.0019860973187686,1000,4-digit
DRB1,DRB1*04:08,Ireland Northern,0.0019860973187686,1000,4-digit
DRB1,DRB1*16:01,Ireland Northern,0.0019860973187686,1000,4-digit
DRB1,DRB1*04:06,Ireland Northern,0.0009930486593843,1000,4-digit
DRB1,DRB1*11:02,Ireland Northern,0.0009930486593843,1000,4-digit
DRB1,DRB1*04:16,Ireland Northern,0.0009930486593843,1000,4-digit
DRB1,DRB1*08:04,Ireland Northern,0.0009930486593843,1000,4-digit
DRB1,DRB1*08:02,Ireland Northern,0.0009930486593843,1000,4-digit
DRB1,DRB1*08:06,Ireland Northern,0.0009930486593843,1000,4-digit
DRB1,DRB1*11:04,Israel Arab pop 2,0.1857102140617734,12301,4-digit
DRB1,DRB1*04:03,Israel Arab pop 2,0.0934051372825505,12301,4-digit
DRB1,DRB1*03:01,Israel Arab pop 2,0.0917050437774077,12301,4-digit
DRB1,DRB1*07:01,Israel Arab pop 2,0.087304801764097,12301,4-digit
DRB1,DRB1*11:01,Israel Arab pop 2,0.0537029536624514,12301,4-digit
DRB1,DRB1*13:03,Israel Arab pop 2,0.0521028656576111,12301,4-digit
DRB1,DRB1*13:02,Israel Arab pop 2,0.0479026346449054,12301,4-digit
DRB1,DRB1*15:02,Israel Arab pop 2,0.0470025851421828,12301,4-digit
DRB1,DRB1*14:01,Israel Arab pop 2,0.0439024146328048,12301,4-digit
DRB1,DRB1*01:02,Israel Arab pop 2,0.0438024091325022,12301,4-digit
DRB1,DRB1*10:01,Israel Arab pop 2,0.03060168309257,12301,4-digit
DRB1,DRB1*15:01,Israel Arab pop 2,0.0303016665916625,12301,4-digit
DRB1,DRB1*08:04,Israel Arab pop 2,0.024601353074419,12301,4-digit
DRB1,DRB1*04:02,Israel Arab pop 2,0.0238013090719989,12301,4-digit
DRB1,DRB1*04:04,Israel Arab pop 2,0.0203011165614108,12301,4-digit
DRB1,DRB1*13:01,Israel Arab pop 2,0.0198010890598982,12301,4-digit
DRB1,DRB1*04:05,Israel Arab pop 2,0.0185010175559655,12301,4-digit
DRB1,DRB1*15:03,Israel Arab pop 2,0.0147008085444699,12301,4-digit
DRB1,DRB1*12:01,Israel Arab pop 2,0.0105005775317642,12301,4-digit
DRB1,DRB1*03:02,Israel Arab pop 2,0.0100005500302516,12301,4-digit
DRB1,DRB1*13:05,Israel Arab pop 2,0.0078004290235962,12301,4-digit
DRB1,DRB1*16:01,Israel Arab pop 2,0.0067003685202686,12301,4-digit
DRB1,DRB1*01:01,Israel Arab pop 2,0.0058003190175459,12301,4-digit
DRB1,DRB1*04:06,Israel Arab pop 2,0.0048002640145207,12301,4-digit
DRB1,DRB1*11:03,Israel Arab pop 2,0.0045002475136132,12301,4-digit
DRB1,DRB1*08:01,Israel Arab pop 2,0.0024001320072603,12301,4-digit
DRB1,DRB1*04:01,Israel Arab pop 2,0.0024001320072603,12301,4-digit
DRB1,DRB1*04:08,Israel Arab pop 2,0.0021001155063528,12301,4-digit
DRB1,DRB1*09:01,Israel Arab pop 2,0.0018000990054452,12301,4-digit
DRB1,DRB1*14:04,Israel Arab pop 2,0.0018000990054452,12301,4-digit
DRB1,DRB1*04:07,Israel Arab pop 2,0.0017000935051427,12301,4-digit
DRB1,DRB1*16:02,Israel Arab pop 2,0.0016000880048402,12301,4-digit
DRB1,DRB1*11:02,Israel Arab pop 2,0.0015000825045377,12301,4-digit
DRB1,DRB1*08:03,Israel Arab pop 2,0.0013000715039327,12301,4-digit
DRB1,DRB1*08:06,Israel Arab pop 2,0.0009000495027226,12301,4-digit
DRB1,DRB1*14:07,Israel Arab pop 2,0.0007000385021176,12301,4-digit
DRB1,DRB1*01:03,Israel Arab pop 2,0.000600033001815,12301,4-digit
DRB1,DRB1*08:02,Israel Arab pop 2,0.0005000275015125,12301,4-digit
DRB1,DRB1*14:06,Israel Arab pop 2,0.0003000165009075,12301,4-digit
DRB1,DRB1*13:18,Israel Arab pop 2,0.0003000165009075,12301,4-digit
DRB1,DRB1*04:10,Israel Arab pop 2,0.0003000165009075,12301,4-digit
DRB1,DRB1*14:02,Israel Arab pop 2,0.0001000055003025,12301,4-digit
DRB1,DRB1*14:17,Israel Arab pop 2,0.0001000055003025,12301,4-digit
DRB1,DRB1*11:12,Israel Arab pop 2,0.0001000055003025,12301,4-digit
DRB1,DRB1*12:02,Israel Arab pop 2,8.100445524503848e-05,12301,4-digit
DRB1,DRB1*11:24,Israel Arab pop 2,4.100225512403182e-05,12301,4-digit
DRB1,DRB1*08:28,Israel Arab pop 2,4.100225512403182e-05,12301,4-digit
DRB1,DRB1*04:11,Israel Arab pop 2,4.100225512403182e-05,12301,4-digit
DRB1,DRB1*14:05,Israel Arab pop 2,4.100225512403182e-05,12301,4-digit
DRB1,DRB1*11:04,Israel Argentina Jews,0.1665999599759856,4307,4-digit
DRB1,DRB1*07:01,Israel Argentina Jews,0.1226736041624975,4307,4-digit
DRB1,DRB1*01:02,Israel Argentina Jews,0.1083650190114068,4307,4-digit
DRB1,DRB1*04:02,Israel Argentina Jews,0.1077646587952771,4307,4-digit
DRB1,DRB1*03:01,Israel Argentina Jews,0.0621372823694216,4307,4-digit
DRB1,DRB1*13:02,Israel Argentina Jews,0.0596357814688813,4307,4-digit
DRB1,DRB1*15:02,Israel Argentina Jews,0.0358214928957374,4307,4-digit
DRB1,DRB1*13:05,Israel Argentina Jews,0.0344206523914348,4307,4-digit
DRB1,DRB1*04:03,Israel Argentina Jews,0.0344206523914348,4307,4-digit
DRB1,DRB1*15:01,Israel Argentina Jews,0.0304182509505703,4307,4-digit
DRB1,DRB1*12:01,Israel Argentina Jews,0.0274164498699219,4307,4-digit
DRB1,DRB1*14:01,Israel Argentina Jews,0.0260156093656193,4307,4-digit
DRB1,DRB1*04:04,Israel Argentina Jews,0.0258154892935761,4307,4-digit
DRB1,DRB1*11:03,Israel Argentina Jews,0.0233139883930358,4307,4-digit
DRB1,DRB1*16:01,Israel Argentina Jews,0.0196117670602361,4307,4-digit
DRB1,DRB1*13:03,Israel Argentina Jews,0.0193115869521713,4307,4-digit
DRB1,DRB1*10:01,Israel Argentina Jews,0.0174104462677606,4307,4-digit
DRB1,DRB1*08:02,Israel Argentina Jews,0.016009605763458,4307,4-digit
DRB1,DRB1*11:01,Israel Argentina Jews,0.0132079247548529,4307,4-digit
DRB1,DRB1*04:05,Israel Argentina Jews,0.0120072043225935,4307,4-digit
DRB1,DRB1*13:01,Israel Argentina Jews,0.0114068441064638,4307,4-digit
DRB1,DRB1*09:01,Israel Argentina Jews,0.0064038423053832,4307,4-digit
DRB1,DRB1*01:01,Israel Argentina Jews,0.00620372223334,4307,4-digit
DRB1,DRB1*04:01,Israel Argentina Jews,0.002301380828497,4307,4-digit
DRB1,DRB1*08:01,Israel Argentina Jews,0.0020012007204322,4307,4-digit
DRB1,DRB1*04:07,Israel Argentina Jews,0.0016009605763458,4307,4-digit
DRB1,DRB1*16:02,Israel Argentina Jews,0.0015009005403241,4307,4-digit
DRB1,DRB1*01:03,Israel Argentina Jews,0.0010006003602161,4307,4-digit
DRB1,DRB1*08:04,Israel Argentina Jews,0.0009005403241945,4307,4-digit
DRB1,DRB1*04:08,Israel Argentina Jews,0.0008004802881729,4307,4-digit
DRB1,DRB1*14:02,Israel Argentina Jews,0.0006003602161296,4307,4-digit
DRB1,DRB1*11:02,Israel Argentina Jews,0.0006003602161296,4307,4-digit
DRB1,DRB1*12:02,Israel Argentina Jews,0.0003001801080648,4307,4-digit
DRB1,DRB1*04:11,Israel Argentina Jews,0.0003001801080648,4307,4-digit
DRB1,DRB1*14:04,Israel Argentina Jews,0.0003001801080648,4307,4-digit
DRB1,DRB1*03:02,Israel Argentina Jews,0.0002001200720432,4307,4-digit
DRB1,DRB1*04:06,Israel Argentina Jews,0.0002001200720432,4307,4-digit
DRB1,DRB1*08:03,Israel Argentina Jews,0.0002001200720432,4307,4-digit
DRB1,DRB1*14:06,Israel Argentina Jews,0.0002001200720432,4307,4-digit
DRB1,DRB1*15:03,Israel Argentina Jews,0.0002001200720432,4307,4-digit
DRB1,DRB1*11:11,Israel Argentina Jews,0.0001000600360216,4307,4-digit
DRB1,DRB1*14:07,Israel Argentina Jews,0.0001000600360216,4307,4-digit
DRB1,DRB1*04:10,Israel Argentina Jews,0.0001000600360216,4307,4-digit
DRB1,DRB1*08:07,Israel Argentina Jews,0.0001000600360216,4307,4-digit
DRB1,DRB1*11:04,Israel Ashkenazi Jews pop 3,0.1752687053324903,4625,4-digit
DRB1,DRB1*07:01,Israel Ashkenazi Jews pop 3,0.133152195660699,4625,4-digit
DRB1,DRB1*04:02,Israel Ashkenazi Jews pop 3,0.1149450584629174,4625,4-digit
DRB1,DRB1*01:02,Israel Ashkenazi Jews pop 3,0.1063416859408888,4625,4-digit
DRB1,DRB1*03:01,Israel Ashkenazi Jews pop 3,0.0626245488231386,4625,4-digit
DRB1,DRB1*13:02,Israel Ashkenazi Jews pop 3,0.0624244703923938,4625,4-digit
DRB1,DRB1*13:05,Israel Ashkenazi Jews pop 3,0.0370145096877976,4625,4-digit
DRB1,DRB1*15:02,Israel Ashkenazi Jews pop 3,0.0360141175340733,4625,4-digit
DRB1,DRB1*04:03,Israel Ashkenazi Jews pop 3,0.0359140783187009,4625,4-digit
DRB1,DRB1*13:01,Israel Ashkenazi Jews pop 3,0.0267104705044377,4625,4-digit
DRB1,DRB1*11:01,Israel Ashkenazi Jews pop 3,0.0257100783507134,4625,4-digit
DRB1,DRB1*12:01,Israel Ashkenazi Jews pop 3,0.0244095685508719,4625,4-digit
DRB1,DRB1*15:01,Israel Ashkenazi Jews pop 3,0.0237092940432649,4625,4-digit
DRB1,DRB1*14:01,Israel Ashkenazi Jews pop 3,0.019507646997623,4625,4-digit
DRB1,DRB1*10:01,Israel Ashkenazi Jews pop 3,0.0171067058286848,4625,4-digit
DRB1,DRB1*16:01,Israel Ashkenazi Jews pop 3,0.016206352890333,4625,4-digit
DRB1,DRB1*04:04,Israel Ashkenazi Jews pop 3,0.0154060391673536,4625,4-digit
DRB1,DRB1*13:03,Israel Ashkenazi Jews pop 3,0.0153059999519811,4625,4-digit
DRB1,DRB1*08:01,Israel Ashkenazi Jews pop 3,0.0110043136909668,4625,4-digit
DRB1,DRB1*04:01,Israel Ashkenazi Jews pop 3,0.0091035685988907,4625,4-digit
DRB1,DRB1*01:01,Israel Ashkenazi Jews pop 3,0.0076029803683043,4625,4-digit
DRB1,DRB1*04:08,Israel Ashkenazi Jews pop 3,0.007302862722187,4625,4-digit
DRB1,DRB1*09:01,Israel Ashkenazi Jews pop 3,0.0044017254763867,4625,4-digit
DRB1,DRB1*04:05,Israel Ashkenazi Jews pop 3,0.0035013725380349,4625,4-digit
DRB1,DRB1*11:03,Israel Ashkenazi Jews pop 3,0.0021008235228209,4625,4-digit
DRB1,DRB1*01:03,Israel Ashkenazi Jews pop 3,0.0018007058767036,4625,4-digit
DRB1,DRB1*16:02,Israel Ashkenazi Jews pop 3,0.0011004313690966,4625,4-digit
DRB1,DRB1*04:07,Israel Ashkenazi Jews pop 3,0.0008003137229794,4625,4-digit
DRB1,DRB1*08:03,Israel Ashkenazi Jews pop 3,0.0006002352922345,4625,4-digit
DRB1,DRB1*12:02,Israel Ashkenazi Jews pop 3,0.0005001960768621,4625,4-digit
DRB1,DRB1*08:02,Israel Ashkenazi Jews pop 3,0.0004001568614897,4625,4-digit
DRB1,DRB1*14:07,Israel Ashkenazi Jews pop 3,0.0004001568614897,4625,4-digit
DRB1,DRB1*11:11,Israel Ashkenazi Jews pop 3,0.0003001176461172,4625,4-digit
DRB1,DRB1*04:06,Israel Ashkenazi Jews pop 3,0.0003001176461172,4625,4-digit
DRB1,DRB1*16:07,Israel Ashkenazi Jews pop 3,0.0003001176461172,4625,4-digit
DRB1,DRB1*14:06,Israel Ashkenazi Jews pop 3,0.0002000784307448,4625,4-digit
DRB1,DRB1*15:03,Israel Ashkenazi Jews pop 3,0.0002000784307448,4625,4-digit
DRB1,DRB1*14:02,Israel Ashkenazi Jews pop 3,0.0001000392153724,4625,4-digit
DRB1,DRB1*14:04,Israel Ashkenazi Jews pop 3,0.0001000392153724,4625,4-digit
DRB1,DRB1*11:14,Israel Ashkenazi Jews pop 3,5.402117630111004e-05,4625,4-digit
DRB1,DRB1*11:02,Israel Ashkenazi Jews pop 3,5.402117630111004e-05,4625,4-digit
DRB1,DRB1*07:01,Israel Bukhara Jews,0.2143120014720824,2317,4-digit
DRB1,DRB1*11:04,Israel Bukhara Jews,0.2009112510300577,2317,4-digit
DRB1,DRB1*14:01,Israel Bukhara Jews,0.1158064851631691,2317,4-digit
DRB1,DRB1*10:01,Israel Bukhara Jews,0.0632035393982063,2317,4-digit
DRB1,DRB1*14:04,Israel Bukhara Jews,0.0541030297696671,2317,4-digit
DRB1,DRB1*04:02,Israel Bukhara Jews,0.0514028785611994,2317,4-digit
DRB1,DRB1*01:02,Israel Bukhara Jews,0.0483027049514772,2317,4-digit
DRB1,DRB1*13:03,Israel Bukhara Jews,0.046802620946773,2317,4-digit
DRB1,DRB1*03:01,Israel Bukhara Jews,0.0408022849279559,2317,4-digit
DRB1,DRB1*13:05,Israel Bukhara Jews,0.0273015288856176,2317,4-digit
DRB1,DRB1*09:01,Israel Bukhara Jews,0.0214011984671141,2317,4-digit
DRB1,DRB1*04:03,Israel Bukhara Jews,0.0200011200627235,2317,4-digit
DRB1,DRB1*12:01,Israel Bukhara Jews,0.0192010752602145,2317,4-digit
DRB1,DRB1*04:04,Israel Bukhara Jews,0.0168009408526877,2317,4-digit
DRB1,DRB1*13:01,Israel Bukhara Jews,0.0147008232461017,2317,4-digit
DRB1,DRB1*15:02,Israel Bukhara Jews,0.0123006888385749,2317,4-digit
DRB1,DRB1*11:01,Israel Bukhara Jews,0.0093005208291664,2317,4-digit
DRB1,DRB1*13:02,Israel Bukhara Jews,0.0090005040282255,2317,4-digit
DRB1,DRB1*15:01,Israel Bukhara Jews,0.0052002912163081,2317,4-digit
DRB1,DRB1*04:05,Israel Bukhara Jews,0.0021001176065859,2317,4-digit
DRB1,DRB1*01:01,Israel Bukhara Jews,0.0017000952053314,2317,4-digit
DRB1,DRB1*08:01,Israel Bukhara Jews,0.0017000952053314,2317,4-digit
DRB1,DRB1*04:01,Israel Bukhara Jews,0.0009000504028225,2317,4-digit
DRB1,DRB1*11:03,Israel Bukhara Jews,0.0009000504028225,2317,4-digit
DRB1,DRB1*08:03,Israel Bukhara Jews,0.0004000224012544,2317,4-digit
DRB1,DRB1*04:08,Israel Bukhara Jews,0.0004000224012544,2317,4-digit
DRB1,DRB1*12:02,Israel Bukhara Jews,0.0002000112006272,2317,4-digit
DRB1,DRB1*08:04,Israel Bukhara Jews,0.0002000112006272,2317,4-digit
DRB1,DRB1*16:18,Israel Bukhara Jews,2.800156808781292e-05,2317,4-digit
DRB1,DRB1*16:15,Israel Bukhara Jews,2.800156808781292e-05,2317,4-digit
DRB1,DRB1*16:16,Israel Bukhara Jews,2.800156808781292e-05,2317,4-digit
DRB1,DRB1*16:17,Israel Bukhara Jews,2.800156808781292e-05,2317,4-digit
DRB1,DRB1*16:21N,Israel Bukhara Jews,2.800156808781292e-05,2317,4-digit
DRB1,DRB1*16:19,Israel Bukhara Jews,2.800156808781292e-05,2317,4-digit
DRB1,DRB1*16:20,Israel Bukhara Jews,2.800156808781292e-05,2317,4-digit
DRB1,DRB1*16:13N,Israel Bukhara Jews,2.800156808781292e-05,2317,4-digit
DRB1,DRB1*16:22,Israel Bukhara Jews,2.800156808781292e-05,2317,4-digit
DRB1,DRB1*16:23,Israel Bukhara Jews,2.800156808781292e-05,2317,4-digit
DRB1,DRB1*16:14,Israel Bukhara Jews,2.800156808781292e-05,2317,4-digit
DRB1,DRB1*16:10,Israel Bukhara Jews,2.800156808781292e-05,2317,4-digit
DRB1,DRB1*16:12,Israel Bukhara Jews,2.800156808781292e-05,2317,4-digit
DRB1,DRB1*16:11,Israel Bukhara Jews,2.800156808781292e-05,2317,4-digit
DRB1,DRB1*16:09,Israel Bukhara Jews,2.800156808781292e-05,2317,4-digit
DRB1,DRB1*16:08,Israel Bukhara Jews,2.800156808781292e-05,2317,4-digit
DRB1,DRB1*16:07,Israel Bukhara Jews,2.800156808781292e-05,2317,4-digit
DRB1,DRB1*16:05,Israel Bukhara Jews,2.800156808781292e-05,2317,4-digit
DRB1,DRB1*16:04,Israel Bukhara Jews,2.800156808781292e-05,2317,4-digit
DRB1,DRB1*16:03,Israel Bukhara Jews,2.800156808781292e-05,2317,4-digit
DRB1,DRB1*16:02,Israel Bukhara Jews,2.800156808781292e-05,2317,4-digit
DRB1,DRB1*16:01,Israel Bukhara Jews,2.800156808781292e-05,2317,4-digit
DRB1,DRB1*16:24,Israel Bukhara Jews,2.800156808781292e-05,2317,4-digit
DRB1,DRB1*11:04,Israel Druze,0.2307230723072307,5914,4-digit
DRB1,DRB1*03:01,Israel Druze,0.1004100410041004,5914,4-digit
DRB1,DRB1*07:01,Israel Druze,0.0941094109410941,5914,4-digit
DRB1,DRB1*04:03,Israel Druze,0.093009300930093,5914,4-digit
DRB1,DRB1*14:04,Israel Druze,0.0798079807980798,5914,4-digit
DRB1,DRB1*13:02,Israel Druze,0.0736073607360736,5914,4-digit
DRB1,DRB1*15:02,Israel Druze,0.0717071707170717,5914,4-digit
DRB1,DRB1*10:01,Israel Druze,0.0479047904790479,5914,4-digit
DRB1,DRB1*01:02,Israel Druze,0.035003500350035,5914,4-digit
DRB1,DRB1*14:01,Israel Druze,0.026002600260026,5914,4-digit
DRB1,DRB1*13:03,Israel Druze,0.026002600260026,5914,4-digit
DRB1,DRB1*13:05,Israel Druze,0.0234023402340234,5914,4-digit
DRB1,DRB1*11:01,Israel Druze,0.0156015601560156,5914,4-digit
DRB1,DRB1*04:04,Israel Druze,0.0128012801280128,5914,4-digit
DRB1,DRB1*04:02,Israel Druze,0.0114011401140114,5914,4-digit
DRB1,DRB1*16:02,Israel Druze,0.0111011101110111,5914,4-digit
DRB1,DRB1*15:01,Israel Druze,0.0101010101010101,5914,4-digit
DRB1,DRB1*13:01,Israel Druze,0.0095009500950095,5914,4-digit
DRB1,DRB1*08:04,Israel Druze,0.0084008400840084,5914,4-digit
DRB1,DRB1*16:01,Israel Druze,0.0057005700570057,5914,4-digit
DRB1,DRB1*01:01,Israel Druze,0.003000300030003,5914,4-digit
DRB1,DRB1*04:05,Israel Druze,0.0021002100210021,5914,4-digit
DRB1,DRB1*11:03,Israel Druze,0.0017001700170017,5914,4-digit
DRB1,DRB1*03:02,Israel Druze,0.0015001500150015,5914,4-digit
DRB1,DRB1*08:03,Israel Druze,0.0009000900090009,5914,4-digit
DRB1,DRB1*04:06,Israel Druze,0.0009000900090009,5914,4-digit
DRB1,DRB1*04:01,Israel Druze,0.0009000900090009,5914,4-digit
DRB1,DRB1*12:01,Israel Druze,0.0006000600060006,5914,4-digit
DRB1,DRB1*01:03,Israel Druze,0.0005000500050005,5914,4-digit
DRB1,DRB1*09:01,Israel Druze,0.0003000300030003,5914,4-digit
DRB1,DRB1*08:01,Israel Druze,0.0003000300030003,5914,4-digit
DRB1,DRB1*11:02,Israel Druze,0.0003000300030003,5914,4-digit
DRB1,DRB1*04:08,Israel Druze,0.0003000300030003,5914,4-digit
DRB1,DRB1*11:12,Israel Druze,0.0002000200020002,5914,4-digit
DRB1,DRB1*15:03,Israel Druze,0.0002000200020002,5914,4-digit
DRB1,DRB1*13:02,Israel Ethiopia Jews,0.1721765839845781,5928,4-digit
DRB1,DRB1*07:01,Israel Ethiopia Jews,0.1406808674020333,5928,4-digit
DRB1,DRB1*03:01,Israel Ethiopia Jews,0.1252829615172336,5928,4-digit
DRB1,DRB1*01:02,Israel Ethiopia Jews,0.1000863882511978,5928,4-digit
DRB1,DRB1*15:03,Israel Ethiopia Jews,0.098986537830855,5928,4-digit
DRB1,DRB1*08:04,Israel Ethiopia Jews,0.0626914739595415,5928,4-digit
DRB1,DRB1*13:03,Israel Ethiopia Jews,0.0490933233080301,5928,4-digit
DRB1,DRB1*04:05,Israel Ethiopia Jews,0.0434940848044665,5928,4-digit
DRB1,DRB1*04:04,Israel Ethiopia Jews,0.0410944111600822,5928,4-digit
DRB1,DRB1*10:01,Israel Ethiopia Jews,0.031295743778846,5928,4-digit
DRB1,DRB1*15:01,Israel Ethiopia Jews,0.0273962741067214,5928,4-digit
DRB1,DRB1*04:01,Israel Ethiopia Jews,0.0184974843421294,5928,4-digit
DRB1,DRB1*11:02,Israel Ethiopia Jews,0.018097538734732,5928,4-digit
DRB1,DRB1*04:03,Israel Ethiopia Jews,0.0168977019125398,5928,4-digit
DRB1,DRB1*11:01,Israel Ethiopia Jews,0.0167977155106905,5928,4-digit
DRB1,DRB1*13:01,Israel Ethiopia Jews,0.0145980146700048,5928,4-digit
DRB1,DRB1*08:08,Israel Ethiopia Jews,0.0087988033627426,5928,4-digit
DRB1,DRB1*04:08,Israel Ethiopia Jews,0.0043994016813713,5928,4-digit
DRB1,DRB1*14:01,Israel Ethiopia Jews,0.0033995376628778,5928,4-digit
DRB1,DRB1*04:06,Israel Ethiopia Jews,0.0023996736443843,5928,4-digit
DRB1,DRB1*08:03,Israel Ethiopia Jews,0.0012998232240415,5928,4-digit
DRB1,DRB1*15:02,Israel Ethiopia Jews,0.0004999320092467,5928,4-digit
DRB1,DRB1*03:02,Israel Ethiopia Jews,0.000299959205548,5928,4-digit
DRB1,DRB1*14:06,Israel Ethiopia Jews,0.000299959205548,5928,4-digit
DRB1,DRB1*16:01,Israel Ethiopia Jews,0.000299959205548,5928,4-digit
DRB1,DRB1*01:01,Israel Ethiopia Jews,0.0001999728036986,5928,4-digit
DRB1,DRB1*12:01,Israel Ethiopia Jews,0.0001999728036986,5928,4-digit
DRB1,DRB1*09:01,Israel Ethiopia Jews,0.0001999728036986,5928,4-digit
DRB1,DRB1*08:02,Israel Ethiopia Jews,0.0001999728036986,5928,4-digit
DRB1,DRB1*11:04,Israel Ethiopia Jews,8.398857755345273e-05,5928,4-digit
DRB1,DRB1*08:01,Israel Ethiopia Jews,8.398857755345273e-05,5928,4-digit
DRB1,DRB1*04:02,Israel Ethiopia Jews,8.398857755345273e-05,5928,4-digit
DRB1,DRB1*16:02,Israel Ethiopia Jews,8.398857755345273e-05,5928,4-digit
DRB1,DRB1*11:04,Israel Georgia Jews,0.2423757624237576,4471,4-digit
DRB1,DRB1*13:02,Israel Georgia Jews,0.1375862413758624,4471,4-digit
DRB1,DRB1*14:01,Israel Georgia Jews,0.0776922307769223,4471,4-digit
DRB1,DRB1*13:05,Israel Georgia Jews,0.0773922607739226,4471,4-digit
DRB1,DRB1*16:01,Israel Georgia Jews,0.0706929307069293,4471,4-digit
DRB1,DRB1*15:02,Israel Georgia Jews,0.0660933906609339,4471,4-digit
DRB1,DRB1*04:03,Israel Georgia Jews,0.050994900509949,4471,4-digit
DRB1,DRB1*07:01,Israel Georgia Jews,0.0497950204979502,4471,4-digit
DRB1,DRB1*03:01,Israel Georgia Jews,0.0446955304469553,4471,4-digit
DRB1,DRB1*11:01,Israel Georgia Jews,0.0390960903909609,4471,4-digit
DRB1,DRB1*13:03,Israel Georgia Jews,0.0377962203779622,4471,4-digit
DRB1,DRB1*01:02,Israel Georgia Jews,0.0195980401959804,4471,4-digit
DRB1,DRB1*13:01,Israel Georgia Jews,0.0156984301569843,4471,4-digit
DRB1,DRB1*10:01,Israel Georgia Jews,0.0134986501349865,4471,4-digit
DRB1,DRB1*15:01,Israel Georgia Jews,0.0120987901209879,4471,4-digit
DRB1,DRB1*04:01,Israel Georgia Jews,0.0105989401059894,4471,4-digit
DRB1,DRB1*01:01,Israel Georgia Jews,0.0101989801019898,4471,4-digit
DRB1,DRB1*04:02,Israel Georgia Jews,0.0070992900709929,4471,4-digit
DRB1,DRB1*12:01,Israel Georgia Jews,0.0057994200579942,4471,4-digit
DRB1,DRB1*08:03,Israel Georgia Jews,0.0031996800319968,4471,4-digit
DRB1,DRB1*04:07,Israel Georgia Jews,0.0030996900309969,4471,4-digit
DRB1,DRB1*09:01,Israel Georgia Jews,0.0007999200079992,4471,4-digit
DRB1,DRB1*04:04,Israel Georgia Jews,0.0007999200079992,4471,4-digit
DRB1,DRB1*11:03,Israel Georgia Jews,0.0006999300069993,4471,4-digit
DRB1,DRB1*08:01,Israel Georgia Jews,0.0005999400059994,4471,4-digit
DRB1,DRB1*04:08,Israel Georgia Jews,0.0005999400059994,4471,4-digit
DRB1,DRB1*16:02,Israel Georgia Jews,0.0005999400059994,4471,4-digit
DRB1,DRB1*04:05,Israel Georgia Jews,0.0002999700029997,4471,4-digit
DRB1,DRB1*11:42,Israel Georgia Jews,0.0001999800019998,4471,4-digit
DRB1,DRB1*08:04,Israel Georgia Jews,9.999000099990002e-05,4471,4-digit
DRB1,DRB1*04:06,Israel Georgia Jews,9.999000099990002e-05,4471,4-digit
DRB1,DRB1*14:04,Israel Georgia Jews,9.999000099990002e-05,4471,4-digit
DRB1,DRB1*11:04,Israel Iran Jews,0.2983635996408438,8153,4-digit
DRB1,DRB1*13:02,Israel Iran Jews,0.1720790063612239,8153,4-digit
DRB1,DRB1*03:01,Israel Iran Jews,0.0934885943914842,8153,4-digit
DRB1,DRB1*07:01,Israel Iran Jews,0.0894890823319555,8153,4-digit
DRB1,DRB1*14:01,Israel Iran Jews,0.0479941447143448,8153,4-digit
DRB1,DRB1*13:03,Israel Iran Jews,0.0477941691113684,8153,4-digit
DRB1,DRB1*04:03,Israel Iran Jews,0.0470942545009508,8153,4-digit
DRB1,DRB1*15:02,Israel Iran Jews,0.0334959134985531,8153,4-digit
DRB1,DRB1*15:01,Israel Iran Jews,0.0307962428583712,8153,4-digit
DRB1,DRB1*04:02,Israel Iran Jews,0.021097426114014,8153,4-digit
DRB1,DRB1*10:01,Israel Iran Jews,0.0209974383125258,8153,4-digit
DRB1,DRB1*11:01,Israel Iran Jews,0.018797706679785,8153,4-digit
DRB1,DRB1*04:05,Israel Iran Jews,0.0178978164663911,8153,4-digit
DRB1,DRB1*01:02,Israel Iran Jews,0.0158980604366267,8153,4-digit
DRB1,DRB1*12:01,Israel Iran Jews,0.0150981580247209,8153,4-digit
DRB1,DRB1*16:01,Israel Iran Jews,0.0082989875235221,8153,4-digit
DRB1,DRB1*13:01,Israel Iran Jews,0.0057992924863166,8153,4-digit
DRB1,DRB1*13:05,Israel Iran Jews,0.0037995364565523,8153,4-digit
DRB1,DRB1*04:04,Israel Iran Jews,0.0031996096476229,8153,4-digit
DRB1,DRB1*01:01,Israel Iran Jews,0.0029996340446465,8153,4-digit
DRB1,DRB1*09:01,Israel Iran Jews,0.0012998414193468,8153,4-digit
DRB1,DRB1*08:01,Israel Iran Jews,0.0009998780148821,8153,4-digit
DRB1,DRB1*16:02,Israel Iran Jews,0.0008998902133939,8153,4-digit
DRB1,DRB1*04:08,Israel Iran Jews,0.0007999024119057,8153,4-digit
DRB1,DRB1*14:04,Israel Iran Jews,0.0005999268089293,8153,4-digit
DRB1,DRB1*04:06,Israel Iran Jews,0.0001999756029764,8153,4-digit
DRB1,DRB1*04:01,Israel Iran Jews,0.0001999756029764,8153,4-digit
DRB1,DRB1*03:02,Israel Iran Jews,0.0001999756029764,8153,4-digit
DRB1,DRB1*11:03,Israel Iran Jews,9.998780148821843e-05,8153,4-digit
DRB1,DRB1*08:03,Israel Iran Jews,9.998780148821843e-05,8153,4-digit
DRB1,DRB1*12:02,Israel Iran Jews,6.099255890781325e-05,8153,4-digit
DRB1,DRB1*14:07,Israel Iran Jews,6.099255890781325e-05,8153,4-digit
DRB1,DRB1*11:04,Israel Iraq Jews,0.338845405284308,13270,4-digit
DRB1,DRB1*07:01,Israel Iraq Jews,0.0932124904737234,13270,4-digit
DRB1,DRB1*13:02,Israel Iraq Jews,0.0798106946330808,13270,4-digit
DRB1,DRB1*03:01,Israel Iraq Jews,0.0581077864433834,13270,4-digit
DRB1,DRB1*10:01,Israel Iraq Jews,0.0510068349158787,13270,4-digit
DRB1,DRB1*14:04,Israel Iraq Jews,0.0463062050314742,13270,4-digit
DRB1,DRB1*04:02,Israel Iraq Jews,0.0436058431829865,13270,4-digit
DRB1,DRB1*04:05,Israel Iraq Jews,0.0396053071111529,13270,4-digit
DRB1,DRB1*13:03,Israel Iraq Jews,0.0362048514500943,13270,4-digit
DRB1,DRB1*16:01,Israel Iraq Jews,0.0318042617710773,13270,4-digit
DRB1,DRB1*11:01,Israel Iraq Jews,0.0294039401279771,13270,4-digit
DRB1,DRB1*15:02,Israel Iraq Jews,0.0275036854938561,13270,4-digit
DRB1,DRB1*04:03,Israel Iraq Jews,0.025703444261531,13270,4-digit
DRB1,DRB1*15:01,Israel Iraq Jews,0.0245032834399809,13270,4-digit
DRB1,DRB1*14:01,Israel Iraq Jews,0.0226030288058599,13270,4-digit
DRB1,DRB1*01:02,Israel Iraq Jews,0.0143019164568052,13270,4-digit
DRB1,DRB1*13:05,Israel Iraq Jews,0.0127017020280717,13270,4-digit
DRB1,DRB1*13:01,Israel Iraq Jews,0.0085011391526464,13270,4-digit
DRB1,DRB1*12:01,Israel Iraq Jews,0.0046006164826086,13270,4-digit
DRB1,DRB1*08:04,Israel Iraq Jews,0.0032004288574669,13270,4-digit
DRB1,DRB1*04:01,Israel Iraq Jews,0.0019002546341209,13270,4-digit
DRB1,DRB1*09:01,Israel Iraq Jews,0.0018002412323251,13270,4-digit
DRB1,DRB1*01:01,Israel Iraq Jews,0.0015002010269376,13270,4-digit
DRB1,DRB1*11:03,Israel Iraq Jews,0.0009001206161625,13270,4-digit
DRB1,DRB1*01:03,Israel Iraq Jews,0.0007000938125708,13270,4-digit
DRB1,DRB1*04:04,Israel Iraq Jews,0.000600080410775,13270,4-digit
DRB1,DRB1*16:02,Israel Iraq Jews,0.0002000268035916,13270,4-digit
DRB1,DRB1*04:07,Israel Iraq Jews,0.0002000268035916,13270,4-digit
DRB1,DRB1*04:06,Israel Iraq Jews,0.0002000268035916,13270,4-digit
DRB1,DRB1*04:08,Israel Iraq Jews,0.0001000134017958,13270,4-digit
DRB1,DRB1*14:06,Israel Iraq Jews,0.0001000134017958,13270,4-digit
DRB1,DRB1*12:02,Israel Iraq Jews,3.800509268241944e-05,13270,4-digit
DRB1,DRB1*11:06,Israel Iraq Jews,3.800509268241944e-05,13270,4-digit
DRB1,DRB1*08:01,Israel Iraq Jews,3.800509268241944e-05,13270,4-digit
DRB1,DRB1*14:07,Israel Iraq Jews,3.800509268241944e-05,13270,4-digit
DRB1,DRB1*15:03,Israel Iraq Jews,3.800509268241944e-05,13270,4-digit
DRB1,DRB1*03:02,Israel Iraq Jews,3.800509268241944e-05,13270,4-digit
DRB1,DRB1*11:02,Israel Iraq Jews,3.800509268241944e-05,13270,4-digit
DRB1,DRB1*11:04,Israel Kavkazi Jews,0.2148355493351994,2840,4-digit
DRB1,DRB1*04:02,Israel Kavkazi Jews,0.1272618214535639,2840,4-digit
DRB1,DRB1*07:01,Israel Kavkazi Jews,0.0828751374587623,2840,4-digit
DRB1,DRB1*14:01,Israel Kavkazi Jews,0.0819754073777866,2840,4-digit
DRB1,DRB1*01:02,Israel Kavkazi Jews,0.0742777166849945,2840,4-digit
DRB1,DRB1*10:01,Israel Kavkazi Jews,0.0679796061181645,2840,4-digit
DRB1,DRB1*03:01,Israel Kavkazi Jews,0.0490852744176747,2840,4-digit
DRB1,DRB1*15:02,Israel Kavkazi Jews,0.0379886034189743,2840,4-digit
DRB1,DRB1*11:01,Israel Kavkazi Jews,0.0365890232930121,2840,4-digit
DRB1,DRB1*13:02,Israel Kavkazi Jews,0.0351894431670498,2840,4-digit
DRB1,DRB1*12:01,Israel Kavkazi Jews,0.0297910626811956,2840,4-digit
DRB1,DRB1*16:01,Israel Kavkazi Jews,0.0280915725282415,2840,4-digit
DRB1,DRB1*13:03,Israel Kavkazi Jews,0.0224932520243926,2840,4-digit
DRB1,DRB1*04:03,Israel Kavkazi Jews,0.0208937318804358,2840,4-digit
DRB1,DRB1*04:07,Israel Kavkazi Jews,0.020293911826452,2840,4-digit
DRB1,DRB1*15:01,Israel Kavkazi Jews,0.0117964610616814,2840,4-digit
DRB1,DRB1*16:02,Israel Kavkazi Jews,0.0111966410076976,2840,4-digit
DRB1,DRB1*13:05,Israel Kavkazi Jews,0.0091972408277516,2840,4-digit
DRB1,DRB1*01:01,Israel Kavkazi Jews,0.0084974507647705,2840,4-digit
DRB1,DRB1*04:04,Israel Kavkazi Jews,0.0078976307107867,2840,4-digit
DRB1,DRB1*13:01,Israel Kavkazi Jews,0.0076976906927921,2840,4-digit
DRB1,DRB1*08:01,Israel Kavkazi Jews,0.002999100269919,2840,4-digit
DRB1,DRB1*14:04,Israel Kavkazi Jews,0.0022993102069379,2840,4-digit
DRB1,DRB1*11:03,Israel Kavkazi Jews,0.0020993701889433,2840,4-digit
DRB1,DRB1*04:01,Israel Kavkazi Jews,0.0017994601619514,2840,4-digit
DRB1,DRB1*04:05,Israel Kavkazi Jews,0.0011996401079676,2840,4-digit
DRB1,DRB1*09:01,Israel Kavkazi Jews,0.0008997300809757,2840,4-digit
DRB1,DRB1*08:04,Israel Kavkazi Jews,0.0006997900629811,2840,4-digit
DRB1,DRB1*08:03,Israel Kavkazi Jews,0.0004998500449865,2840,4-digit
DRB1,DRB1*04:08,Israel Kavkazi Jews,0.0003998800359892,2840,4-digit
DRB1,DRB1*08:10,Israel Kavkazi Jews,0.0001999400179946,2840,4-digit
DRB1,DRB1*14:06,Israel Kavkazi Jews,0.0001999400179946,2840,4-digit
DRB1,DRB1*14:07,Israel Kavkazi Jews,0.0001999400179946,2840,4-digit
DRB1,DRB1*12:02,Israel Kavkazi Jews,0.0001999400179946,2840,4-digit
DRB1,DRB1*01:03,Israel Kavkazi Jews,0.0001999400179946,2840,4-digit
DRB1,DRB1*13:15,Israel Kavkazi Jews,0.0001999400179946,2840,4-digit
DRB1,DRB1*07:01,Israel Libya Jews,0.2332233223322332,3739,4-digit
DRB1,DRB1*11:04,Israel Libya Jews,0.1739173917391739,3739,4-digit
DRB1,DRB1*13:03,Israel Libya Jews,0.0872087208720872,3739,4-digit
DRB1,DRB1*04:03,Israel Libya Jews,0.0559055905590559,3739,4-digit
DRB1,DRB1*13:02,Israel Libya Jews,0.0488048804880488,3739,4-digit
DRB1,DRB1*03:01,Israel Libya Jews,0.0432043204320432,3739,4-digit
DRB1,DRB1*04:04,Israel Libya Jews,0.0414041404140414,3739,4-digit
DRB1,DRB1*04:02,Israel Libya Jews,0.0369036903690369,3739,4-digit
DRB1,DRB1*04:06,Israel Libya Jews,0.0357035703570357,3739,4-digit
DRB1,DRB1*11:01,Israel Libya Jews,0.0301030103010301,3739,4-digit
DRB1,DRB1*15:01,Israel Libya Jews,0.0276027602760276,3739,4-digit
DRB1,DRB1*11:03,Israel Libya Jews,0.025002500250025,3739,4-digit
DRB1,DRB1*01:02,Israel Libya Jews,0.0229022902290229,3739,4-digit
DRB1,DRB1*15:02,Israel Libya Jews,0.0221022102210221,3739,4-digit
DRB1,DRB1*04:05,Israel Libya Jews,0.0219021902190219,3739,4-digit
DRB1,DRB1*14:04,Israel Libya Jews,0.0193019301930193,3739,4-digit
DRB1,DRB1*13:05,Israel Libya Jews,0.0159015901590159,3739,4-digit
DRB1,DRB1*14:06,Israel Libya Jews,0.0144014401440144,3739,4-digit
DRB1,DRB1*13:01,Israel Libya Jews,0.0133013301330133,3739,4-digit
DRB1,DRB1*16:02,Israel Libya Jews,0.0096009600960096,3739,4-digit
DRB1,DRB1*08:04,Israel Libya Jews,0.0052005200520052,3739,4-digit
DRB1,DRB1*14:01,Israel Libya Jews,0.0051005100510051,3739,4-digit
DRB1,DRB1*10:01,Israel Libya Jews,0.0047004700470047,3739,4-digit
DRB1,DRB1*12:01,Israel Libya Jews,0.0027002700270027,3739,4-digit
DRB1,DRB1*01:01,Israel Libya Jews,0.0016001600160016,3739,4-digit
DRB1,DRB1*04:01,Israel Libya Jews,0.0015001500150015,3739,4-digit
DRB1,DRB1*09:01,Israel Libya Jews,0.0003000300030003,3739,4-digit
DRB1,DRB1*08:06,Israel Libya Jews,0.0001000100010001,3739,4-digit
DRB1,DRB1*14:07,Israel Libya Jews,0.0001000100010001,3739,4-digit
DRB1,DRB1*08:03,Israel Libya Jews,0.0001000100010001,3739,4-digit
DRB1,DRB1*15:03,Israel Libya Jews,0.0001000100010001,3739,4-digit
DRB1,DRB1*16:01,Israel Libya Jews,0.0001000100010001,3739,4-digit
DRB1,DRB1*07:01,Israel Morocco Jews,0.2386639619418004,36718,4-digit
DRB1,DRB1*11:04,Israel Morocco Jews,0.1640439637822936,36718,4-digit
DRB1,DRB1*04:03,Israel Morocco Jews,0.0593158966603049,36718,4-digit
DRB1,DRB1*15:02,Israel Morocco Jews,0.0550147439513789,36718,4-digit
DRB1,DRB1*13:02,Israel Morocco Jews,0.0543145563010886,36718,4-digit
DRB1,DRB1*04:02,Israel Morocco Jews,0.0524140469645865,36718,4-digit
DRB1,DRB1*14:01,Israel Morocco Jews,0.0492131891346881,36718,4-digit
DRB1,DRB1*03:01,Israel Morocco Jews,0.045812277690421,36718,4-digit
DRB1,DRB1*01:02,Israel Morocco Jews,0.0376100795013063,36718,4-digit
DRB1,DRB1*10:01,Israel Morocco Jews,0.0370099186582004,36718,4-digit
DRB1,DRB1*15:01,Israel Morocco Jews,0.0328087927564587,36718,4-digit
DRB1,DRB1*16:01,Israel Morocco Jews,0.0259069430607402,36718,4-digit
DRB1,DRB1*11:01,Israel Morocco Jews,0.0211056563158926,36718,4-digit
DRB1,DRB1*13:01,Israel Morocco Jews,0.0192051469793904,36718,4-digit
DRB1,DRB1*13:05,Israel Morocco Jews,0.0188050397506531,36718,4-digit
DRB1,DRB1*04:05,Israel Morocco Jews,0.0162043427638607,36718,4-digit
DRB1,DRB1*13:03,Israel Morocco Jews,0.0146039138489115,36718,4-digit
DRB1,DRB1*08:01,Israel Morocco Jews,0.0112030024046444,36718,4-digit
DRB1,DRB1*04:06,Israel Morocco Jews,0.0102027343328011,36718,4-digit
DRB1,DRB1*01:03,Israel Morocco Jews,0.0084022518034833,36718,4-digit
DRB1,DRB1*04:04,Israel Morocco Jews,0.0062016620454281,36718,4-digit
DRB1,DRB1*12:01,Israel Morocco Jews,0.0060016084310595,36718,4-digit
DRB1,DRB1*01:01,Israel Morocco Jews,0.0049013135520319,36718,4-digit
DRB1,DRB1*09:01,Israel Morocco Jews,0.0023006165652394,36718,4-digit
DRB1,DRB1*11:03,Israel Morocco Jews,0.0018004825293178,36718,4-digit
DRB1,DRB1*08:03,Israel Morocco Jews,0.0018004825293178,36718,4-digit
DRB1,DRB1*11:02,Israel Morocco Jews,0.0014003753005805,36718,4-digit
DRB1,DRB1*08:04,Israel Morocco Jews,0.0013003484933962,36718,4-digit
DRB1,DRB1*14:04,Israel Morocco Jews,0.0005001340359216,36718,4-digit
DRB1,DRB1*16:02,Israel Morocco Jews,0.0004001072287373,36718,4-digit
DRB1,DRB1*04:01,Israel Morocco Jews,0.0004001072287373,36718,4-digit
DRB1,DRB1*14:06,Israel Morocco Jews,0.0003000804215529,36718,4-digit
DRB1,DRB1*12:02,Israel Morocco Jews,0.0002000536143686,36718,4-digit
DRB1,DRB1*03:02,Israel Morocco Jews,0.0001000268071843,36718,4-digit
DRB1,DRB1*13:04,Israel Morocco Jews,9.502546682510912e-05,36718,4-digit
DRB1,DRB1*15:03,Israel Morocco Jews,9.502546682510912e-05,36718,4-digit
DRB1,DRB1*14:07,Israel Morocco Jews,9.502546682510912e-05,36718,4-digit
DRB1,DRB1*04:08,Israel Morocco Jews,6.801822888534127e-05,36718,4-digit
DRB1,DRB1*04:07,Israel Morocco Jews,6.801822888534127e-05,36718,4-digit
DRB1,DRB1*08:06,Israel Morocco Jews,2.7007237939767855e-05,36718,4-digit
DRB1,DRB1*11:30,Israel Morocco Jews,1.4003753005805556e-05,36718,4-digit
DRB1,DRB1*14:05,Israel Morocco Jews,1.4003753005805556e-05,36718,4-digit
DRB1,DRB1*13:11,Israel Morocco Jews,1.4003753005805556e-05,36718,4-digit
DRB1,DRB1*08:02,Israel Morocco Jews,1.4003753005805556e-05,36718,4-digit
DRB1,DRB1*12:03,Israel Morocco Jews,1.4003753005805556e-05,36718,4-digit
DRB1,DRB1*16:07,Israel Morocco Jews,1.4003753005805556e-05,36718,4-digit
DRB1,DRB1*11:04,Israel Poland Jews,0.1781441797565796,13871,4-digit
DRB1,DRB1*04:02,Israel Poland Jews,0.1338331906312765,13871,4-digit
DRB1,DRB1*07:01,Israel Poland Jews,0.1262313053637302,13871,4-digit
DRB1,DRB1*01:02,Israel Poland Jews,0.1055261704902816,13871,4-digit
DRB1,DRB1*13:02,Israel Poland Jews,0.0721178852355384,13871,4-digit
DRB1,DRB1*03:01,Israel Poland Jews,0.0604149829157631,13871,4-digit
DRB1,DRB1*13:05,Israel Poland Jews,0.0384095255623394,13871,4-digit
DRB1,DRB1*15:02,Israel Poland Jews,0.0359089054085413,13871,4-digit
DRB1,DRB1*04:03,Israel Poland Jews,0.0301074666517296,13871,4-digit
DRB1,DRB1*12:01,Israel Poland Jews,0.0298073922332738,13871,4-digit
DRB1,DRB1*15:01,Israel Poland Jews,0.0249061767318294,13871,4-digit
DRB1,DRB1*11:01,Israel Poland Jews,0.020104986036537,13871,4-digit
DRB1,DRB1*13:01,Israel Poland Jews,0.0193047875873216,13871,4-digit
DRB1,DRB1*14:01,Israel Poland Jews,0.0192047627811697,13871,4-digit
DRB1,DRB1*10:01,Israel Poland Jews,0.0175043410765869,13871,4-digit
DRB1,DRB1*16:01,Israel Poland Jews,0.0165040930150677,13871,4-digit
DRB1,DRB1*04:04,Israel Poland Jews,0.0153037953412446,13871,4-digit
DRB1,DRB1*13:03,Israel Poland Jews,0.0099024558090406,13871,4-digit
DRB1,DRB1*08:01,Israel Poland Jews,0.0097024061967367,13871,4-digit
DRB1,DRB1*04:05,Israel Poland Jews,0.0088021829413694,13871,4-digit
DRB1,DRB1*01:01,Israel Poland Jews,0.0078019348798502,13871,4-digit
DRB1,DRB1*09:01,Israel Poland Jews,0.0048011906952924,13871,4-digit
DRB1,DRB1*04:01,Israel Poland Jews,0.0033008186030135,13871,4-digit
DRB1,DRB1*11:03,Israel Poland Jews,0.00260064495995,13871,4-digit
DRB1,DRB1*04:08,Israel Poland Jews,0.0024005953476462,13871,4-digit
DRB1,DRB1*01:03,Israel Poland Jews,0.0019004713168865,13871,4-digit
DRB1,DRB1*16:02,Israel Poland Jews,0.0009002232553673,13871,4-digit
DRB1,DRB1*04:07,Israel Poland Jews,0.0008001984492154,13871,4-digit
DRB1,DRB1*12:02,Israel Poland Jews,0.0006001488369115,13871,4-digit
DRB1,DRB1*08:03,Israel Poland Jews,0.0006001488369115,13871,4-digit
DRB1,DRB1*04:06,Israel Poland Jews,0.0004000992246077,13871,4-digit
DRB1,DRB1*11:02,Israel Poland Jews,0.0004000992246077,13871,4-digit
DRB1,DRB1*08:04,Israel Poland Jews,0.0004000992246077,13871,4-digit
DRB1,DRB1*11:11,Israel Poland Jews,0.0003000744184557,13871,4-digit
DRB1,DRB1*08:02,Israel Poland Jews,0.0003000744184557,13871,4-digit
DRB1,DRB1*14:07,Israel Poland Jews,0.0003000744184557,13871,4-digit
DRB1,DRB1*12:03,Israel Poland Jews,0.0001000248061519,13871,4-digit
DRB1,DRB1*14:04,Israel Poland Jews,0.0001000248061519,13871,4-digit
DRB1,DRB1*16:07,Israel Poland Jews,7.20178604293865e-05,13871,4-digit
DRB1,DRB1*03:02,Israel Poland Jews,3.600893021469325e-05,13871,4-digit
DRB1,DRB1*15:03,Israel Poland Jews,3.600893021469325e-05,13871,4-digit
DRB1,DRB1*14:05,Israel Poland Jews,3.600893021469325e-05,13871,4-digit
DRB1,DRB1*11:15,Israel Poland Jews,3.600893021469325e-05,13871,4-digit
DRB1,DRB1*14:02,Israel Poland Jews,3.600893021469325e-05,13871,4-digit
DRB1,DRB1*11:04,Israel Tunisia Jews,0.2322731660473049,9070,4-digit
DRB1,DRB1*07:01,Israel Tunisia Jews,0.1798566548462765,9070,4-digit
DRB1,DRB1*03:01,Israel Tunisia Jews,0.0643202608821778,9070,4-digit
DRB1,DRB1*13:02,Israel Tunisia Jews,0.0546172044193921,9070,4-digit
DRB1,DRB1*04:03,Israel Tunisia Jews,0.0535168578102102,9070,4-digit
DRB1,DRB1*13:03,Israel Tunisia Jews,0.0503158494925901,9070,4-digit
DRB1,DRB1*04:02,Israel Tunisia Jews,0.0408128560496556,9070,4-digit
DRB1,DRB1*14:04,Israel Tunisia Jews,0.0378119107518868,9070,4-digit
DRB1,DRB1*01:02,Israel Tunisia Jews,0.0377118792419612,9070,4-digit
DRB1,DRB1*15:02,Israel Tunisia Jews,0.0357112490434486,9070,4-digit
DRB1,DRB1*11:01,Israel Tunisia Jews,0.0342107763945642,9070,4-digit
DRB1,DRB1*10:01,Israel Tunisia Jews,0.0233073418126709,9070,4-digit
DRB1,DRB1*04:05,Israel Tunisia Jews,0.020606491044679,9070,4-digit
DRB1,DRB1*15:01,Israel Tunisia Jews,0.0201063334950509,9070,4-digit
DRB1,DRB1*14:06,Israel Tunisia Jews,0.0154048525285464,9070,4-digit
DRB1,DRB1*04:04,Israel Tunisia Jews,0.0152047895086952,9070,4-digit
DRB1,DRB1*13:01,Israel Tunisia Jews,0.0147046319590671,9070,4-digit
DRB1,DRB1*16:02,Israel Tunisia Jews,0.0146046004491414,9070,4-digit
DRB1,DRB1*13:05,Israel Tunisia Jews,0.0118037181712239,9070,4-digit
DRB1,DRB1*14:01,Israel Tunisia Jews,0.0101031825024882,9070,4-digit
DRB1,DRB1*04:06,Israel Tunisia Jews,0.0072022687146451,9070,4-digit
DRB1,DRB1*08:01,Israel Tunisia Jews,0.0070022056947938,9070,4-digit
DRB1,DRB1*12:01,Israel Tunisia Jews,0.0067021111650169,9070,4-digit
DRB1,DRB1*16:01,Israel Tunisia Jews,0.0023007247282894,9070,4-digit
DRB1,DRB1*01:01,Israel Tunisia Jews,0.0023007247282894,9070,4-digit
DRB1,DRB1*04:01,Israel Tunisia Jews,0.0019005986885869,9070,4-digit
DRB1,DRB1*11:03,Israel Tunisia Jews,0.0018005671786612,9070,4-digit
DRB1,DRB1*09:01,Israel Tunisia Jews,0.0012003781191075,9070,4-digit
DRB1,DRB1*08:04,Israel Tunisia Jews,0.0007002205694793,9070,4-digit
DRB1,DRB1*01:03,Israel Tunisia Jews,0.0006001890595537,9070,4-digit
DRB1,DRB1*08:03,Israel Tunisia Jews,0.0004001260397025,9070,4-digit
DRB1,DRB1*11:02,Israel Tunisia Jews,0.0003000945297768,9070,4-digit
DRB1,DRB1*04:08,Israel Tunisia Jews,0.0001000315099256,9070,4-digit
DRB1,DRB1*04:07,Israel Tunisia Jews,0.0001000315099256,9070,4-digit
DRB1,DRB1*11:30,Israel Tunisia Jews,5.5017330459094623e-05,9070,4-digit
DRB1,DRB1*12:02,Israel Tunisia Jews,5.5017330459094623e-05,9070,4-digit
DRB1,DRB1*12:03,Israel Tunisia Jews,5.5017330459094623e-05,9070,4-digit
DRB1,DRB1*11:11,Israel Tunisia Jews,5.5017330459094623e-05,9070,4-digit
DRB1,DRB1*14:05,Israel Tunisia Jews,5.5017330459094623e-05,9070,4-digit
DRB1,DRB1*14:07,Israel Tunisia Jews,5.5017330459094623e-05,9070,4-digit
DRB1,DRB1*03:02,Israel Tunisia Jews,5.5017330459094623e-05,9070,4-digit
DRB1,DRB1*11:04,Israel USA Jews,0.1762767314714458,6058,4-digit
DRB1,DRB1*07:01,Israel USA Jews,0.1330824331188283,6058,4-digit
DRB1,DRB1*04:02,Israel USA Jews,0.1282830666352041,6058,4-digit
DRB1,DRB1*01:02,Israel USA Jews,0.1084856798902544,6058,4-digit
DRB1,DRB1*13:02,Israel USA Jews,0.0706906688317142,6058,4-digit
DRB1,DRB1*03:01,Israel USA Jews,0.0618918302784032,6058,4-digit
DRB1,DRB1*13:05,Israel USA Jews,0.0472937572240464,6058,4-digit
DRB1,DRB1*15:01,Israel USA Jews,0.031195882143557,6058,4-digit
DRB1,DRB1*15:02,Israel USA Jews,0.0301960141261353,6058,4-digit
DRB1,DRB1*12:01,Israel USA Jews,0.0298960537209088,6058,4-digit
DRB1,DRB1*04:03,Israel USA Jews,0.0234968984094099,6058,4-digit
DRB1,DRB1*04:04,Israel USA Jews,0.0190974791327544,6058,4-digit
DRB1,DRB1*14:01,Israel USA Jews,0.0177976507101062,6058,4-digit
DRB1,DRB1*10:01,Israel USA Jews,0.0157979146752628,6058,4-digit
DRB1,DRB1*16:01,Israel USA Jews,0.0150980070630676,6058,4-digit
DRB1,DRB1*08:01,Israel USA Jews,0.0144980862526146,6058,4-digit
DRB1,DRB1*11:01,Israel USA Jews,0.0143980994508724,6058,4-digit
DRB1,DRB1*04:01,Israel USA Jews,0.0129982842264821,6058,4-digit
DRB1,DRB1*13:01,Israel USA Jews,0.0120984030108025,6058,4-digit
DRB1,DRB1*04:05,Israel USA Jews,0.0112985085968652,6058,4-digit
DRB1,DRB1*01:01,Israel USA Jews,0.007698983734147,6058,4-digit
DRB1,DRB1*09:01,Israel USA Jews,0.0056992476993036,6058,4-digit
DRB1,DRB1*04:08,Israel USA Jews,0.0019997360348434,6058,4-digit
DRB1,DRB1*13:03,Israel USA Jews,0.0018997492331012,6058,4-digit
DRB1,DRB1*04:07,Israel USA Jews,0.0013998152243903,6058,4-digit
DRB1,DRB1*11:03,Israel USA Jews,0.001199841620906,6058,4-digit
DRB1,DRB1*16:02,Israel USA Jews,0.0010998548191638,6058,4-digit
DRB1,DRB1*01:03,Israel USA Jews,0.0008998812156795,6058,4-digit
DRB1,DRB1*15:03,Israel USA Jews,0.0007998944139373,6058,4-digit
DRB1,DRB1*08:04,Israel USA Jews,0.0007998944139373,6058,4-digit
DRB1,DRB1*03:02,Israel USA Jews,0.0006999076121951,6058,4-digit
DRB1,DRB1*08:02,Israel USA Jews,0.0001999736034843,6058,4-digit
DRB1,DRB1*11:02,Israel USA Jews,0.0001999736034843,6058,4-digit
DRB1,DRB1*04:06,Israel USA Jews,0.0001999736034843,6058,4-digit
DRB1,DRB1*11:11,Israel USA Jews,0.0001999736034843,6058,4-digit
DRB1,DRB1*03:05,Israel USA Jews,0.0001999736034843,6058,4-digit
DRB1,DRB1*12:02,Israel USA Jews,0.0001999736034843,6058,4-digit
DRB1,DRB1*08:03,Israel USA Jews,0.0001999736034843,6058,4-digit
DRB1,DRB1*14:02,Israel USA Jews,0.0001999736034843,6058,4-digit
DRB1,DRB1*08:06,Israel USA Jews,8.298904544600113e-05,6058,4-digit
DRB1,DRB1*14:04,Israel USA Jews,8.298904544600113e-05,6058,4-digit
DRB1,DRB1*14:06,Israel USA Jews,8.298904544600113e-05,6058,4-digit
DRB1,DRB1*14:07,Israel USA Jews,8.298904544600113e-05,6058,4-digit
DRB1,DRB1*11:04,Israel USSR Jews,0.1626045529274819,45681,4-digit
DRB1,DRB1*07:01,Israel USSR Jews,0.1279035813002764,45681,4-digit
DRB1,DRB1*01:02,Israel USSR Jews,0.0982027496769909,45681,4-digit
DRB1,DRB1*04:02,Israel USSR Jews,0.0919025732720516,45681,4-digit
DRB1,DRB1*03:01,Israel USSR Jews,0.0630017640493933,45681,4-digit
DRB1,DRB1*15:01,Israel USSR Jews,0.0593016604464925,45681,4-digit
DRB1,DRB1*13:02,Israel USSR Jews,0.0580016240454732,45681,4-digit
DRB1,DRB1*15:02,Israel USSR Jews,0.0319008932250103,45681,4-digit
DRB1,DRB1*16:01,Israel USSR Jews,0.029100814822815,45681,4-digit
DRB1,DRB1*14:01,Israel USSR Jews,0.0263007364206197,45681,4-digit
DRB1,DRB1*12:01,Israel USSR Jews,0.0262007336205413,45681,4-digit
DRB1,DRB1*13:05,Israel USSR Jews,0.0240006720188165,45681,4-digit
DRB1,DRB1*13:03,Israel USSR Jews,0.0238006664186597,45681,4-digit
DRB1,DRB1*04:04,Israel USSR Jews,0.0233006524182677,45681,4-digit
DRB1,DRB1*04:01,Israel USSR Jews,0.0223006244174836,45681,4-digit
DRB1,DRB1*04:03,Israel USSR Jews,0.0208005824163076,45681,4-digit
DRB1,DRB1*13:01,Israel USSR Jews,0.0202005656158372,45681,4-digit
DRB1,DRB1*01:01,Israel USSR Jews,0.0193005404151316,45681,4-digit
DRB1,DRB1*10:01,Israel USSR Jews,0.0183005124143476,45681,4-digit
DRB1,DRB1*08:01,Israel USSR Jews,0.0176004928137987,45681,4-digit
DRB1,DRB1*11:01,Israel USSR Jews,0.0155004340121523,45681,4-digit
DRB1,DRB1*09:01,Israel USSR Jews,0.0067001876052529,45681,4-digit
DRB1,DRB1*11:03,Israel USSR Jews,0.0028000784021952,45681,4-digit
DRB1,DRB1*04:05,Israel USSR Jews,0.0023000644018032,45681,4-digit
DRB1,DRB1*04:07,Israel USSR Jews,0.0019000532014896,45681,4-digit
DRB1,DRB1*04:08,Israel USSR Jews,0.0018000504014112,45681,4-digit
DRB1,DRB1*01:03,Israel USSR Jews,0.001000028000784,45681,4-digit
DRB1,DRB1*16:02,Israel USSR Jews,0.0009000252007056,45681,4-digit
DRB1,DRB1*08:03,Israel USSR Jews,0.000500014000392,45681,4-digit
DRB1,DRB1*08:02,Israel USSR Jews,0.0004000112003136,45681,4-digit
DRB1,DRB1*12:02,Israel USSR Jews,0.0003000084002352,45681,4-digit
DRB1,DRB1*14:04,Israel USSR Jews,0.0003000084002352,45681,4-digit
DRB1,DRB1*11:02,Israel USSR Jews,0.0003000084002352,45681,4-digit
DRB1,DRB1*04:06,Israel USSR Jews,0.0002000056001568,45681,4-digit
DRB1,DRB1*08:04,Israel USSR Jews,0.0002000056001568,45681,4-digit
DRB1,DRB1*14:07,Israel USSR Jews,0.0002000056001568,45681,4-digit
DRB1,DRB1*11:11,Israel USSR Jews,0.0001000028000784,45681,4-digit
DRB1,DRB1*15:03,Israel USSR Jews,6.600184805174545e-05,45681,4-digit
DRB1,DRB1*14:03,Israel USSR Jews,5.500154004312121e-05,45681,4-digit
DRB1,DRB1*13:15,Israel USSR Jews,4.400123203449696e-05,45681,4-digit
DRB1,DRB1*14:12,Israel USSR Jews,4.400123203449696e-05,45681,4-digit
DRB1,DRB1*16:07,Israel USSR Jews,4.400123203449696e-05,45681,4-digit
DRB1,DRB1*14:06,Israel USSR Jews,3.3000924025872726e-05,45681,4-digit
DRB1,DRB1*14:05,Israel USSR Jews,3.3000924025872726e-05,45681,4-digit
DRB1,DRB1*04:10,Israel USSR Jews,3.3000924025872726e-05,45681,4-digit
DRB1,DRB1*14:02,Israel USSR Jews,3.3000924025872726e-05,45681,4-digit
DRB1,DRB1*03:02,Israel USSR Jews,2.200061601724848e-05,45681,4-digit
DRB1,DRB1*11:18,Israel USSR Jews,2.200061601724848e-05,45681,4-digit
DRB1,DRB1*12:03,Israel USSR Jews,2.200061601724848e-05,45681,4-digit
DRB1,DRB1*11:06,Israel USSR Jews,1.100030800862424e-05,45681,4-digit
DRB1,DRB1*12:07,Israel USSR Jews,1.100030800862424e-05,45681,4-digit
DRB1,DRB1*13:11,Israel USSR Jews,1.100030800862424e-05,45681,4-digit
DRB1,DRB1*04:14,Israel USSR Jews,1.100030800862424e-05,45681,4-digit
DRB1,DRB1*11:16,Israel USSR Jews,1.100030800862424e-05,45681,4-digit
DRB1,DRB1*04:11,Israel USSR Jews,1.100030800862424e-05,45681,4-digit
DRB1,DRB1*11:09,Israel USSR Jews,1.100030800862424e-05,45681,4-digit
DRB1,DRB1*13:26,Israel USSR Jews,1.100030800862424e-05,45681,4-digit
DRB1,DRB1*03:05,Israel USSR Jews,1.100030800862424e-05,45681,4-digit
DRB1,DRB1*11:15,Israel USSR Jews,1.100030800862424e-05,45681,4-digit
DRB1,DRB1*11:12,Israel USSR Jews,1.100030800862424e-05,45681,4-digit
DRB1,DRB1*07:01,Israel YemenJews,0.1783677154435047,15542,4-digit
DRB1,DRB1*03:01,Israel YemenJews,0.1145792611537311,15542,4-digit
DRB1,DRB1*04:03,Israel YemenJews,0.0898837310446809,15542,4-digit
DRB1,DRB1*10:01,Israel YemenJews,0.0852845634940075,15542,4-digit
DRB1,DRB1*04:02,Israel YemenJews,0.0802854683302322,15542,4-digit
DRB1,DRB1*11:04,Israel YemenJews,0.057389612480141,15542,4-digit
DRB1,DRB1*13:02,Israel YemenJews,0.0548900648982534,15542,4-digit
DRB1,DRB1*12:01,Israel YemenJews,0.049890969734478,15542,4-digit
DRB1,DRB1*15:02,Israel YemenJews,0.0412925260527844,15542,4-digit
DRB1,DRB1*15:01,Israel YemenJews,0.0379931232446927,15542,4-digit
DRB1,DRB1*04:05,Israel YemenJews,0.035293611856254,15542,4-digit
DRB1,DRB1*13:01,Israel YemenJews,0.0316942633383357,15542,4-digit
DRB1,DRB1*13:03,Israel YemenJews,0.0241956205926727,15542,4-digit
DRB1,DRB1*14:01,Israel YemenJews,0.0194964711387238,15542,4-digit
DRB1,DRB1*04:04,Israel YemenJews,0.0190965435256218,15542,4-digit
DRB1,DRB1*16:01,Israel YemenJews,0.0187965978157953,15542,4-digit
DRB1,DRB1*11:01,Israel YemenJews,0.0170969054601117,15542,4-digit
DRB1,DRB1*08:04,Israel YemenJews,0.0105980817472037,15542,4-digit
DRB1,DRB1*04:06,Israel YemenJews,0.0091983351013466,15542,4-digit
DRB1,DRB1*01:02,Israel YemenJews,0.007698606552214,15542,4-digit
DRB1,DRB1*04:01,Israel YemenJews,0.0071986970358365,15542,4-digit
DRB1,DRB1*01:01,Israel YemenJews,0.0035993485179182,15542,4-digit
DRB1,DRB1*16:02,Israel YemenJews,0.0026995113884386,15542,4-digit
DRB1,DRB1*15:03,Israel YemenJews,0.001199782839306,15542,4-digit
DRB1,DRB1*08:03,Israel YemenJews,0.0006998733229285,15542,4-digit
DRB1,DRB1*03:02,Israel YemenJews,0.0006998733229285,15542,4-digit
DRB1,DRB1*09:01,Israel YemenJews,0.000199963806551,15542,4-digit
DRB1,DRB1*13:05,Israel YemenJews,0.000199963806551,15542,4-digit
DRB1,DRB1*11:03,Israel YemenJews,9.698244617724192e-05,15542,4-digit
DRB1,DRB1*11:19,Israel YemenJews,6.398841809632457e-05,15542,4-digit
DRB1,DRB1*12:02,Israel YemenJews,6.398841809632457e-05,15542,4-digit
DRB1,DRB1*14:04,Israel YemenJews,6.398841809632457e-05,15542,4-digit
DRB1,DRB1*12:03,Israel YemenJews,3.1994209048162284e-05,15542,4-digit
DRB1,DRB1*08:01,Israel YemenJews,3.1994209048162284e-05,15542,4-digit
DRB1,DRB1*14:06,Israel YemenJews,3.1994209048162284e-05,15542,4-digit
DRB1,DRB1*04:08,Israel YemenJews,3.1994209048162284e-05,15542,4-digit
DRB1,DRB1*03:05,Israel YemenJews,3.1994209048162284e-05,15542,4-digit
DRB1,DRB1*11:02,Israel YemenJews,3.1994209048162284e-05,15542,4-digit
DRB1,DRB1*09:01,Japan pop 16,0.1427857214278572,18604,4-digit
DRB1,DRB1*04:05,Japan pop 16,0.1348865113488651,18604,4-digit
DRB1,DRB1*15:02,Japan pop 16,0.1064893510648935,18604,4-digit
DRB1,DRB1*08:03,Japan pop 16,0.0831916808319168,18604,4-digit
DRB1,DRB1*15:01,Japan pop 16,0.0777922207779222,18604,4-digit
DRB1,DRB1*13:02,Japan pop 16,0.0594940505949405,18604,4-digit
DRB1,DRB1*01:01,Japan pop 16,0.0581941805819418,18604,4-digit
DRB1,DRB1*08:02,Japan pop 16,0.0420957904209579,18604,4-digit
DRB1,DRB1*12:01,Japan pop 16,0.0376962303769623,18604,4-digit
DRB1,DRB1*04:06,Japan pop 16,0.0338966103389661,18604,4-digit
DRB1,DRB1*14:54,Japan pop 16,0.0326967303269673,18604,4-digit
DRB1,DRB1*04:03,Japan pop 16,0.0305969403059694,18604,4-digit
DRB1,DRB1*11:01,Japan pop 16,0.0251974802519748,18604,4-digit
DRB1,DRB1*04:10,Japan pop 16,0.0214978502149785,18604,4-digit
DRB1,DRB1*14:05,Japan pop 16,0.0208979102089791,18604,4-digit
DRB1,DRB1*12:02,Japan pop 16,0.0180981901809819,18604,4-digit
DRB1,DRB1*14:03,Japan pop 16,0.0156984301569843,18604,4-digit
DRB1,DRB1*14:06,Japan pop 16,0.012998700129987,18604,4-digit
DRB1,DRB1*04:01,Japan pop 16,0.0094990500949905,18604,4-digit
DRB1,DRB1*16:02,Japan pop 16,0.008999100089991,18604,4-digit
DRB1,DRB1*13:01,Japan pop 16,0.0058994100589941,18604,4-digit
DRB1,DRB1*04:07,Japan pop 16,0.0056994300569943,18604,4-digit
DRB1,DRB1*10:01,Japan pop 16,0.0046995300469953,18604,4-digit
DRB1,DRB1*07:01,Japan pop 16,0.0033996600339966,18604,4-digit
DRB1,DRB1*04:04,Japan pop 16,0.0025997400259974,18604,4-digit
DRB1,DRB1*03:01,Japan pop 16,0.0014998500149985,18604,4-digit
DRB1,DRB1*14:07,Japan pop 16,0.0010998900109989,18604,4-digit
DRB1,DRB1*14:02,Japan pop 16,0.0005999400059994,18604,4-digit
DRB1,DRB1*08:09,Japan pop 16,0.0003999600039996,18604,4-digit
DRB1,DRB1*14:12,Japan pop 16,0.0002999700029997,18604,4-digit
DRB1,DRB1*14:29,Japan pop 16,0.0001999800019998,18604,4-digit
DRB1,DRB1*11:06,Japan pop 16,0.0001999800019998,18604,4-digit
DRB1,DRB1*01:02,Japan pop 16,0.0001999800019998,18604,4-digit
DRB1,DRB1*14:04,Japan pop 16,9.999000099990002e-05,18604,4-digit
DRB1,DRB1*04:57,Japan pop 16,4.999500049995001e-05,18604,4-digit
DRB1,DRB1*13:07,Japan pop 16,4.999500049995001e-05,18604,4-digit
DRB1,DRB1*14:45,Japan pop 16,4.999500049995001e-05,18604,4-digit
DRB1,DRB1*08:23,Japan pop 16,4.999500049995001e-05,18604,4-digit
DRB1,DRB1*04:02,Japan pop 16,4.999500049995001e-05,18604,4-digit
DRB1,DRB1*11:08,Japan pop 16,4.999500049995001e-05,18604,4-digit
DRB1,DRB1*15:04,Japan pop 16,4.999500049995001e-05,18604,4-digit
DRB1,DRB1*04:11,Japan pop 16,4.999500049995001e-05,18604,4-digit
DRB1,DRB1*09:01,Japan pop 3,0.1488511488511488,1018,4-digit
DRB1,DRB1*04:05,Japan pop 3,0.1398601398601399,1018,4-digit
DRB1,DRB1*15:02,Japan pop 3,0.0989010989010989,1018,4-digit
DRB1,DRB1*08:03,Japan pop 3,0.0939060939060939,1018,4-digit
DRB1,DRB1*13:02,Japan pop 3,0.0639360639360639,1018,4-digit
DRB1,DRB1*15:01,Japan pop 3,0.0569430569430569,1018,4-digit
DRB1,DRB1*01:01,Japan pop 3,0.0559440559440559,1018,4-digit
DRB1,DRB1*08:02,Japan pop 3,0.0489510489510489,1018,4-digit
DRB1,DRB1*14:01,Japan pop 3,0.0379620379620379,1018,4-digit
DRB1,DRB1*12:01,Japan pop 3,0.0359640359640359,1018,4-digit
DRB1,DRB1*04:06,Japan pop 3,0.0349650349650349,1018,4-digit
DRB1,DRB1*04:03,Japan pop 3,0.0299700299700299,1018,4-digit
DRB1,DRB1*11:01,Japan pop 3,0.0279720279720279,1018,4-digit
DRB1,DRB1*14:05,Japan pop 3,0.0219780219780219,1018,4-digit
DRB1,DRB1*04:10,Japan pop 3,0.0179820179820179,1018,4-digit
DRB1,DRB1*12:02,Japan pop 3,0.0169830169830169,1018,4-digit
DRB1,DRB1*04:01,Japan pop 3,0.0129870129870129,1018,4-digit
DRB1,DRB1*14:06,Japan pop 3,0.0129870129870129,1018,4-digit
DRB1,DRB1*14:03,Japan pop 3,0.0129870129870129,1018,4-digit
DRB1,DRB1*16:02,Japan pop 3,0.0049950049950049,1018,4-digit
DRB1,DRB1*04:07,Japan pop 3,0.0049950049950049,1018,4-digit
DRB1,DRB1*13:01,Japan pop 3,0.0039960039960039,1018,4-digit
DRB1,DRB1*10:01,Japan pop 3,0.0039960039960039,1018,4-digit
DRB1,DRB1*04:04,Japan pop 3,0.0029970029970029,1018,4-digit
DRB1,DRB1*07:01,Japan pop 3,0.0019980019980019,1018,4-digit
DRB1,DRB1*13:12,Japan pop 3,0.0009990009990009,1018,4-digit
DRB1,DRB1*14:02,Japan pop 3,0.0009990009990009,1018,4-digit
DRB1,DRB1*03:01,Japan pop 3,0.0009990009990009,1018,4-digit
DRB1,DRB1*14:07,Japan pop 3,0.0009990009990009,1018,4-digit
DRB1,DRB1*14:12,Japan pop 3,0.0009990009990009,1018,4-digit
DRB1,DRB1*08:09,Japan pop 3,0.0009990009990009,1018,4-digit
DRB1,DRB1*13:07,Japan pop 3,0.0009990009990009,1018,4-digit
DRB1,DRB1*07:01,Poland DKMS,0.1448406153477074,20653,4-digit
DRB1,DRB1*15:01,Poland DKMS,0.1215501644325826,20653,4-digit
DRB1,DRB1*03:01,Poland DKMS,0.1052568446936755,20653,4-digit
DRB1,DRB1*01:01,Poland DKMS,0.1010585659879449,20653,4-digit
DRB1,DRB1*11:01,Poland DKMS,0.0795673773752761,20653,4-digit
DRB1,DRB1*13:01,Poland DKMS,0.070471106846193,20653,4-digit
DRB1,DRB1*04:01,Poland DKMS,0.0533781149728611,20653,4-digit
DRB1,DRB1*16:01,Poland DKMS,0.0497795903679491,20653,4-digit
DRB1,DRB1*11:04,Poland DKMS,0.0420827460741096,20653,4-digit
DRB1,DRB1*08:01,Poland DKMS,0.0296878279905238,20653,4-digit
DRB1,DRB1*13:02,Poland DKMS,0.0247898361671714,20653,4-digit
DRB1,DRB1*12:01,Poland DKMS,0.023490368948731,20653,4-digit
DRB1,DRB1*13:03,Poland DKMS,0.0224907787806999,20653,4-digit
DRB1,DRB1*04:04,Poland DKMS,0.0224907787806999,20653,4-digit
DRB1,DRB1*14:01,Poland DKMS,0.0206915164782439,20653,4-digit
DRB1,DRB1*11:03,Poland DKMS,0.0097959836467048,20653,4-digit
DRB1,DRB1*04:02,Poland DKMS,0.0092961885626892,20653,4-digit
DRB1,DRB1*10:01,Poland DKMS,0.0092961885626892,20653,4-digit
DRB1,DRB1*01:02,Poland DKMS,0.0091962295458861,20653,4-digit
DRB1,DRB1*09:01,Poland DKMS,0.0078967623274457,20653,4-digit
DRB1,DRB1*15:02,Poland DKMS,0.007297008226627,20653,4-digit
DRB1,DRB1*04:03,Poland DKMS,0.0066972541258084,20653,4-digit
DRB1,DRB1*04:08,Poland DKMS,0.0059975410081866,20653,4-digit
DRB1,DRB1*04:07,Poland DKMS,0.0040983196889275,20653,4-digit
DRB1,DRB1*04:05,Poland DKMS,0.0024989754200777,20653,4-digit
DRB1,DRB1*08:03,Poland DKMS,0.0019991803360622,20653,4-digit
DRB1,DRB1*01:03,Poland DKMS,0.0017992623024559,20653,4-digit
DRB1,DRB1*15:19,Poland DKMS,0.0014993852520466,20653,4-digit
DRB1,DRB1*13:05,Poland DKMS,0.0013994262352435,20653,4-digit
DRB1,DRB1*08:04,Poland DKMS,0.0013994262352435,20653,4-digit
DRB1,DRB1*16:02,Poland DKMS,0.0012994672184404,20653,4-digit
DRB1,DRB1*11:02,Poland DKMS,0.0011995082016373,20653,4-digit
DRB1,DRB1*14:04,Poland DKMS,0.0008996311512279,20653,4-digit
DRB1,DRB1*08:02,Poland DKMS,0.0004997950840155,20653,4-digit
DRB1,DRB1*13:15,Poland DKMS,0.0003998360672124,20653,4-digit
DRB1,DRB1*04:06,Poland DKMS,0.0003998360672124,20653,4-digit
DRB1,DRB1*14:07,Poland DKMS,0.0002998770504093,20653,4-digit
DRB1,DRB1*12:02,Poland DKMS,0.0002998770504093,20653,4-digit
DRB1,DRB1*11:12,Poland DKMS,0.0002998770504093,20653,4-digit
DRB1,DRB1*15:03,Poland DKMS,0.0001999180336062,20653,4-digit
DRB1,DRB1*14:05,Poland DKMS,0.0001999180336062,20653,4-digit
DRB1,DRB1*11:15,Poland DKMS,0.0001999180336062,20653,4-digit
DRB1,DRB1*03:02,Poland DKMS,0.0001999180336062,20653,4-digit
DRB1,DRB1*03:04,Poland DKMS,0.0001999180336062,20653,4-digit
DRB1,DRB1*04:10,Poland DKMS,0.0001999180336062,20653,4-digit
DRB1,DRB1*14:03,Poland DKMS,9.995901680311072e-05,20653,4-digit
DRB1,DRB1*11:43,Poland DKMS,9.995901680311072e-05,20653,4-digit
DRB1,DRB1*14:02,Poland DKMS,9.995901680311072e-05,20653,4-digit
DRB1,DRB1*11:27,Poland DKMS,6.99713117621775e-05,20653,4-digit
DRB1,DRB1*11:25,Poland DKMS,4.997950840155536e-05,20653,4-digit
DRB1,DRB1*14:06,Poland DKMS,4.997950840155536e-05,20653,4-digit
DRB1,DRB1*11:18,Poland DKMS,4.997950840155536e-05,20653,4-digit
DRB1,DRB1*15:04,Poland DKMS,4.997950840155536e-05,20653,4-digit
DRB1,DRB1*15:07,Poland DKMS,4.997950840155536e-05,20653,4-digit
DRB1,DRB1*07:10N,Poland DKMS,4.997950840155536e-05,20653,4-digit
DRB1,DRB1*08:10,Poland DKMS,4.997950840155536e-05,20653,4-digit
DRB1,DRB1*10:02,Poland DKMS,4.997950840155536e-05,20653,4-digit
DRB1,DRB1*12:03,Poland DKMS,4.997950840155536e-05,20653,4-digit
DRB1,DRB1*01:07,Poland DKMS,3.998360672124429e-05,20653,4-digit
DRB1,DRB1*14:39,Poland DKMS,3.998360672124429e-05,20653,4-digit
DRB1,DRB1*11:30,Poland DKMS,3.998360672124429e-05,20653,4-digit
DRB1,DRB1*01:18,Poland DKMS,2.9987705040933217e-05,20653,4-digit
DRB1,DRB1*16:05,Poland DKMS,2.9987705040933217e-05,20653,4-digit
DRB1,DRB1*13:67,Poland DKMS,2.9987705040933217e-05,20653,4-digit
DRB1,DRB1*03:06,Poland DKMS,1.9991803360622145e-05,20653,4-digit
DRB1,DRB1*03:13,Poland DKMS,1.9991803360622145e-05,20653,4-digit
DRB1,DRB1*16:04,Poland DKMS,1.9991803360622145e-05,20653,4-digit
DRB1,DRB1*14:16,Poland DKMS,1.9991803360622145e-05,20653,4-digit
DRB1,DRB1*11:16,Poland DKMS,1.9991803360622145e-05,20653,4-digit
DRB1,DRB1*04:15,Poland DKMS,1.9991803360622145e-05,20653,4-digit
DRB1,DRB1*04:21,Poland DKMS,1.9991803360622145e-05,20653,4-digit
DRB1,DRB1*04:59,Poland DKMS,1.9991803360622145e-05,20653,4-digit
DRB1,DRB1*13:22,Poland DKMS,1.9991803360622145e-05,20653,4-digit
DRB1,DRB1*13:21,Poland DKMS,1.9991803360622145e-05,20653,4-digit
DRB1,DRB1*04:71,Poland DKMS,1.9991803360622145e-05,20653,4-digit
DRB1,DRB1*13:14,Poland DKMS,1.9991803360622145e-05,20653,4-digit
DRB1,DRB1*13:06,Poland DKMS,1.9991803360622145e-05,20653,4-digit
DRB1,DRB1*08:06,Poland DKMS,1.9991803360622145e-05,20653,4-digit
DRB1,DRB1*11:06,Poland DKMS,1.9991803360622145e-05,20653,4-digit
DRB1,DRB1*11:14,Poland DKMS,1.9991803360622145e-05,20653,4-digit
DRB1,DRB1*11:69,Poland DKMS,1.9991803360622145e-05,20653,4-digit
DRB1,DRB1*11:19,Poland DKMS,1.9991803360622145e-05,20653,4-digit
DRB1,DRB1*16:07,Poland DKMS,1.9991803360622145e-05,20653,4-digit
DRB1,DRB1*13:02,South Korea pop 10,0.0944094409440944,4128,4-digit
DRB1,DRB1*09:01,South Korea pop 10,0.0934093409340934,4128,4-digit
DRB1,DRB1*04:05,South Korea pop 10,0.0824082408240824,4128,4-digit
DRB1,DRB1*08:03,South Korea pop 10,0.0787078707870787,4128,4-digit
DRB1,DRB1*15:01,South Korea pop 10,0.0747074707470747,4128,4-digit
DRB1,DRB1*07:01,South Korea pop 10,0.068006800680068,4128,4-digit
DRB1,DRB1*01:01,South Korea pop 10,0.0648064806480648,4128,4-digit
DRB1,DRB1*04:06,South Korea pop 10,0.0485048504850485,4128,4-digit
DRB1,DRB1*11:01,South Korea pop 10,0.0465046504650465,4128,4-digit
DRB1,DRB1*12:01,South Korea pop 10,0.0429042904290429,4128,4-digit
DRB1,DRB1*12:02,South Korea pop 10,0.0334033403340334,4128,4-digit
DRB1,DRB1*15:02,South Korea pop 10,0.031003100310031,4128,4-digit
DRB1,DRB1*04:03,South Korea pop 10,0.0296029602960296,4128,4-digit
DRB1,DRB1*14:05,South Korea pop 10,0.028002800280028,4128,4-digit
DRB1,DRB1*14:54,South Korea pop 10,0.0259025902590259,4128,4-digit
DRB1,DRB1*08:02,South Korea pop 10,0.024002400240024,4128,4-digit
DRB1,DRB1*03:01,South Korea pop 10,0.0217021702170217,4128,4-digit
DRB1,DRB1*13:01,South Korea pop 10,0.0201020102010201,4128,4-digit
DRB1,DRB1*10:01,South Korea pop 10,0.0164016401640164,4128,4-digit
DRB1,DRB1*04:04,South Korea pop 10,0.0138013801380138,4128,4-digit
DRB1,DRB1*16:02,South Korea pop 10,0.0111011101110111,4128,4-digit
DRB1,DRB1*14:03,South Korea pop 10,0.011001100110011,4128,4-digit
DRB1,DRB1*04:10,South Korea pop 10,0.0104010401040104,4128,4-digit
DRB1,DRB1*04:01,South Korea pop 10,0.0073007300730073,4128,4-digit
DRB1,DRB1*14:06,South Korea pop 10,0.0055005500550055,4128,4-digit
DRB1,DRB1*04:07,South Korea pop 10,0.0035003500350035,4128,4-digit
DRB1,DRB1*12:10,South Korea pop 10,0.0034003400340034,4128,4-digit
DRB1,DRB1*14:07,South Korea pop 10,0.0021002100210021,4128,4-digit
DRB1,DRB1*11:06,South Korea pop 10,0.0019001900190019,4128,4-digit
DRB1,DRB1*04:08,South Korea pop 10,0.0011001100110011,4128,4-digit
DRB1,DRB1*13:07,South Korea pop 10,0.0005000500050005,4128,4-digit
DRB1,DRB1*14:10,South Korea pop 10,0.0005000500050005,4128,4-digit
DRB1,DRB1*14:12,South Korea pop 10,0.0005000500050005,4128,4-digit
DRB1,DRB1*08:01,South Korea pop 10,0.0005000500050005,4128,4-digit
DRB1,DRB1*04:02,South Korea pop 10,0.0004000400040004,4128,4-digit
DRB1,DRB1*14:02,South Korea pop 10,0.0002000200020002,4128,4-digit
DRB1,DRB1*11:11,South Korea pop 10,0.0002000200020002,4128,4-digit
DRB1,DRB1*14:04,South Korea pop 10,0.0002000200020002,4128,4-digit
DRB1,DRB1*11:08,South Korea pop 10,0.0002000200020002,4128,4-digit
DRB1,DRB1*11:03,South Korea pop 10,0.0002000200020002,4128,4-digit
DRB1,DRB1*01:02,South Korea pop 10,0.0002000200020002,4128,4-digit
DRB1,DRB1*04:51,South Korea pop 10,0.0002000200020002,4128,4-digit
DRB1,DRB1*15:03,South Korea pop 10,0.0001000100010001,4128,4-digit
DRB1,DRB1*08:06,South Korea pop 10,0.0001000100010001,4128,4-digit
DRB1,DRB1*08:04,South Korea pop 10,0.0001000100010001,4128,4-digit
DRB1,DRB1*07:04,South Korea pop 10,0.0001000100010001,4128,4-digit
DRB1,DRB1*07:05,South Korea pop 10,0.0001000100010001,4128,4-digit
DRB1,DRB1*11:02,South Korea pop 10,0.0001000100010001,4128,4-digit
DRB1,DRB1*15:01,USA Caucasian pop 4,0.1393164101539076,1070,4-digit
DRB1,DRB1*07:01,USA Caucasian pop 4,0.1259244453328003,1070,4-digit
DRB1,DRB1*04:01,USA Caucasian pop 4,0.103837697381571,1070,4-digit
DRB1,DRB1*03:01,USA Caucasian pop 4,0.103837697381571,1070,4-digit
DRB1,DRB1*01:01,USA Caucasian pop 4,0.0864481311213272,1070,4-digit
DRB1,DRB1*13:01,USA Caucasian pop 4,0.0557665400759544,1070,4-digit
DRB1,DRB1*13:02,USA Caucasian pop 4,0.0518688786727963,1070,4-digit
DRB1,DRB1*11:01,USA Caucasian pop 4,0.0489706176294223,1070,4-digit
DRB1,DRB1*04:04,USA Caucasian pop 4,0.0470717569458325,1070,4-digit
DRB1,DRB1*08:01,USA Caucasian pop 4,0.0278832700379772,1070,4-digit
DRB1,DRB1*11:04,USA Caucasian pop 4,0.0230861483110133,1070,4-digit
DRB1,DRB1*01:02,USA Caucasian pop 4,0.0201878872676394,1070,4-digit
DRB1,DRB1*14:01,USA Caucasian pop 4,0.0191884869078552,1070,4-digit
DRB1,DRB1*01:03,USA Caucasian pop 4,0.0191884869078552,1070,4-digit
DRB1,DRB1*12:01,USA Caucasian pop 4,0.0172896262242654,1070,4-digit
DRB1,DRB1*04:07,USA Caucasian pop 4,0.0153907655406755,1070,4-digit
DRB1,DRB1*13:03,USA Caucasian pop 4,0.0124925044973016,1070,4-digit
DRB1,DRB1*09:01,USA Caucasian pop 4,0.0105936438137117,1070,4-digit
DRB1,DRB1*15:02,USA Caucasian pop 4,0.0076953827703377,1070,4-digit
DRB1,DRB1*11:03,USA Caucasian pop 4,0.0076953827703377,1070,4-digit
DRB1,DRB1*10:01,USA Caucasian pop 4,0.0076953827703377,1070,4-digit
DRB1,DRB1*16:01,USA Caucasian pop 4,0.0066959824105536,1070,4-digit
DRB1,DRB1*04:08,USA Caucasian pop 4,0.0057965220867479,1070,4-digit
DRB1,DRB1*04:03,USA Caucasian pop 4,0.0047971217269638,1070,4-digit
DRB1,DRB1*11:02,USA Caucasian pop 4,0.0038976614031581,1070,4-digit
DRB1,DRB1*04:02,USA Caucasian pop 4,0.0038976614031581,1070,4-digit
DRB1,DRB1*08:02,USA Caucasian pop 4,0.0028982610433739,1070,4-digit
DRB1,DRB1*08:04,USA Caucasian pop 4,0.0028982610433739,1070,4-digit
DRB1,DRB1*13:05,USA Caucasian pop 4,0.0028982610433739,1070,4-digit
DRB1,DRB1*04:05,USA Caucasian pop 4,0.0018988606835898,1070,4-digit
DRB1,DRB1*14:07,USA Caucasian pop 4,0.0018988606835898,1070,4-digit
DRB1,DRB1*03:05,USA Caucasian pop 4,0.0009994003597841,1070,4-digit
DRB1,DRB1*15:11,USA Caucasian pop 4,0.0009994003597841,1070,4-digit
DRB1,DRB1*15:10,USA Caucasian pop 4,0.0009994003597841,1070,4-digit
DRB1,DRB1*15:03,USA Caucasian pop 4,0.0009994003597841,1070,4-digit
DRB1,DRB1*03:02,USA Caucasian pop 4,0.0009994003597841,1070,4-digit
DRB1,DRB1*08:10,USA Caucasian pop 4,0.0009994003597841,1070,4-digit
DRB1,DRB1*04:06,USA Caucasian pop 4,0.0009994003597841,1070,4-digit
DRB1,DRB1*11:12,USA Caucasian pop 4,0.0009994003597841,1070,4-digit
DRB1,DRB1*04:10,USA Caucasian pop 4,0.0009994003597841,1070,4-digit
DRB1,DRB1*08:03,USA Caucasian pop 4,0.0009994003597841,1070,4-digit
DRB1,DRB1*08:11,USA Caucasian pop 4,0.0009994003597841,1070,4-digit
DRB1,DRB1*15:01,USA Colorado Univ Cord Blood Bank Caucasian,0.1346096320670056,3830,4-digit
DRB1,DRB1*07:01,USA Colorado Univ Cord Blood Bank Caucasian,0.1316183069099611,3830,4-digit
DRB1,DRB1*03:01,USA Colorado Univ Cord Blood Bank Caucasian,0.1206501146674643,3830,4-digit
DRB1,DRB1*04:01,USA Colorado Univ Cord Blood Bank Caucasian,0.085751321168611,3830,4-digit
DRB1,DRB1*01:01,USA Colorado Univ Cord Blood Bank Caucasian,0.0847542127829295,3830,4-digit
DRB1,DRB1*13:01,USA Colorado Univ Cord Blood Bank Caucasian,0.064812045069299,3830,4-digit
DRB1,DRB1*11:01,USA Colorado Univ Cord Blood Bank Caucasian,0.0568351779838468,3830,4-digit
DRB1,DRB1*13:02,USA Colorado Univ Cord Blood Bank Caucasian,0.0428756605843055,3830,4-digit
DRB1,DRB1*04:04,USA Colorado Univ Cord Blood Bank Caucasian,0.0388872270415794,3830,4-digit
DRB1,DRB1*11:04,USA Colorado Univ Cord Blood Bank Caucasian,0.0269219264134011,3830,4-digit
DRB1,DRB1*14:01,USA Colorado Univ Cord Blood Bank Caucasian,0.024927709642038,3830,4-digit
DRB1,DRB1*08:01,USA Colorado Univ Cord Blood Bank Caucasian,0.024927709642038,3830,4-digit
DRB1,DRB1*12:01,USA Colorado Univ Cord Blood Bank Caucasian,0.0169508425565859,3830,4-digit
DRB1,DRB1*01:02,USA Colorado Univ Cord Blood Bank Caucasian,0.0139595173995413,3830,4-digit
DRB1,DRB1*13:03,USA Colorado Univ Cord Blood Bank Caucasian,0.0129624090138598,3830,4-digit
DRB1,DRB1*16:01,USA Colorado Univ Cord Blood Bank Caucasian,0.0119653006281782,3830,4-digit
DRB1,DRB1*04:07,USA Colorado Univ Cord Blood Bank Caucasian,0.0119653006281782,3830,4-digit
DRB1,DRB1*09:01,USA Colorado Univ Cord Blood Bank Caucasian,0.0109681922424967,3830,4-digit
DRB1,DRB1*04:02,USA Colorado Univ Cord Blood Bank Caucasian,0.0109681922424967,3830,4-digit
DRB1,DRB1*01:03,USA Colorado Univ Cord Blood Bank Caucasian,0.0089739754711337,3830,4-digit
DRB1,DRB1*15:02,USA Colorado Univ Cord Blood Bank Caucasian,0.0079768670854521,3830,4-digit
DRB1,DRB1*04:03,USA Colorado Univ Cord Blood Bank Caucasian,0.0079768670854521,3830,4-digit
DRB1,DRB1*04:05,USA Colorado Univ Cord Blood Bank Caucasian,0.0069797586997706,3830,4-digit
DRB1,DRB1*10:01,USA Colorado Univ Cord Blood Bank Caucasian,0.0069797586997706,3830,4-digit
DRB1,DRB1*04:08,USA Colorado Univ Cord Blood Bank Caucasian,0.0059826503140891,3830,4-digit
DRB1,DRB1*11:03,USA Colorado Univ Cord Blood Bank Caucasian,0.0049855419284076,3830,4-digit
DRB1,DRB1*16:02,USA Colorado Univ Cord Blood Bank Caucasian,0.0029913251570445,3830,4-digit
DRB1,DRB1*08:03,USA Colorado Univ Cord Blood Bank Caucasian,0.0029913251570445,3830,4-digit
DRB1,DRB1*11:02,USA Colorado Univ Cord Blood Bank Caucasian,0.0029913251570445,3830,4-digit
DRB1,DRB1*08:02,USA Colorado Univ Cord Blood Bank Caucasian,0.001994216771363,3830,4-digit
DRB1,DRB1*08:04,USA Colorado Univ Cord Blood Bank Caucasian,0.001994216771363,3830,4-digit
DRB1,DRB1*13:05,USA Colorado Univ Cord Blood Bank Caucasian,0.0009971083856815,3830,4-digit
DRB1,DRB1*14:02,USA Colorado Univ Cord Blood Bank Caucasian,0.0009971083856815,3830,4-digit
DRB1,DRB1*15:03,USA Colorado Univ Cord Blood Bank Caucasian,0.0009971083856815,3830,4-digit
DRB1,DRB1*03:02,USA Colorado Univ Cord Blood Bank Caucasian,0.0009971083856815,3830,4-digit
DRB1,DRB1*14:07,USA Colorado Univ Cord Blood Bank Caucasian,0.0009971083856815,3830,4-digit
DRB1,DRB1*14:06,USA Colorado Univ Cord Blood Bank Caucasian,0.0009971083856815,3830,4-digit
DRB1,DRB1*04:06,USA Colorado Univ Cord Blood Bank Caucasian,0.0009971083856815,3830,4-digit
DRB1,DRB1*14:04,USA Colorado Univ Cord Blood Bank Caucasian,0.0003988433542726,3830,4-digit
DRB1,DRB1*13:04,USA Colorado Univ Cord Blood Bank Caucasian,0.0003988433542726,3830,4-digit
DRB1,DRB1*13:06,USA Colorado Univ Cord Blood Bank Caucasian,0.0002991325157044,3830,4-digit
DRB1,DRB1*08:11,USA Colorado Univ Cord Blood Bank Caucasian,0.0002991325157044,3830,4-digit
DRB1,DRB1*04:11,USA Colorado Univ Cord Blood Bank Caucasian,0.0002991325157044,3830,4-digit
DRB1,DRB1*12:02,USA Colorado Univ Cord Blood Bank Caucasian,0.0002991325157044,3830,4-digit
DRB1,DRB1*03:04,USA Colorado Univ Cord Blood Bank Caucasian,9.971083856815236e-05,3830,4-digit
DRB1,DRB1*14:03,USA Colorado Univ Cord Blood Bank Caucasian,9.971083856815236e-05,3830,4-digit
DRB1,DRB1*13:21,USA Colorado Univ Cord Blood Bank Caucasian,9.971083856815236e-05,3830,4-digit
DRB1,DRB1*14:05,USA Colorado Univ Cord Blood Bank Caucasian,9.971083856815236e-05,3830,4-digit
DRB1,DRB1*04:13,USA Colorado Univ Cord Blood Bank Caucasian,9.971083856815236e-05,3830,4-digit
DRB1,DRB1*14:16,USA Colorado Univ Cord Blood Bank Caucasian,9.971083856815236e-05,3830,4-digit
DRB1,DRB1*15:06,USA Colorado Univ Cord Blood Bank Caucasian,9.971083856815236e-05,3830,4-digit
DRB1,DRB1*08:06,USA Colorado Univ Cord Blood Bank Caucasian,9.971083856815236e-05,3830,4-digit
DRB1,DRB1*11:12,USA Colorado Univ Cord Blood Bank Caucasian,9.971083856815236e-05,3830,4-digit
DRB1,DRB1*07:01,USA Colorado Univ Cord Blood Bank Hispanic,0.0938123752495009,1058,4-digit
DRB1,DRB1*08:02,USA Colorado Univ Cord Blood Bank Hispanic,0.092814371257485,1058,4-digit
DRB1,DRB1*04:07,USA Colorado Univ Cord Blood Bank Hispanic,0.0808383233532934,1058,4-digit
DRB1,DRB1*03:01,USA Colorado Univ Cord Blood Bank Hispanic,0.0628742514970059,1058,4-digit
DRB1,DRB1*04:04,USA Colorado Univ Cord Blood Bank Hispanic,0.0548902195608782,1058,4-digit
DRB1,DRB1*15:01,USA Colorado Univ Cord Blood Bank Hispanic,0.0528942115768463,1058,4-digit
DRB1,DRB1*01:02,USA Colorado Univ Cord Blood Bank Hispanic,0.0389221556886227,1058,4-digit
DRB1,DRB1*13:01,USA Colorado Univ Cord Blood Bank Hispanic,0.0379241516966067,1058,4-digit
DRB1,DRB1*14:06,USA Colorado Univ Cord Blood Bank Hispanic,0.0359281437125748,1058,4-digit
DRB1,DRB1*13:02,USA Colorado Univ Cord Blood Bank Hispanic,0.0349301397205588,1058,4-digit
DRB1,DRB1*14:02,USA Colorado Univ Cord Blood Bank Hispanic,0.0349301397205588,1058,4-digit
DRB1,DRB1*11:04,USA Colorado Univ Cord Blood Bank Hispanic,0.0339321357285429,1058,4-digit
DRB1,DRB1*01:01,USA Colorado Univ Cord Blood Bank Hispanic,0.0329341317365269,1058,4-digit
DRB1,DRB1*11:01,USA Colorado Univ Cord Blood Bank Hispanic,0.0329341317365269,1058,4-digit
DRB1,DRB1*16:02,USA Colorado Univ Cord Blood Bank Hispanic,0.030938123752495,1058,4-digit
DRB1,DRB1*14:01,USA Colorado Univ Cord Blood Bank Hispanic,0.0209580838323353,1058,4-digit
DRB1,DRB1*04:03,USA Colorado Univ Cord Blood Bank Hispanic,0.0179640718562874,1058,4-digit
DRB1,DRB1*04:05,USA Colorado Univ Cord Blood Bank Hispanic,0.0179640718562874,1058,4-digit
DRB1,DRB1*04:01,USA Colorado Univ Cord Blood Bank Hispanic,0.0169660678642714,1058,4-digit
DRB1,DRB1*04:02,USA Colorado Univ Cord Blood Bank Hispanic,0.0159680638722554,1058,4-digit
DRB1,DRB1*09:01,USA Colorado Univ Cord Blood Bank Hispanic,0.0129740518962075,1058,4-digit
DRB1,DRB1*04:11,USA Colorado Univ Cord Blood Bank Hispanic,0.0129740518962075,1058,4-digit
DRB1,DRB1*08:04,USA Colorado Univ Cord Blood Bank Hispanic,0.0119760479041916,1058,4-digit
DRB1,DRB1*15:02,USA Colorado Univ Cord Blood Bank Hispanic,0.0119760479041916,1058,4-digit
DRB1,DRB1*13:03,USA Colorado Univ Cord Blood Bank Hispanic,0.0109780439121756,1058,4-digit
DRB1,DRB1*11:02,USA Colorado Univ Cord Blood Bank Hispanic,0.0109780439121756,1058,4-digit
DRB1,DRB1*10:01,USA Colorado Univ Cord Blood Bank Hispanic,0.0109780439121756,1058,4-digit
DRB1,DRB1*08:01,USA Colorado Univ Cord Blood Bank Hispanic,0.0099800399201596,1058,4-digit
DRB1,DRB1*01:03,USA Colorado Univ Cord Blood Bank Hispanic,0.0079840319361277,1058,4-digit
DRB1,DRB1*12:01,USA Colorado Univ Cord Blood Bank Hispanic,0.0069860279441117,1058,4-digit
DRB1,DRB1*13:05,USA Colorado Univ Cord Blood Bank Hispanic,0.0069860279441117,1058,4-digit
DRB1,DRB1*15:03,USA Colorado Univ Cord Blood Bank Hispanic,0.0059880239520958,1058,4-digit
DRB1,DRB1*04:10,USA Colorado Univ Cord Blood Bank Hispanic,0.0049900199600798,1058,4-digit
DRB1,DRB1*11:03,USA Colorado Univ Cord Blood Bank Hispanic,0.0049900199600798,1058,4-digit
DRB1,DRB1*16:01,USA Colorado Univ Cord Blood Bank Hispanic,0.0039920159680638,1058,4-digit
DRB1,DRB1*03:02,USA Colorado Univ Cord Blood Bank Hispanic,0.0039920159680638,1058,4-digit
DRB1,DRB1*13:04,USA Colorado Univ Cord Blood Bank Hispanic,0.0029940119760479,1058,4-digit
DRB1,DRB1*04:08,USA Colorado Univ Cord Blood Bank Hispanic,0.0019960079840319,1058,4-digit
DRB1,DRB1*04:06,USA Colorado Univ Cord Blood Bank Hispanic,0.0019960079840319,1058,4-digit
DRB1,DRB1*14:24,USA Colorado Univ Cord Blood Bank Hispanic,0.0009980039920159,1058,4-digit
DRB1,DRB1*16:07,USA Colorado Univ Cord Blood Bank Hispanic,0.0009980039920159,1058,4-digit
DRB1,DRB1*04:17,USA Colorado Univ Cord Blood Bank Hispanic,0.0009980039920159,1058,4-digit
DRB1,DRB1*08:11,USA Colorado Univ Cord Blood Bank Hispanic,0.0009980039920159,1058,4-digit
DRB1,DRB1*12:02,USA Colorado Univ Cord Blood Bank Hispanic,0.0009980039920159,1058,4-digit
DRB1,DRB1*03:07,USA Colorado Univ Cord Blood Bank Hispanic,0.0009980039920159,1058,4-digit
DRB1,DRB1*14:04,USA Colorado Univ Cord Blood Bank Hispanic,0.0009980039920159,1058,4-digit
DRB1,DRB1*08:03,USA Colorado Univ Cord Blood Bank Hispanic,0.0009980039920159,1058,4-digit
DRB1,DRB1*13:23,USA Colorado Univ Cord Blood Bank Hispanic,0.0009980039920159,1058,4-digit
DRB1,DRB1*13:11,USA Colorado Univ Cord Blood Bank Hispanic,0.0009980039920159,1058,4-digit
DRB1,DRB1*08:06,USA Colorado Univ Cord Blood Bank Hispanic,0.0009980039920159,1058,4-digit
DRB1,DRB1*11:10,USA Colorado Univ Cord Blood Bank Hispanic,0.0009980039920159,1058,4-digit
DRB1,DRB1*14:03,USA Colorado Univ Cord Blood Bank Hispanic,0.0009980039920159,1058,4-digit
DRB1,DRB1*15:03,USA NMDP African,0.1249700071982724,28557,4-digit
DRB1,DRB1*07:01,USA NMDP African,0.0982764136607214,28557,4-digit
DRB1,DRB1*13:02,USA NMDP African,0.0841797968487562,28557,4-digit
DRB1,DRB1*11:01,USA NMDP African,0.0830800607854115,28557,4-digit
DRB1,DRB1*03:01,USA NMDP African,0.0727825321922738,28557,4-digit
DRB1,DRB1*03:02,USA NMDP African,0.0603855074782052,28557,4-digit
DRB1,DRB1*08:04,USA NMDP African,0.0578861073342397,28557,4-digit
DRB1,DRB1*13:01,USA NMDP African,0.0524874030232744,28557,4-digit
DRB1,DRB1*01:02,USA NMDP African,0.0482884107814124,28557,4-digit
DRB1,DRB1*13:03,USA NMDP African,0.0378909061825162,28557,4-digit
DRB1,DRB1*11:02,USA NMDP African,0.0367911701191714,28557,4-digit
DRB1,DRB1*12:01,USA NMDP African,0.0322922498600335,28557,4-digit
DRB1,DRB1*09:01,USA NMDP African,0.0274934015836199,28557,4-digit
DRB1,DRB1*10:01,USA NMDP African,0.022494601295689,28557,4-digit
DRB1,DRB1*04:05,USA NMDP African,0.0196952731344477,28557,4-digit
DRB1,DRB1*01:01,USA NMDP African,0.0187954890826201,28557,4-digit
DRB1,DRB1*14:01,USA NMDP African,0.0181956330480684,28557,4-digit
DRB1,DRB1*15:01,USA NMDP African,0.0180956570423098,28557,4-digit
DRB1,DRB1*04:01,USA NMDP African,0.0134967607774134,28557,4-digit
DRB1,DRB1*16:02,USA NMDP African,0.0131968327601375,28557,4-digit
DRB1,DRB1*13:04,USA NMDP African,0.0113972646564824,28557,4-digit
DRB1,DRB1*11:04,USA NMDP African,0.0090978165240342,28557,4-digit
DRB1,DRB1*04:04,USA NMDP African,0.0069983204031032,28557,4-digit
DRB1,DRB1*08:06,USA NMDP African,0.004698872270655,28557,4-digit
DRB1,DRB1*15:02,USA NMDP African,0.0039990402303447,28557,4-digit
DRB1,DRB1*04:03,USA NMDP African,0.0037990882188274,28557,4-digit
DRB1,DRB1*12:02,USA NMDP African,0.0023994241382068,28557,4-digit
DRB1,DRB1*04:07,USA NMDP African,0.0023994241382068,28557,4-digit
DRB1,DRB1*08:01,USA NMDP African,0.0019995201151723,28557,4-digit
DRB1,DRB1*01:03,USA NMDP African,0.0015996160921378,28557,4-digit
DRB1,DRB1*04:02,USA NMDP African,0.0011997120691034,28557,4-digit
DRB1,DRB1*11:10,USA NMDP African,0.0011997120691034,28557,4-digit
DRB1,DRB1*16:01,USA NMDP African,0.0010997360633447,28557,4-digit
DRB1,DRB1*08:02,USA NMDP African,0.0007998080460689,28557,4-digit
DRB1,DRB1*14:02,USA NMDP African,0.0006998320403103,28557,4-digit
DRB1,DRB1*04:06,USA NMDP African,0.0005998560345517,28557,4-digit
DRB1,DRB1*14:04,USA NMDP African,0.000499880028793,28557,4-digit
DRB1,DRB1*11:03,USA NMDP African,0.000499880028793,28557,4-digit
DRB1,DRB1*11:17,USA NMDP African,0.0003999040230344,28557,4-digit
DRB1,DRB1*08:08,USA NMDP African,0.0003999040230344,28557,4-digit
DRB1,DRB1*04:10,USA NMDP African,0.0003999040230344,28557,4-digit
DRB1,DRB1*13:05,USA NMDP African,0.0002999280172758,28557,4-digit
DRB1,DRB1*04:08,USA NMDP African,0.0002999280172758,28557,4-digit
DRB1,DRB1*08:03,USA NMDP African,0.0002999280172758,28557,4-digit
DRB1,DRB1*13:16,USA NMDP African,0.0001999520115172,28557,4-digit
DRB1,DRB1*13:31,USA NMDP African,0.0001999520115172,28557,4-digit
DRB1,DRB1*08:11,USA NMDP African,0.0001999520115172,28557,4-digit
DRB1,DRB1*04:11,USA NMDP African,9.997600575861794e-05,28557,4-digit
DRB1,DRB1*03:03,USA NMDP African,9.997600575861794e-05,28557,4-digit
DRB1,DRB1*11:14,USA NMDP African,9.997600575861794e-05,28557,4-digit
DRB1,DRB1*13:27,USA NMDP African,8.997840518275615e-05,28557,4-digit
DRB1,DRB1*01:20,USA NMDP African,8.997840518275615e-05,28557,4-digit
DRB1,DRB1*13:23,USA NMDP African,6.998320403103254e-05,28557,4-digit
DRB1,DRB1*14:108,USA NMDP African,4.998800287930897e-05,28557,4-digit
DRB1,DRB1*15:06,USA NMDP African,4.998800287930897e-05,28557,4-digit
DRB1,DRB1*15:23,USA NMDP African,4.998800287930897e-05,28557,4-digit
DRB1,DRB1*11:06,USA NMDP African,4.998800287930897e-05,28557,4-digit
DRB1,DRB1*13:14,USA NMDP African,4.998800287930897e-05,28557,4-digit
DRB1,DRB1*13:37,USA NMDP African,3.9990402303447176e-05,28557,4-digit
DRB1,DRB1*13:38,USA NMDP African,3.9990402303447176e-05,28557,4-digit
DRB1,DRB1*11:37,USA NMDP African,3.9990402303447176e-05,28557,4-digit
DRB1,DRB1*13:07,USA NMDP African,3.9990402303447176e-05,28557,4-digit
DRB1,DRB1*03:05,USA NMDP African,3.9990402303447176e-05,28557,4-digit
DRB1,DRB1*14:06,USA NMDP African,3.9990402303447176e-05,28557,4-digit
DRB1,DRB1*14:05,USA NMDP African,1.9995201151723588e-05,28557,4-digit
DRB1,DRB1*14:03,USA NMDP African,1.9995201151723588e-05,28557,4-digit
DRB1,DRB1*14:07,USA NMDP African,1.9995201151723588e-05,28557,4-digit
DRB1,DRB1*14:17,USA NMDP African,1.9995201151723588e-05,28557,4-digit
DRB1,DRB1*14:23,USA NMDP African,1.9995201151723588e-05,28557,4-digit
DRB1,DRB1*13:69,USA NMDP African,1.9995201151723588e-05,28557,4-digit
DRB1,DRB1*15:20,USA NMDP African,1.9995201151723588e-05,28557,4-digit
DRB1,DRB1*04:17,USA NMDP African,1.9995201151723588e-05,28557,4-digit
DRB1,DRB1*03:06,USA NMDP African,1.9995201151723588e-05,28557,4-digit
DRB1,DRB1*13:41,USA NMDP African,1.9995201151723588e-05,28557,4-digit
DRB1,DRB1*13:20,USA NMDP African,1.9995201151723588e-05,28557,4-digit
DRB1,DRB1*08:20,USA NMDP African,1.9995201151723588e-05,28557,4-digit
DRB1,DRB1*11:07,USA NMDP African,1.9995201151723588e-05,28557,4-digit
DRB1,DRB1*11:08,USA NMDP African,1.9995201151723588e-05,28557,4-digit
DRB1,DRB1*11:15,USA NMDP African,1.9995201151723588e-05,28557,4-digit
DRB1,DRB1*11:25,USA NMDP African,1.9995201151723588e-05,28557,4-digit
DRB1,DRB1*11:29,USA NMDP African,1.9995201151723588e-05,28557,4-digit
DRB1,DRB1*11:65,USA NMDP African,1.9995201151723588e-05,28557,4-digit
DRB1,DRB1*12:04,USA NMDP African,1.9995201151723588e-05,28557,4-digit
DRB1,DRB1*03:19,USA NMDP African,1.9995201151723588e-05,28557,4-digit
DRB1,DRB1*13:09,USA NMDP African,1.9995201151723588e-05,28557,4-digit
DRB1,DRB1*13:10,USA NMDP African,1.9995201151723588e-05,28557,4-digit
DRB1,DRB1*13:18,USA NMDP African,1.9995201151723588e-05,28557,4-digit
DRB1,DRB1*11:56,USA NMDP African,9.997600575861794e-06,28557,4-digit
DRB1,DRB1*11:39,USA NMDP African,9.997600575861794e-06,28557,4-digit
DRB1,DRB1*11:27,USA NMDP African,9.997600575861794e-06,28557,4-digit
DRB1,DRB1*11:48,USA NMDP African,9.997600575861794e-06,28557,4-digit
DRB1,DRB1*15:03,USA NMDP African American pop 2,0.1166008162057134,416581,4-digit
DRB1,DRB1*07:01,USA NMDP African American pop 2,0.1011007077049539,416581,4-digit
DRB1,DRB1*11:01,USA NMDP African American pop 2,0.0854005978041846,416581,4-digit
DRB1,DRB1*13:02,USA NMDP African American pop 2,0.073000511003577,416581,4-digit
DRB1,DRB1*03:01,USA NMDP African American pop 2,0.0699004893034251,416581,4-digit
DRB1,DRB1*03:02,USA NMDP African American pop 2,0.0631004417030919,416581,4-digit
DRB1,DRB1*08:04,USA NMDP African American pop 2,0.0542003794026558,416581,4-digit
DRB1,DRB1*13:01,USA NMDP African American pop 2,0.0542003794026558,416581,4-digit
DRB1,DRB1*01:02,USA NMDP African American pop 2,0.0392002744019208,416581,4-digit
DRB1,DRB1*11:02,USA NMDP African American pop 2,0.0388002716019012,416581,4-digit
DRB1,DRB1*12:01,USA NMDP African American pop 2,0.0382002674018718,416581,4-digit
DRB1,DRB1*13:03,USA NMDP African American pop 2,0.0326002282015974,416581,4-digit
DRB1,DRB1*09:01,USA NMDP African American pop 2,0.0297002079014553,416581,4-digit
DRB1,DRB1*15:01,USA NMDP African American pop 2,0.0282001974013818,416581,4-digit
DRB1,DRB1*01:01,USA NMDP African American pop 2,0.0265001855012985,416581,4-digit
DRB1,DRB1*04:01,USA NMDP African American pop 2,0.0202001414009898,416581,4-digit
DRB1,DRB1*10:01,USA NMDP African American pop 2,0.0192001344009408,416581,4-digit
DRB1,DRB1*14:01,USA NMDP African American pop 2,0.0186001302009114,416581,4-digit
DRB1,DRB1*04:05,USA NMDP African American pop 2,0.0153001071007497,416581,4-digit
DRB1,DRB1*13:04,USA NMDP African American pop 2,0.0139000973006811,416581,4-digit
DRB1,DRB1*16:02,USA NMDP African American pop 2,0.0138000966006762,416581,4-digit
DRB1,DRB1*04:04,USA NMDP African American pop 2,0.0082000574004018,416581,4-digit
DRB1,DRB1*11:04,USA NMDP African American pop 2,0.0058000406002842,416581,4-digit
DRB1,DRB1*08:06,USA NMDP African American pop 2,0.0054000378002646,416581,4-digit
DRB1,DRB1*04:07,USA NMDP African American pop 2,0.0039000273001911,416581,4-digit
DRB1,DRB1*08:01,USA NMDP African American pop 2,0.0037000259001813,416581,4-digit
DRB1,DRB1*12:02,USA NMDP African American pop 2,0.0029000203001421,416581,4-digit
DRB1,DRB1*01:03,USA NMDP African American pop 2,0.0026000182001274,416581,4-digit
DRB1,DRB1*15:02,USA NMDP African American pop 2,0.0023000161001127,416581,4-digit
DRB1,DRB1*16:01,USA NMDP African American pop 2,0.002000014000098,416581,4-digit
DRB1,DRB1*04:03,USA NMDP African American pop 2,0.0017000119000833,416581,4-digit
DRB1,DRB1*11:10,USA NMDP African American pop 2,0.0013000091000637,416581,4-digit
DRB1,DRB1*08:02,USA NMDP African American pop 2,0.0009000063000441,416581,4-digit
DRB1,DRB1*08:11,USA NMDP African American pop 2,0.0008000056000392,416581,4-digit
DRB1,DRB1*04:02,USA NMDP African American pop 2,0.0008000056000392,416581,4-digit
DRB1,DRB1*14:02,USA NMDP African American pop 2,0.0008000056000392,416581,4-digit
DRB1,DRB1*11:03,USA NMDP African American pop 2,0.0007000049000343,416581,4-digit
DRB1,DRB1*04:08,USA NMDP African American pop 2,0.0006000042000294,416581,4-digit
DRB1,DRB1*14:04,USA NMDP African American pop 2,0.0005000035000245,416581,4-digit
DRB1,DRB1*08:03,USA NMDP African American pop 2,0.0004000028000196,416581,4-digit
DRB1,DRB1*11:17,USA NMDP African American pop 2,0.0004000028000196,416581,4-digit
DRB1,DRB1*13:31,USA NMDP African American pop 2,0.0003000021000147,416581,4-digit
DRB1,DRB1*13:16,USA NMDP African American pop 2,0.0003000021000147,416581,4-digit
DRB1,DRB1*13:05,USA NMDP African American pop 2,0.0003000021000147,416581,4-digit
DRB1,DRB1*04:06,USA NMDP African American pop 2,0.0002000014000098,416581,4-digit
DRB1,DRB1*12:03,USA NMDP African American pop 2,0.0001000007000049,416581,4-digit
DRB1,DRB1*14:06,USA NMDP African American pop 2,0.0001000007000049,416581,4-digit
DRB1,DRB1*04:11,USA NMDP African American pop 2,0.0001000007000049,416581,4-digit
DRB1,DRB1*04:10,USA NMDP African American pop 2,0.0001000007000049,416581,4-digit
DRB1,DRB1*11:14,USA NMDP African American pop 2,7.400051800362602e-05,416581,4-digit
DRB1,DRB1*13:37,USA NMDP African American pop 2,6.500045500318501e-05,416581,4-digit
DRB1,DRB1*14:07,USA NMDP African American pop 2,6.200043400303802e-05,416581,4-digit
DRB1,DRB1*13:14,USA NMDP African American pop 2,6.000042000294002e-05,416581,4-digit
DRB1,DRB1*12:04,USA NMDP African American pop 2,4.9000343002401017e-05,416581,4-digit
DRB1,DRB1*03:03,USA NMDP African American pop 2,4.8000336002352014e-05,416581,4-digit
DRB1,DRB1*11:65,USA NMDP African American pop 2,4.2000294002058014e-05,416581,4-digit
DRB1,DRB1*11:06,USA NMDP African American pop 2,4.100028700200901e-05,416581,4-digit
DRB1,DRB1*03:05,USA NMDP African American pop 2,3.100021700151901e-05,416581,4-digit
DRB1,DRB1*15:23,USA NMDP African American pop 2,2.800019600137201e-05,416581,4-digit
DRB1,DRB1*14:05,USA NMDP African American pop 2,2.500017500122501e-05,416581,4-digit
DRB1,DRB1*13:38,USA NMDP African American pop 2,2.4000168001176007e-05,416581,4-digit
DRB1,DRB1*04:09,USA NMDP African American pop 2,2.3000161001127008e-05,416581,4-digit
DRB1,DRB1*07:05,USA NMDP African American pop 2,2.3000161001127008e-05,416581,4-digit
DRB1,DRB1*03:07,USA NMDP African American pop 2,2.3000161001127008e-05,416581,4-digit
DRB1,DRB1*13:27,USA NMDP African American pop 2,2.0000140000980008e-05,416581,4-digit
DRB1,DRB1*11:08,USA NMDP African American pop 2,1.900013300093101e-05,416581,4-digit
DRB1,DRB1*11:48,USA NMDP African American pop 2,1.8000126000882007e-05,416581,4-digit
DRB1,DRB1*11:11,USA NMDP African American pop 2,1.7000119000833005e-05,416581,4-digit
DRB1,DRB1*08:10,USA NMDP African American pop 2,1.7000119000833005e-05,416581,4-digit
DRB1,DRB1*15:07,USA NMDP African American pop 2,1.4000098000686005e-05,416581,4-digit
DRB1,DRB1*13:23,USA NMDP African American pop 2,1.3000091000637004e-05,416581,4-digit
DRB1,DRB1*04:35,USA NMDP African American pop 2,1.2000084000588004e-05,416581,4-digit
DRB1,DRB1*11:36,USA NMDP African American pop 2,1.2000084000588004e-05,416581,4-digit
DRB1,DRB1*13:20,USA NMDP African American pop 2,1.1000077000539005e-05,416581,4-digit
DRB1,DRB1*08:07,USA NMDP African American pop 2,1.1000077000539005e-05,416581,4-digit
DRB1,DRB1*16:10,USA NMDP African American pop 2,1.1000077000539005e-05,416581,4-digit
DRB1,DRB1*08:08,USA NMDP African American pop 2,1.1000077000539005e-05,416581,4-digit
DRB1,DRB1*13:10,USA NMDP African American pop 2,1.1000077000539005e-05,416581,4-digit
DRB1,DRB1*14:15,USA NMDP African American pop 2,1.1000077000539005e-05,416581,4-digit
DRB1,DRB1*15:06,USA NMDP African American pop 2,1.0000070000490004e-05,416581,4-digit
DRB1,DRB1*11:37,USA NMDP African American pop 2,1.0000070000490004e-05,416581,4-digit
DRB1,DRB1*04:17,USA NMDP African American pop 2,8.000056000392003e-06,416581,4-digit
DRB1,DRB1*01:04,USA NMDP African American pop 2,8.000056000392003e-06,416581,4-digit
DRB1,DRB1*13:41,USA NMDP African American pop 2,8.000056000392003e-06,416581,4-digit
DRB1,DRB1*11:18,USA NMDP African American pop 2,8.000056000392003e-06,416581,4-digit
DRB1,DRB1*03:06,USA NMDP African American pop 2,8.000056000392003e-06,416581,4-digit
DRB1,DRB1*14:42,USA NMDP African American pop 2,8.000056000392003e-06,416581,4-digit
DRB1,DRB1*11:13,USA NMDP African American pop 2,8.000056000392003e-06,416581,4-digit
DRB1,DRB1*13:36,USA NMDP African American pop 2,7.000049000343002e-06,416581,4-digit
DRB1,DRB1*11:16,USA NMDP African American pop 2,7.000049000343002e-06,416581,4-digit
DRB1,DRB1*14:10,USA NMDP African American pop 2,6.000042000294002e-06,416581,4-digit
DRB1,DRB1*13:12,USA NMDP African American pop 2,6.000042000294002e-06,416581,4-digit
DRB1,DRB1*08:05,USA NMDP African American pop 2,6.000042000294002e-06,416581,4-digit
DRB1,DRB1*11:15,USA NMDP African American pop 2,6.000042000294002e-06,416581,4-digit
DRB1,DRB1*11:05,USA NMDP African American pop 2,6.000042000294002e-06,416581,4-digit
DRB1,DRB1*14:09,USA NMDP African American pop 2,5.000035000245002e-06,416581,4-digit
DRB1,DRB1*13:21,USA NMDP African American pop 2,5.000035000245002e-06,416581,4-digit
DRB1,DRB1*13:93,USA NMDP African American pop 2,5.000035000245002e-06,416581,4-digit
DRB1,DRB1*15:04,USA NMDP African American pop 2,5.000035000245002e-06,416581,4-digit
DRB1,DRB1*13:29,USA NMDP African American pop 2,5.000035000245002e-06,416581,4-digit
DRB1,DRB1*15:03,USA NMDP Caribean Black,0.1371457236017055,33328,4-digit
DRB1,DRB1*07:01,USA NMDP Caribean Black,0.0962126912465512,33328,4-digit
DRB1,DRB1*11:01,USA NMDP Caribean Black,0.0790569350388763,33328,4-digit
DRB1,DRB1*13:02,USA NMDP Caribean Black,0.0705292199648858,33328,4-digit
DRB1,DRB1*03:02,USA NMDP Caribean Black,0.0666165036368196,33328,4-digit
DRB1,DRB1*03:01,USA NMDP Caribean Black,0.0652119388011035,33328,4-digit
DRB1,DRB1*08:04,USA NMDP Caribean Black,0.0571858540255831,33328,4-digit
DRB1,DRB1*13:01,USA NMDP Caribean Black,0.0534737898169049,33328,4-digit
DRB1,DRB1*01:02,USA NMDP Caribean Black,0.0442437923250564,33328,4-digit
DRB1,DRB1*11:02,USA NMDP Caribean Black,0.0368196639077,33328,4-digit
DRB1,DRB1*13:03,USA NMDP Caribean Black,0.0362177075495359,33328,4-digit
DRB1,DRB1*12:01,USA NMDP Caribean Black,0.0339102081765738,33328,4-digit
DRB1,DRB1*09:01,USA NMDP Caribean Black,0.0313017306245297,33328,4-digit
DRB1,DRB1*01:01,USA NMDP Caribean Black,0.0243792325056433,33328,4-digit
DRB1,DRB1*15:01,USA NMDP Caribean Black,0.0231753197893152,33328,4-digit
DRB1,DRB1*14:01,USA NMDP Caribean Black,0.019663907700025,33328,4-digit
DRB1,DRB1*10:01,USA NMDP Caribean Black,0.019563581640331,33328,4-digit
DRB1,DRB1*04:05,USA NMDP Caribean Black,0.0169551040882869,33328,4-digit
DRB1,DRB1*16:02,USA NMDP Caribean Black,0.0150489089541008,33328,4-digit
DRB1,DRB1*04:01,USA NMDP Caribean Black,0.0136443441183847,33328,4-digit
DRB1,DRB1*11:04,USA NMDP Caribean Black,0.0091296714321545,33328,4-digit
DRB1,DRB1*13:04,USA NMDP Caribean Black,0.0070228241785803,33328,4-digit
DRB1,DRB1*04:04,USA NMDP Caribean Black,0.0065211938801103,33328,4-digit
DRB1,DRB1*08:06,USA NMDP Caribean Black,0.0055179332831703,33328,4-digit
DRB1,DRB1*15:02,USA NMDP Caribean Black,0.0048156508653122,33328,4-digit
DRB1,DRB1*04:03,USA NMDP Caribean Black,0.0033107599699021,33328,4-digit
DRB1,DRB1*08:01,USA NMDP Caribean Black,0.0029094557311261,33328,4-digit
DRB1,DRB1*04:07,USA NMDP Caribean Black,0.0029094557311261,33328,4-digit
DRB1,DRB1*14:04,USA NMDP Caribean Black,0.0025081514923501,33328,4-digit
DRB1,DRB1*12:02,USA NMDP Caribean Black,0.0025081514923501,33328,4-digit
DRB1,DRB1*16:01,USA NMDP Caribean Black,0.001805869074492,33328,4-digit
DRB1,DRB1*04:11,USA NMDP Caribean Black,0.001805869074492,33328,4-digit
DRB1,DRB1*01:03,USA NMDP Caribean Black,0.001705543014798,33328,4-digit
DRB1,DRB1*04:02,USA NMDP Caribean Black,0.00150489089541,33328,4-digit
DRB1,DRB1*11:03,USA NMDP Caribean Black,0.00100326059694,33328,4-digit
DRB1,DRB1*08:02,USA NMDP Caribean Black,0.000902934537246,33328,4-digit
DRB1,DRB1*14:02,USA NMDP Caribean Black,0.000702282417858,33328,4-digit
DRB1,DRB1*04:06,USA NMDP Caribean Black,0.00050163029847,33328,4-digit
DRB1,DRB1*04:08,USA NMDP Caribean Black,0.000401304238776,33328,4-digit
DRB1,DRB1*08:03,USA NMDP Caribean Black,0.000401304238776,33328,4-digit
DRB1,DRB1*13:05,USA NMDP Caribean Black,0.000401304238776,33328,4-digit
DRB1,DRB1*13:16,USA NMDP Caribean Black,0.000401304238776,33328,4-digit
DRB1,DRB1*08:11,USA NMDP Caribean Black,0.000100326059694,33328,4-digit
DRB1,DRB1*04:10,USA NMDP Caribean Black,0.000100326059694,33328,4-digit
DRB1,DRB1*11:14,USA NMDP Caribean Black,0.000100326059694,33328,4-digit
DRB1,DRB1*15:06,USA NMDP Caribean Black,9.029345372460496e-05,33328,4-digit
DRB1,DRB1*14:15,USA NMDP Caribean Black,9.029345372460496e-05,33328,4-digit
DRB1,DRB1*03:06,USA NMDP Caribean Black,8.026084775520442e-05,33328,4-digit
DRB1,DRB1*11:11,USA NMDP Caribean Black,6.0195635816403313e-05,33328,4-digit
DRB1,DRB1*11:08,USA NMDP Caribean Black,6.0195635816403313e-05,33328,4-digit
DRB1,DRB1*14:06,USA NMDP Caribean Black,6.0195635816403313e-05,33328,4-digit
DRB1,DRB1*14:07,USA NMDP Caribean Black,5.016302984700276e-05,33328,4-digit
DRB1,DRB1*14:05,USA NMDP Caribean Black,3.0097817908201657e-05,33328,4-digit
DRB1,DRB1*14:23,USA NMDP Caribean Black,3.0097817908201657e-05,33328,4-digit
DRB1,DRB1*11:05,USA NMDP Caribean Black,3.0097817908201657e-05,33328,4-digit
DRB1,DRB1*03:04,USA NMDP Caribean Black,2.0065211938801106e-05,33328,4-digit
DRB1,DRB1*11:19,USA NMDP Caribean Black,2.0065211938801106e-05,33328,4-digit
DRB1,DRB1*11:15,USA NMDP Caribean Black,2.0065211938801106e-05,33328,4-digit
DRB1,DRB1*13:10,USA NMDP Caribean Black,1.0032605969400553e-05,33328,4-digit
DRB1,DRB1*07:01,USA NMDP Caribean Hispanic,0.1389200044806452,115374,4-digit
DRB1,DRB1*03:01,USA NMDP Caribean Hispanic,0.0716103118849114,115374,4-digit
DRB1,DRB1*13:01,USA NMDP Caribean Hispanic,0.0698100526475812,115374,4-digit
DRB1,DRB1*13:02,USA NMDP Caribean Hispanic,0.0554079787489398,115374,4-digit
DRB1,DRB1*15:01,USA NMDP Caribean Hispanic,0.0543078203261269,115374,4-digit
DRB1,DRB1*11:01,USA NMDP Caribean Hispanic,0.0511073594597622,115374,4-digit
DRB1,DRB1*01:01,USA NMDP Caribean Hispanic,0.0492070858203581,115374,4-digit
DRB1,DRB1*01:02,USA NMDP Caribean Hispanic,0.0366052711590469,115374,4-digit
DRB1,DRB1*04:05,USA NMDP Caribean Hispanic,0.0353050839320862,115374,4-digit
DRB1,DRB1*03:02,USA NMDP Caribean Hispanic,0.033504824694756,115374,4-digit
DRB1,DRB1*04:11,USA NMDP Caribean Hispanic,0.0333047958906082,115374,4-digit
DRB1,DRB1*15:03,USA NMDP Caribean Hispanic,0.0267038453537309,115374,4-digit
DRB1,DRB1*11:04,USA NMDP Caribean Hispanic,0.0258037157350658,115374,4-digit
DRB1,DRB1*11:02,USA NMDP Caribean Hispanic,0.0228032836728488,115374,4-digit
DRB1,DRB1*10:01,USA NMDP Caribean Hispanic,0.022603254868701,115374,4-digit
DRB1,DRB1*04:01,USA NMDP Caribean Hispanic,0.0225032404666271,115374,4-digit
DRB1,DRB1*04:07,USA NMDP Caribean Hispanic,0.0224032260645532,115374,4-digit
DRB1,DRB1*04:04,USA NMDP Caribean Hispanic,0.0211030388375926,115374,4-digit
DRB1,DRB1*13:03,USA NMDP Caribean Hispanic,0.0209030100334448,115374,4-digit
DRB1,DRB1*12:01,USA NMDP Caribean Hispanic,0.0190027363940407,115374,4-digit
DRB1,DRB1*08:04,USA NMDP Caribean Hispanic,0.0164023619401193,115374,4-digit
DRB1,DRB1*14:01,USA NMDP Caribean Hispanic,0.0160023043318237,115374,4-digit
DRB1,DRB1*08:01,USA NMDP Caribean Hispanic,0.0151021747131586,115374,4-digit
DRB1,DRB1*16:01,USA NMDP Caribean Hispanic,0.0142020450944936,115374,4-digit
DRB1,DRB1*09:01,USA NMDP Caribean Hispanic,0.0130018722696068,115374,4-digit
DRB1,DRB1*04:02,USA NMDP Caribean Hispanic,0.0126018146613112,115374,4-digit
DRB1,DRB1*08:02,USA NMDP Caribean Hispanic,0.0117016850426461,115374,4-digit
DRB1,DRB1*15:02,USA NMDP Caribean Hispanic,0.010801555423981,115374,4-digit
DRB1,DRB1*04:03,USA NMDP Caribean Hispanic,0.0102014690115376,115374,4-digit
DRB1,DRB1*16:02,USA NMDP Caribean Hispanic,0.0096013825990942,115374,4-digit
DRB1,DRB1*13:04,USA NMDP Caribean Hispanic,0.0090012961866508,115374,4-digit
DRB1,DRB1*14:02,USA NMDP Caribean Hispanic,0.0055007921140644,115374,4-digit
DRB1,DRB1*01:03,USA NMDP Caribean Hispanic,0.0042006048871037,115374,4-digit
DRB1,DRB1*11:03,USA NMDP Caribean Hispanic,0.0030004320622169,115374,4-digit
DRB1,DRB1*14:06,USA NMDP Caribean Hispanic,0.0027003888559952,115374,4-digit
DRB1,DRB1*13:05,USA NMDP Caribean Hispanic,0.0017002448352562,115374,4-digit
DRB1,DRB1*14:04,USA NMDP Caribean Hispanic,0.0017002448352562,115374,4-digit
DRB1,DRB1*04:06,USA NMDP Caribean Hispanic,0.0015002160311084,115374,4-digit
DRB1,DRB1*08:06,USA NMDP Caribean Hispanic,0.0014002016290345,115374,4-digit
DRB1,DRB1*04:08,USA NMDP Caribean Hispanic,0.0011001584228128,115374,4-digit
DRB1,DRB1*08:07,USA NMDP Caribean Hispanic,0.0011001584228128,115374,4-digit
DRB1,DRB1*12:02,USA NMDP Caribean Hispanic,0.0007001008145172,115374,4-digit
DRB1,DRB1*08:03,USA NMDP Caribean Hispanic,0.0007001008145172,115374,4-digit
DRB1,DRB1*11:47,USA NMDP Caribean Hispanic,0.0004000576082955,115374,4-digit
DRB1,DRB1*13:59,USA NMDP Caribean Hispanic,0.0004000576082955,115374,4-digit
DRB1,DRB1*04:10,USA NMDP Caribean Hispanic,0.0003000432062216,115374,4-digit
DRB1,DRB1*13:11,USA NMDP Caribean Hispanic,0.0003000432062216,115374,4-digit
DRB1,DRB1*14:07,USA NMDP Caribean Hispanic,0.0001000144020738,115374,4-digit
DRB1,DRB1*03:15,USA NMDP Caribean Hispanic,0.0001000144020738,115374,4-digit
DRB1,DRB1*14:41,USA NMDP Caribean Hispanic,7.801123361764095e-05,115374,4-digit
DRB1,DRB1*11:14,USA NMDP Caribean Hispanic,7.801123361764095e-05,115374,4-digit
DRB1,DRB1*08:18,USA NMDP Caribean Hispanic,6.900993743099007e-05,115374,4-digit
DRB1,DRB1*14:11,USA NMDP Caribean Hispanic,6.500936134803411e-05,115374,4-digit
DRB1,DRB1*11:10,USA NMDP Caribean Hispanic,6.500936134803411e-05,115374,4-digit
DRB1,DRB1*13:16,USA NMDP Caribean Hispanic,5.600806516138325e-05,115374,4-digit
DRB1,DRB1*15:04,USA NMDP Caribean Hispanic,5.600806516138325e-05,115374,4-digit
DRB1,DRB1*11:13,USA NMDP Caribean Hispanic,5.200748907842729e-05,115374,4-digit
DRB1,DRB1*14:17,USA NMDP Caribean Hispanic,5.200748907842729e-05,115374,4-digit
DRB1,DRB1*14:05,USA NMDP Caribean Hispanic,4.800691299547136e-05,115374,4-digit
DRB1,DRB1*12:03,USA NMDP Caribean Hispanic,4.300619289177642e-05,115374,4-digit
DRB1,DRB1*13:31,USA NMDP Caribean Hispanic,4.300619289177642e-05,115374,4-digit
DRB1,DRB1*13:81,USA NMDP Caribean Hispanic,4.300619289177642e-05,115374,4-digit
DRB1,DRB1*13:40,USA NMDP Caribean Hispanic,3.900561680882048e-05,115374,4-digit
DRB1,DRB1*07:05,USA NMDP Caribean Hispanic,3.500504072586452e-05,115374,4-digit
DRB1,DRB1*14:13,USA NMDP Caribean Hispanic,3.500504072586452e-05,115374,4-digit
DRB1,DRB1*11:17,USA NMDP Caribean Hispanic,3.500504072586452e-05,115374,4-digit
DRB1,DRB1*03:16,USA NMDP Caribean Hispanic,3.0004320622169598e-05,115374,4-digit
DRB1,DRB1*11:15,USA NMDP Caribean Hispanic,3.0004320622169598e-05,115374,4-digit
DRB1,DRB1*13:19,USA NMDP Caribean Hispanic,3.0004320622169598e-05,115374,4-digit
DRB1,DRB1*16:07,USA NMDP Caribean Hispanic,3.0004320622169598e-05,115374,4-digit
DRB1,DRB1*13:56,USA NMDP Caribean Hispanic,2.600374453921365e-05,115374,4-digit
DRB1,DRB1*11:06,USA NMDP Caribean Hispanic,2.600374453921365e-05,115374,4-digit
DRB1,DRB1*04:25,USA NMDP Caribean Hispanic,2.600374453921365e-05,115374,4-digit
DRB1,DRB1*16:15,USA NMDP Caribean Hispanic,2.20031684562577e-05,115374,4-digit
DRB1,DRB1*07:11,USA NMDP Caribean Hispanic,2.20031684562577e-05,115374,4-digit
DRB1,DRB1*09:06,USA NMDP Caribean Hispanic,2.20031684562577e-05,115374,4-digit
DRB1,DRB1*08:10,USA NMDP Caribean Hispanic,1.700244835256277e-05,115374,4-digit
DRB1,DRB1*04:09,USA NMDP Caribean Hispanic,1.700244835256277e-05,115374,4-digit
DRB1,DRB1*15:13,USA NMDP Caribean Hispanic,1.700244835256277e-05,115374,4-digit
DRB1,DRB1*04:17,USA NMDP Caribean Hispanic,1.700244835256277e-05,115374,4-digit
DRB1,DRB1*04:68,USA NMDP Caribean Hispanic,1.700244835256277e-05,115374,4-digit
DRB1,DRB1*03:03,USA NMDP Caribean Hispanic,1.3001872269606825e-05,115374,4-digit
DRB1,DRB1*15:07,USA NMDP Caribean Hispanic,1.3001872269606825e-05,115374,4-digit
DRB1,DRB1*11:07,USA NMDP Caribean Hispanic,1.3001872269606825e-05,115374,4-digit
DRB1,DRB1*03:60,USA NMDP Caribean Hispanic,1.3001872269606825e-05,115374,4-digit
DRB1,DRB1*11:51,USA NMDP Caribean Hispanic,1.3001872269606825e-05,115374,4-digit
DRB1,DRB1*11:45,USA NMDP Caribean Hispanic,1.3001872269606825e-05,115374,4-digit
DRB1,DRB1*03:13,USA NMDP Caribean Hispanic,1.3001872269606825e-05,115374,4-digit
DRB1,DRB1*08:11,USA NMDP Caribean Hispanic,1.3001872269606825e-05,115374,4-digit
DRB1,DRB1*08:09,USA NMDP Caribean Hispanic,9.001296186650878e-06,115374,4-digit
DRB1,DRB1*03:11,USA NMDP Caribean Hispanic,9.001296186650878e-06,115374,4-digit
DRB1,DRB1*12:04,USA NMDP Caribean Hispanic,9.001296186650878e-06,115374,4-digit
DRB1,DRB1*11:28,USA NMDP Caribean Hispanic,9.001296186650878e-06,115374,4-digit
DRB1,DRB1*13:26,USA NMDP Caribean Hispanic,9.001296186650878e-06,115374,4-digit
DRB1,DRB1*03:04,USA NMDP Caribean Hispanic,9.001296186650878e-06,115374,4-digit
DRB1,DRB1*11:27,USA NMDP Caribean Hispanic,9.001296186650878e-06,115374,4-digit
DRB1,DRB1*11:24,USA NMDP Caribean Hispanic,9.001296186650878e-06,115374,4-digit
DRB1,DRB1*03:40,USA NMDP Caribean Hispanic,7.0010081451729054e-06,115374,4-digit
DRB1,DRB1*03:49,USA NMDP Caribean Hispanic,6.000864124433919e-06,115374,4-digit
DRB1,DRB1*03:41,USA NMDP Caribean Hispanic,5.000720103694933e-06,115374,4-digit
DRB1,DRB1*09:01,USA NMDP Chinese,0.1553749846274749,99672,4-digit
DRB1,DRB1*12:02,USA NMDP Chinese,0.1149814879804351,99672,4-digit
DRB1,DRB1*15:01,USA NMDP Chinese,0.1011837094227829,99672,4-digit
DRB1,DRB1*03:01,USA NMDP Chinese,0.0680890376649359,99672,4-digit
DRB1,DRB1*08:03,USA NMDP Chinese,0.0679890537623442,99672,4-digit
DRB1,DRB1*11:01,USA NMDP Chinese,0.0625899230223934,99672,4-digit
DRB1,DRB1*04:05,USA NMDP Chinese,0.0611901483861098,99672,4-digit
DRB1,DRB1*07:01,USA NMDP Chinese,0.0530914522761835,99672,4-digit
DRB1,DRB1*16:02,USA NMDP Chinese,0.0434929976273819,99672,4-digit
DRB1,DRB1*12:01,USA NMDP Chinese,0.0341944946863554,99672,4-digit
DRB1,DRB1*14:01,USA NMDP Chinese,0.0332946395630303,99672,4-digit
DRB1,DRB1*15:02,USA NMDP Chinese,0.0265957180893876,99672,4-digit
DRB1,DRB1*04:06,USA NMDP Chinese,0.0247960078427373,99672,4-digit
DRB1,DRB1*13:02,USA NMDP Chinese,0.0241961044271872,99672,4-digit
DRB1,DRB1*04:03,USA NMDP Chinese,0.0230962814986787,99672,4-digit
DRB1,DRB1*14:05,USA NMDP Chinese,0.0227963297909036,99672,4-digit
DRB1,DRB1*10:01,USA NMDP Chinese,0.0133978429472854,99672,4-digit
DRB1,DRB1*01:01,USA NMDP Chinese,0.0092985029410264,99672,4-digit
DRB1,DRB1*04:04,USA NMDP Chinese,0.008798583428068,99672,4-digit
DRB1,DRB1*13:12,USA NMDP Chinese,0.0080986961099263,99672,4-digit
DRB1,DRB1*13:01,USA NMDP Chinese,0.0077987444021512,99672,4-digit
DRB1,DRB1*08:02,USA NMDP Chinese,0.0054991146425425,99672,4-digit
DRB1,DRB1*04:01,USA NMDP Chinese,0.0050991790321758,99672,4-digit
DRB1,DRB1*14:04,USA NMDP Chinese,0.0050991790321758,99672,4-digit
DRB1,DRB1*08:09,USA NMDP Chinese,0.0037993882984839,99672,4-digit
DRB1,DRB1*11:04,USA NMDP Chinese,0.002499597564792,99672,4-digit
DRB1,DRB1*14:03,USA NMDP Chinese,0.002499597564792,99672,4-digit
DRB1,DRB1*11:06,USA NMDP Chinese,0.0016997263440586,99672,4-digit
DRB1,DRB1*04:10,USA NMDP Chinese,0.0014997585388752,99672,4-digit
DRB1,DRB1*14:18,USA NMDP Chinese,0.0010998229285085,99672,4-digit
DRB1,DRB1*14:07,USA NMDP Chinese,0.0009998390259168,99672,4-digit
DRB1,DRB1*04:07,USA NMDP Chinese,0.0007998712207334,99672,4-digit
DRB1,DRB1*01:02,USA NMDP Chinese,0.0006998873181417,99672,4-digit
DRB1,DRB1*04:02,USA NMDP Chinese,0.0004999195129584,99672,4-digit
DRB1,DRB1*16:01,USA NMDP Chinese,0.0003999356103667,99672,4-digit
DRB1,DRB1*13:07,USA NMDP Chinese,0.0003999356103667,99672,4-digit
DRB1,DRB1*04:08,USA NMDP Chinese,0.000299951707775,99672,4-digit
DRB1,DRB1*15:04,USA NMDP Chinese,0.000299951707775,99672,4-digit
DRB1,DRB1*13:03,USA NMDP Chinese,0.0001999678051833,99672,4-digit
DRB1,DRB1*14:02,USA NMDP Chinese,0.0001999678051833,99672,4-digit
DRB1,DRB1*14:06,USA NMDP Chinese,0.0001999678051833,99672,4-digit
DRB1,DRB1*08:01,USA NMDP Chinese,0.0001999678051833,99672,4-digit
DRB1,DRB1*08:04,USA NMDP Chinese,9.998390259168272e-05,99672,4-digit
DRB1,DRB1*14:25,USA NMDP Chinese,9.998390259168272e-05,99672,4-digit
DRB1,DRB1*13:50,USA NMDP Chinese,9.998390259168272e-05,99672,4-digit
DRB1,DRB1*11:03,USA NMDP Chinese,9.49847074620986e-05,99672,4-digit
DRB1,DRB1*14:102,USA NMDP Chinese,9.49847074620986e-05,99672,4-digit
DRB1,DRB1*14:12,USA NMDP Chinese,7.998712207334619e-05,99672,4-digit
DRB1,DRB1*12:08,USA NMDP Chinese,7.498792694376204e-05,99672,4-digit
DRB1,DRB1*01:03,USA NMDP Chinese,6.998873181417791e-05,99672,4-digit
DRB1,DRB1*11:02,USA NMDP Chinese,5.999034155500964e-05,99672,4-digit
DRB1,DRB1*13:13,USA NMDP Chinese,4.9991951295841366e-05,99672,4-digit
DRB1,DRB1*11:54,USA NMDP Chinese,3.999356103667309e-05,99672,4-digit
DRB1,DRB1*08:14,USA NMDP Chinese,3.999356103667309e-05,99672,4-digit
DRB1,DRB1*03:27,USA NMDP Chinese,3.999356103667309e-05,99672,4-digit
DRB1,DRB1*03:02,USA NMDP Chinese,3.4994365907088955e-05,99672,4-digit
DRB1,DRB1*12:03,USA NMDP Chinese,3.4994365907088955e-05,99672,4-digit
DRB1,DRB1*09:04,USA NMDP Chinese,2.999517077750482e-05,99672,4-digit
DRB1,DRB1*09:02,USA NMDP Chinese,2.999517077750482e-05,99672,4-digit
DRB1,DRB1*14:44,USA NMDP Chinese,2.4995975647920683e-05,99672,4-digit
DRB1,DRB1*15:03,USA NMDP Chinese,2.4995975647920683e-05,99672,4-digit
DRB1,DRB1*15:07,USA NMDP Chinese,2.4995975647920683e-05,99672,4-digit
DRB1,DRB1*14:10,USA NMDP Chinese,2.4995975647920683e-05,99672,4-digit
DRB1,DRB1*11:11,USA NMDP Chinese,2.4995975647920683e-05,99672,4-digit
DRB1,DRB1*15:06,USA NMDP Chinese,2.4995975647920683e-05,99672,4-digit
DRB1,DRB1*04:11,USA NMDP Chinese,1.9996780518336547e-05,99672,4-digit
DRB1,DRB1*14:22,USA NMDP Chinese,1.9996780518336547e-05,99672,4-digit
DRB1,DRB1*14:61,USA NMDP Chinese,1.9996780518336547e-05,99672,4-digit
DRB1,DRB1*15:11,USA NMDP Chinese,1.499758538875241e-05,99672,4-digit
DRB1,DRB1*11:28,USA NMDP Chinese,1.499758538875241e-05,99672,4-digit
DRB1,DRB1*13:04,USA NMDP Chinese,1.499758538875241e-05,99672,4-digit
DRB1,DRB1*14:08,USA NMDP Chinese,1.499758538875241e-05,99672,4-digit
DRB1,DRB1*15:14,USA NMDP Chinese,1.499758538875241e-05,99672,4-digit
DRB1,DRB1*12:05,USA NMDP Chinese,1.499758538875241e-05,99672,4-digit
DRB1,DRB1*13:14,USA NMDP Chinese,9.998390259168272e-06,99672,4-digit
DRB1,DRB1*04:41,USA NMDP Chinese,9.998390259168272e-06,99672,4-digit
DRB1,DRB1*13:05,USA NMDP Chinese,9.998390259168272e-06,99672,4-digit
DRB1,DRB1*08:06,USA NMDP Chinese,9.998390259168272e-06,99672,4-digit
DRB1,DRB1*14:33,USA NMDP Chinese,9.998390259168272e-06,99672,4-digit
DRB1,DRB1*12:20,USA NMDP Chinese,9.998390259168272e-06,99672,4-digit
DRB1,DRB1*08:34,USA NMDP Chinese,9.998390259168272e-06,99672,4-digit
DRB1,DRB1*08:41,USA NMDP Chinese,9.998390259168272e-06,99672,4-digit
DRB1,DRB1*13:21,USA NMDP Chinese,9.998390259168272e-06,99672,4-digit
DRB1,DRB1*11:45,USA NMDP Chinese,9.998390259168272e-06,99672,4-digit
DRB1,DRB1*11:31,USA NMDP Chinese,9.998390259168272e-06,99672,4-digit
DRB1,DRB1*14:35,USA NMDP Chinese,4.999195129584137e-06,99672,4-digit
DRB1,DRB1*16:08,USA NMDP Chinese,4.999195129584137e-06,99672,4-digit
DRB1,DRB1*13:30,USA NMDP Chinese,4.999195129584137e-06,99672,4-digit
DRB1,DRB1*13:49,USA NMDP Chinese,4.999195129584137e-06,99672,4-digit
DRB1,DRB1*14:23,USA NMDP Chinese,4.999195129584137e-06,99672,4-digit
DRB1,DRB1*16:09,USA NMDP Chinese,4.999195129584137e-06,99672,4-digit
DRB1,DRB1*12:19,USA NMDP Chinese,4.999195129584137e-06,99672,4-digit
DRB1,DRB1*08:30,USA NMDP Chinese,4.999195129584137e-06,99672,4-digit
DRB1,DRB1*01:06,USA NMDP Chinese,4.999195129584137e-06,99672,4-digit
DRB1,DRB1*04:13,USA NMDP Chinese,4.999195129584137e-06,99672,4-digit
DRB1,DRB1*04:18,USA NMDP Chinese,4.999195129584137e-06,99672,4-digit
DRB1,DRB1*04:59,USA NMDP Chinese,4.999195129584137e-06,99672,4-digit
DRB1,DRB1*04:84,USA NMDP Chinese,4.999195129584137e-06,99672,4-digit
DRB1,DRB1*07:13,USA NMDP Chinese,4.999195129584137e-06,99672,4-digit
DRB1,DRB1*08:05,USA NMDP Chinese,4.999195129584137e-06,99672,4-digit
DRB1,DRB1*15:01,USA NMDP European Caucasian,0.1346235591228465,1242890,4-digit
DRB1,DRB1*07:01,USA NMDP European Caucasian,0.1342234891105943,1242890,4-digit
DRB1,DRB1*03:01,USA NMDP European Caucasian,0.1216212837246518,1242890,4-digit
DRB1,DRB1*04:01,USA NMDP European Caucasian,0.0878153676893456,1242890,4-digit
DRB1,DRB1*01:01,USA NMDP European Caucasian,0.0860150526342109,1242890,4-digit
DRB1,DRB1*13:01,USA NMDP European Caucasian,0.0563098542244892,1242890,4-digit
DRB1,DRB1*11:01,USA NMDP European Caucasian,0.055609731703048,1242890,4-digit
DRB1,DRB1*13:02,USA NMDP European Caucasian,0.0488085414947615,1242890,4-digit
DRB1,DRB1*04:04,USA NMDP European Caucasian,0.0388067911884579,1242890,4-digit
DRB1,DRB1*11:04,USA NMDP European Caucasian,0.0295051634035956,1242890,4-digit
DRB1,DRB1*14:01,USA NMDP European Caucasian,0.0261045682994524,1242890,4-digit
DRB1,DRB1*08:01,USA NMDP European Caucasian,0.0232040607106243,1242890,4-digit
DRB1,DRB1*12:01,USA NMDP European Caucasian,0.0164028705023379,1242890,4-digit
DRB1,DRB1*16:01,USA NMDP European Caucasian,0.0143025029380141,1242890,4-digit
DRB1,DRB1*01:02,USA NMDP European Caucasian,0.0138024154226989,1242890,4-digit
DRB1,DRB1*01:03,USA NMDP European Caucasian,0.0123021528767534,1242890,4-digit
DRB1,DRB1*04:07,USA NMDP European Caucasian,0.01120196034306,1242890,4-digit
DRB1,DRB1*13:03,USA NMDP European Caucasian,0.0109019078338709,1242890,4-digit
DRB1,DRB1*04:02,USA NMDP European Caucasian,0.0106018553246818,1242890,4-digit
DRB1,DRB1*09:01,USA NMDP European Caucasian,0.0103018028154927,1242890,4-digit
DRB1,DRB1*10:01,USA NMDP European Caucasian,0.008501487760358,1242890,4-digit
DRB1,DRB1*04:03,USA NMDP European Caucasian,0.0079013827419798,1242890,4-digit
DRB1,DRB1*15:02,USA NMDP European Caucasian,0.0072012602205385,1242890,4-digit
DRB1,DRB1*04:05,USA NMDP European Caucasian,0.0067011727052234,1242890,4-digit
DRB1,DRB1*11:03,USA NMDP European Caucasian,0.0061010676868451,1242890,4-digit
DRB1,DRB1*04:08,USA NMDP European Caucasian,0.0039006826194584,1242890,4-digit
DRB1,DRB1*11:02,USA NMDP European Caucasian,0.002800490085765,1242890,4-digit
DRB1,DRB1*13:05,USA NMDP European Caucasian,0.0025004375765759,1242890,4-digit
DRB1,DRB1*08:03,USA NMDP European Caucasian,0.0024004200735128,1242890,4-digit
DRB1,DRB1*08:04,USA NMDP European Caucasian,0.0020003500612607,1242890,4-digit
DRB1,DRB1*16:02,USA NMDP European Caucasian,0.0015002625459455,1242890,4-digit
DRB1,DRB1*08:02,USA NMDP European Caucasian,0.0008001400245042,1242890,4-digit
DRB1,DRB1*14:04,USA NMDP European Caucasian,0.0007001225214412,1242890,4-digit
DRB1,DRB1*15:03,USA NMDP European Caucasian,0.0005000875153151,1242890,4-digit
DRB1,DRB1*04:06,USA NMDP European Caucasian,0.0004000700122521,1242890,4-digit
DRB1,DRB1*14:02,USA NMDP European Caucasian,0.0003000525091891,1242890,4-digit
DRB1,DRB1*03:02,USA NMDP European Caucasian,0.0003000525091891,1242890,4-digit
DRB1,DRB1*14:06,USA NMDP European Caucasian,0.000200035006126,1242890,4-digit
DRB1,DRB1*14:07,USA NMDP European Caucasian,0.000200035006126,1242890,4-digit
DRB1,DRB1*08:10,USA NMDP European Caucasian,0.000200035006126,1242890,4-digit
DRB1,DRB1*12:02,USA NMDP European Caucasian,0.000200035006126,1242890,4-digit
DRB1,DRB1*08:06,USA NMDP European Caucasian,0.000200035006126,1242890,4-digit
DRB1,DRB1*08:11,USA NMDP European Caucasian,0.000100017503063,1242890,4-digit
DRB1,DRB1*04:09,USA NMDP European Caucasian,0.000100017503063,1242890,4-digit
DRB1,DRB1*04:11,USA NMDP European Caucasian,0.000100017503063,1242890,4-digit
DRB1,DRB1*13:04,USA NMDP European Caucasian,0.000100017503063,1242890,4-digit
DRB1,DRB1*11:14,USA NMDP European Caucasian,8.931563023529118e-05,1242890,4-digit
DRB1,DRB1*03:04,USA NMDP European Caucasian,8.651514014952617e-05,1242890,4-digit
DRB1,DRB1*11:11,USA NMDP European Caucasian,8.571500012502188e-05,1242890,4-digit
DRB1,DRB1*04:10,USA NMDP European Caucasian,5.911034431025429e-05,1242890,4-digit
DRB1,DRB1*11:13,USA NMDP European Caucasian,5.670992423674144e-05,1242890,4-digit
DRB1,DRB1*13:06,USA NMDP European Caucasian,5.590978421223714e-05,1242890,4-digit
DRB1,DRB1*11:12,USA NMDP European Caucasian,5.470957417548072e-05,1242890,4-digit
DRB1,DRB1*11:15,USA NMDP European Caucasian,4.790838396719426e-05,1242890,4-digit
DRB1,DRB1*03:05,USA NMDP European Caucasian,4.180731628034906e-05,1242890,4-digit
DRB1,DRB1*14:17,USA NMDP European Caucasian,3.980696621908834e-05,1242890,4-digit
DRB1,DRB1*12:03,USA NMDP European Caucasian,3.58062660965669e-05,1242890,4-digit
DRB1,DRB1*13:10,USA NMDP European Caucasian,3.540619608431475e-05,1242890,4-digit
DRB1,DRB1*11:09,USA NMDP European Caucasian,3.2605705998549746e-05,1242890,4-digit
DRB1,DRB1*15:04,USA NMDP European Caucasian,2.980521591278474e-05,1242890,4-digit
DRB1,DRB1*14:05,USA NMDP European Caucasian,2.94051459005326e-05,1242890,4-digit
DRB1,DRB1*13:15,USA NMDP European Caucasian,2.900507588828045e-05,1242890,4-digit
DRB1,DRB1*13:36,USA NMDP European Caucasian,2.8204935863776164e-05,1242890,4-digit
DRB1,DRB1*16:05,USA NMDP European Caucasian,2.4104218238191683e-05,1242890,4-digit
DRB1,DRB1*08:05,USA NMDP European Caucasian,2.290400820143525e-05,1242890,4-digit
DRB1,DRB1*14:03,USA NMDP European Caucasian,2.210386817693096e-05,1242890,4-digit
DRB1,DRB1*14:16,USA NMDP European Caucasian,2.210386817693096e-05,1242890,4-digit
DRB1,DRB1*11:43,USA NMDP European Caucasian,2.130372815242668e-05,1242890,4-digit
DRB1,DRB1*11:08,USA NMDP European Caucasian,2.0503588127922387e-05,1242890,4-digit
DRB1,DRB1*13:20,USA NMDP European Caucasian,1.97034481034181e-05,1242890,4-digit
DRB1,DRB1*04:40,USA NMDP European Caucasian,1.890330807891381e-05,1242890,4-digit
DRB1,DRB1*04:26,USA NMDP European Caucasian,1.690295801765309e-05,1242890,4-digit
DRB1,DRB1*11:06,USA NMDP European Caucasian,1.6502888005400948e-05,1242890,4-digit
DRB1,DRB1*13:21,USA NMDP European Caucasian,1.6502888005400948e-05,1242890,4-digit
DRB1,DRB1*13:18,USA NMDP European Caucasian,1.61028179931488e-05,1242890,4-digit
DRB1,DRB1*13:14,USA NMDP European Caucasian,1.61028179931488e-05,1242890,4-digit
DRB1,DRB1*04:13,USA NMDP European Caucasian,1.5302677968644512e-05,1242890,4-digit
DRB1,DRB1*11:19,USA NMDP European Caucasian,1.4502537944140225e-05,1242890,4-digit
DRB1,DRB1*13:22,USA NMDP European Caucasian,1.3702397919635935e-05,1242890,4-digit
DRB1,DRB1*04:38,USA NMDP European Caucasian,1.2902257895131648e-05,1242890,4-digit
DRB1,DRB1*07:05,USA NMDP European Caucasian,1.2902257895131648e-05,1242890,4-digit
DRB1,DRB1*13:19,USA NMDP European Caucasian,1.210211787062736e-05,1242890,4-digit
DRB1,DRB1*14:11,USA NMDP European Caucasian,1.210211787062736e-05,1242890,4-digit
DRB1,DRB1*03:06,USA NMDP European Caucasian,1.210211787062736e-05,1242890,4-digit
DRB1,DRB1*04:14,USA NMDP European Caucasian,1.1301977846123071e-05,1242890,4-digit
DRB1,DRB1*15:07,USA NMDP European Caucasian,1.1301977846123071e-05,1242890,4-digit
DRB1,DRB1*11:36,USA NMDP European Caucasian,1.0901907833870928e-05,1242890,4-digit
DRB1,DRB1*11:28,USA NMDP European Caucasian,1.0901907833870928e-05,1242890,4-digit
DRB1,DRB1*11:24,USA NMDP European Caucasian,1.0501837821618784e-05,1242890,4-digit
DRB1,DRB1*04:35,USA NMDP European Caucasian,9.701697797114496e-06,1242890,4-digit
DRB1,DRB1*03:15,USA NMDP European Caucasian,9.301627784862352e-06,1242890,4-digit
DRB1,DRB1*15:10,USA NMDP European Caucasian,8.901557772610207e-06,1242890,4-digit
DRB1,DRB1*08:17,USA NMDP European Caucasian,8.901557772610207e-06,1242890,4-digit
DRB1,DRB1*07:07,USA NMDP European Caucasian,8.401470257295027e-06,1242890,4-digit
DRB1,DRB1*11:07,USA NMDP European Caucasian,8.001400245042882e-06,1242890,4-digit
DRB1,DRB1*11:39,USA NMDP European Caucasian,8.001400245042882e-06,1242890,4-digit
DRB1,DRB1*15:06,USA NMDP European Caucasian,7.601330232790739e-06,1242890,4-digit
DRB1,DRB1*14:20,USA NMDP European Caucasian,7.601330232790739e-06,1242890,4-digit
DRB1,DRB1*16:04,USA NMDP European Caucasian,7.601330232790739e-06,1242890,4-digit
DRB1,DRB1*01:07,USA NMDP European Caucasian,7.2012602205385945e-06,1242890,4-digit
DRB1,DRB1*15:02,USA NMDP Filipino,0.3529119990079662,50614,4-digit
DRB1,DRB1*12:02,USA NMDP Filipino,0.1313044643517879,50614,4-digit
DRB1,DRB1*04:05,USA NMDP Filipino,0.0893030363032343,50614,4-digit
DRB1,DRB1*09:01,USA NMDP Filipino,0.0651022134752581,50614,4-digit
DRB1,DRB1*11:01,USA NMDP Filipino,0.0619021046715588,50614,4-digit
DRB1,DRB1*07:01,USA NMDP Filipino,0.046701587853987,50614,4-digit
DRB1,DRB1*03:01,USA NMDP Filipino,0.0360012240416174,50614,4-digit
DRB1,DRB1*04:03,USA NMDP Filipino,0.0351011934405769,50614,4-digit
DRB1,DRB1*08:03,USA NMDP Filipino,0.0309010506357216,50614,4-digit
DRB1,DRB1*15:01,USA NMDP Filipino,0.0309010506357216,50614,4-digit
DRB1,DRB1*14:01,USA NMDP Filipino,0.0158005372182654,50614,4-digit
DRB1,DRB1*14:04,USA NMDP Filipino,0.0131004454151441,50614,4-digit
DRB1,DRB1*12:01,USA NMDP Filipino,0.0105003570121384,50614,4-digit
DRB1,DRB1*13:02,USA NMDP Filipino,0.0103003502119072,50614,4-digit
DRB1,DRB1*16:02,USA NMDP Filipino,0.0086002924099419,50614,4-digit
DRB1,DRB1*10:01,USA NMDP Filipino,0.006800231207861,50614,4-digit
DRB1,DRB1*13:01,USA NMDP Filipino,0.006800231207861,50614,4-digit
DRB1,DRB1*01:01,USA NMDP Filipino,0.0067002278077454,50614,4-digit
DRB1,DRB1*14:05,USA NMDP Filipino,0.0065002210075142,50614,4-digit
DRB1,DRB1*04:06,USA NMDP Filipino,0.005800197206705,50614,4-digit
DRB1,DRB1*04:04,USA NMDP Filipino,0.0041001394047397,50614,4-digit
DRB1,DRB1*04:01,USA NMDP Filipino,0.0037001258042773,50614,4-digit
DRB1,DRB1*11:04,USA NMDP Filipino,0.0028000952032369,50614,4-digit
DRB1,DRB1*01:02,USA NMDP Filipino,0.0017000578019652,50614,4-digit
DRB1,DRB1*08:02,USA NMDP Filipino,0.0013000442015028,50614,4-digit
DRB1,DRB1*04:02,USA NMDP Filipino,0.0012000408013872,50614,4-digit
DRB1,DRB1*08:01,USA NMDP Filipino,0.0011000374012716,50614,4-digit
DRB1,DRB1*11:05,USA NMDP Filipino,0.001000034001156,50614,4-digit
DRB1,DRB1*08:09,USA NMDP Filipino,0.001000034001156,50614,4-digit
DRB1,DRB1*04:07,USA NMDP Filipino,0.0009000306010404,50614,4-digit
DRB1,DRB1*04:10,USA NMDP Filipino,0.0008000272009248,50614,4-digit
DRB1,DRB1*11:06,USA NMDP Filipino,0.0008000272009248,50614,4-digit
DRB1,DRB1*01:03,USA NMDP Filipino,0.0007000238008092,50614,4-digit
DRB1,DRB1*13:03,USA NMDP Filipino,0.0007000238008092,50614,4-digit
DRB1,DRB1*15:14,USA NMDP Filipino,0.0006000204006936,50614,4-digit
DRB1,DRB1*08:18,USA NMDP Filipino,0.0006000204006936,50614,4-digit
DRB1,DRB1*14:18,USA NMDP Filipino,0.000500017000578,50614,4-digit
DRB1,DRB1*14:02,USA NMDP Filipino,0.000500017000578,50614,4-digit
DRB1,DRB1*14:06,USA NMDP Filipino,0.000500017000578,50614,4-digit
DRB1,DRB1*16:01,USA NMDP Filipino,0.0004000136004624,50614,4-digit
DRB1,DRB1*15:03,USA NMDP Filipino,0.0003000102003468,50614,4-digit
DRB1,DRB1*13:12,USA NMDP Filipino,0.0003000102003468,50614,4-digit
DRB1,DRB1*14:07,USA NMDP Filipino,0.0003000102003468,50614,4-digit
DRB1,DRB1*13:05,USA NMDP Filipino,0.0003000102003468,50614,4-digit
DRB1,DRB1*11:02,USA NMDP Filipino,0.0003000102003468,50614,4-digit
DRB1,DRB1*11:03,USA NMDP Filipino,0.0003000102003468,50614,4-digit
DRB1,DRB1*04:41,USA NMDP Filipino,0.0003000102003468,50614,4-digit
DRB1,DRB1*14:03,USA NMDP Filipino,0.0002000068002312,50614,4-digit
DRB1,DRB1*04:08,USA NMDP Filipino,0.0002000068002312,50614,4-digit
DRB1,DRB1*15:08,USA NMDP Filipino,0.0002000068002312,50614,4-digit
DRB1,DRB1*08:04,USA NMDP Filipino,0.0002000068002312,50614,4-digit
DRB1,DRB1*03:02,USA NMDP Filipino,0.0002000068002312,50614,4-digit
DRB1,DRB1*04:11,USA NMDP Filipino,0.0001000034001156,50614,4-digit
DRB1,DRB1*15:06,USA NMDP Filipino,9.900336611444788e-05,50614,4-digit
DRB1,DRB1*13:04,USA NMDP Filipino,8.900302610288749e-05,50614,4-digit
DRB1,DRB1*14:08,USA NMDP Filipino,7.90026860913271e-05,50614,4-digit
DRB1,DRB1*15:11,USA NMDP Filipino,5.900200606820632e-05,50614,4-digit
DRB1,DRB1*15:13,USA NMDP Filipino,4.000136004624157e-05,50614,4-digit
DRB1,DRB1*04:36,USA NMDP Filipino,3.000102003468118e-05,50614,4-digit
DRB1,DRB1*12:03,USA NMDP Filipino,3.000102003468118e-05,50614,4-digit
DRB1,DRB1*14:22,USA NMDP Filipino,3.000102003468118e-05,50614,4-digit
DRB1,DRB1*08:06,USA NMDP Filipino,3.000102003468118e-05,50614,4-digit
DRB1,DRB1*08:10,USA NMDP Filipino,3.000102003468118e-05,50614,4-digit
DRB1,DRB1*15:31,USA NMDP Filipino,3.000102003468118e-05,50614,4-digit
DRB1,DRB1*03:05,USA NMDP Filipino,2.0000680023120783e-05,50614,4-digit
DRB1,DRB1*14:19,USA NMDP Filipino,2.0000680023120783e-05,50614,4-digit
DRB1,DRB1*13:50,USA NMDP Filipino,2.0000680023120783e-05,50614,4-digit
DRB1,DRB1*11:11,USA NMDP Filipino,2.0000680023120783e-05,50614,4-digit
DRB1,DRB1*12:08,USA NMDP Filipino,2.0000680023120783e-05,50614,4-digit
DRB1,DRB1*08:11,USA NMDP Filipino,2.0000680023120783e-05,50614,4-digit
DRB1,DRB1*08:19,USA NMDP Filipino,2.0000680023120783e-05,50614,4-digit
DRB1,DRB1*14:107,USA NMDP Filipino,1.2000408013872472e-05,50614,4-digit
DRB1,DRB1*14:100,USA NMDP Filipino,1.1000374012716432e-05,50614,4-digit
DRB1,DRB1*08:23,USA NMDP Filipino,1.0000340011560391e-05,50614,4-digit
DRB1,DRB1*04:33,USA NMDP Filipino,1.0000340011560391e-05,50614,4-digit
DRB1,DRB1*04:38,USA NMDP Filipino,1.0000340011560391e-05,50614,4-digit
DRB1,DRB1*07:05,USA NMDP Filipino,1.0000340011560391e-05,50614,4-digit
DRB1,DRB1*13:30,USA NMDP Filipino,1.0000340011560391e-05,50614,4-digit
DRB1,DRB1*08:35,USA NMDP Filipino,1.0000340011560391e-05,50614,4-digit
DRB1,DRB1*13:06,USA NMDP Filipino,1.0000340011560391e-05,50614,4-digit
DRB1,DRB1*15:44,USA NMDP Filipino,1.0000340011560391e-05,50614,4-digit
DRB1,DRB1*15:26,USA NMDP Filipino,1.0000340011560391e-05,50614,4-digit
DRB1,DRB1*12:04,USA NMDP Filipino,1.0000340011560391e-05,50614,4-digit
DRB1,DRB1*09:02,USA NMDP Filipino,1.0000340011560391e-05,50614,4-digit
DRB1,DRB1*11:34,USA NMDP Filipino,6.000204006936236e-06,50614,4-digit
DRB1,DRB1*11:22,USA NMDP Filipino,5.0001700057801965e-06,50614,4-digit
DRB1,DRB1*14:61,USA NMDP Filipino,5.0001700057801965e-06,50614,4-digit
DRB1,DRB1*14:39,USA NMDP Filipino,5.0001700057801965e-06,50614,4-digit
DRB1,DRB1*11:104,USA NMDP Filipino,5.0001700057801965e-06,50614,4-digit
DRB1,DRB1*11:26,USA NMDP Filipino,4.000136004624157e-06,50614,4-digit
DRB1,DRB1*14:104,USA NMDP Filipino,2.0000680023120786e-06,50614,4-digit
DRB1,DRB1*03:52,USA NMDP Filipino,2.0000680023120786e-06,50614,4-digit
DRB1,DRB1*03:33,USA NMDP Filipino,2.0000680023120786e-06,50614,4-digit
DRB1,DRB1*03:25,USA NMDP Filipino,1.0000340011560393e-06,50614,4-digit
DRB1,DRB1*03:36,USA NMDP Filipino,1.0000340011560393e-06,50614,4-digit
DRB1,DRB1*03:26,USA NMDP Filipino,1.0000340011560393e-06,50614,4-digit
DRB1,DRB1*03:09,USA NMDP Filipino,1.0000340011560393e-06,50614,4-digit
DRB1,DRB1*14:105,USA NMDP Filipino,1.0000340011560393e-06,50614,4-digit
DRB1,DRB1*03:04,USA NMDP Filipino,1.0000340011560393e-06,50614,4-digit
DRB1,DRB1*14:10,USA NMDP Filipino,1.0000340011560393e-06,50614,4-digit
DRB1,DRB1*04:05,USA NMDP Japanese,0.1499119063865323,24582,4-digit
DRB1,DRB1*09:01,USA NMDP Japanese,0.1412553085313317,24582,4-digit
DRB1,DRB1*15:02,USA NMDP Japanese,0.0984815308938701,24582,4-digit
DRB1,DRB1*15:01,USA NMDP Japanese,0.0882972981230459,24582,4-digit
DRB1,DRB1*08:03,USA NMDP Japanese,0.0757706918149321,24582,4-digit
DRB1,DRB1*01:01,USA NMDP Japanese,0.0594759193816133,24582,4-digit
DRB1,DRB1*13:02,USA NMDP Japanese,0.0585593384322392,24582,4-digit
DRB1,DRB1*08:02,USA NMDP Japanese,0.044199570225377,24582,4-digit
DRB1,DRB1*12:01,USA NMDP Japanese,0.0381908728905907,24582,4-digit
DRB1,DRB1*14:01,USA NMDP Japanese,0.0306545406401808,24582,4-digit
DRB1,DRB1*11:01,USA NMDP Japanese,0.0262753205487264,24582,4-digit
DRB1,DRB1*04:06,USA NMDP Japanese,0.025256897271644,24582,4-digit
DRB1,DRB1*04:03,USA NMDP Japanese,0.024849527960811,24582,4-digit
DRB1,DRB1*14:05,USA NMDP Japanese,0.0246458433053945,24582,4-digit
DRB1,DRB1*04:10,USA NMDP Japanese,0.0185353036429,24582,4-digit
DRB1,DRB1*12:02,USA NMDP Japanese,0.0174150380381094,24582,4-digit
DRB1,DRB1*14:06,USA NMDP Japanese,0.0144616105345703,24582,4-digit
DRB1,DRB1*04:01,USA NMDP Japanese,0.0117118676864478,24582,4-digit
DRB1,DRB1*07:01,USA NMDP Japanese,0.0095731788045747,24582,4-digit
DRB1,DRB1*13:01,USA NMDP Japanese,0.0077400169058264,24582,4-digit
DRB1,DRB1*03:01,USA NMDP Japanese,0.0069252782841604,24582,4-digit
DRB1,DRB1*16:02,USA NMDP Japanese,0.0068234359564522,24582,4-digit
DRB1,DRB1*04:07,USA NMDP Japanese,0.0065179089733274,24582,4-digit
DRB1,DRB1*10:01,USA NMDP Japanese,0.0040736931083296,24582,4-digit
DRB1,DRB1*04:04,USA NMDP Japanese,0.0032589544866637,24582,4-digit
DRB1,DRB1*11:04,USA NMDP Japanese,0.0012221079324989,24582,4-digit
DRB1,DRB1*14:07,USA NMDP Japanese,0.0009165809493741,24582,4-digit
DRB1,DRB1*08:01,USA NMDP Japanese,0.0008147386216659,24582,4-digit
DRB1,DRB1*01:03,USA NMDP Japanese,0.0007128962939576,24582,4-digit
DRB1,DRB1*01:02,USA NMDP Japanese,0.0006110539662494,24582,4-digit
DRB1,DRB1*04:02,USA NMDP Japanese,0.0005092116385412,24582,4-digit
DRB1,DRB1*13:03,USA NMDP Japanese,0.0005092116385412,24582,4-digit
DRB1,DRB1*16:01,USA NMDP Japanese,0.0003055269831247,24582,4-digit
DRB1,DRB1*14:29,USA NMDP Japanese,0.0003055269831247,24582,4-digit
DRB1,DRB1*14:02,USA NMDP Japanese,0.0002036846554164,24582,4-digit
DRB1,DRB1*14:04,USA NMDP Japanese,0.0002036846554164,24582,4-digit
DRB1,DRB1*08:04,USA NMDP Japanese,0.0002036846554164,24582,4-digit
DRB1,DRB1*11:02,USA NMDP Japanese,0.0001018423277082,24582,4-digit
DRB1,DRB1*11:03,USA NMDP Japanese,0.0001018423277082,24582,4-digit
DRB1,DRB1*03:02,USA NMDP Japanese,8.147386216659369e-05,24582,4-digit
DRB1,DRB1*04:08,USA NMDP Japanese,6.110539662494527e-05,24582,4-digit
DRB1,DRB1*04:11,USA NMDP Japanese,6.110539662494527e-05,24582,4-digit
DRB1,DRB1*15:03,USA NMDP Japanese,6.110539662494527e-05,24582,4-digit
DRB1,DRB1*15:06,USA NMDP Japanese,6.110539662494527e-05,24582,4-digit
DRB1,DRB1*13:05,USA NMDP Japanese,4.0736931083296845e-05,24582,4-digit
DRB1,DRB1*11:19,USA NMDP Japanese,2.0368465541648422e-05,24582,4-digit
DRB1,DRB1*04:09,USA NMDP Japanese,1.0184232770824211e-05,24582,4-digit
DRB1,DRB1*11:13,USA NMDP Japanese,1.0184232770824211e-05,24582,4-digit
DRB1,DRB1*11:05,USA NMDP Japanese,1.0184232770824211e-05,24582,4-digit
DRB1,DRB1*09:01,USA NMDP Korean,0.0967021274468038,77584,4-digit
DRB1,DRB1*04:05,USA NMDP Korean,0.0894019668432705,77584,4-digit
DRB1,DRB1*13:02,USA NMDP Korean,0.0862018964417217,77584,4-digit
DRB1,DRB1*15:01,USA NMDP Korean,0.0794017468384304,77584,4-digit
DRB1,DRB1*08:03,USA NMDP Korean,0.0762016764368816,77584,4-digit
DRB1,DRB1*07:01,USA NMDP Korean,0.0715015730346067,77584,4-digit
DRB1,DRB1*01:01,USA NMDP Korean,0.0578012716279758,77584,4-digit
DRB1,DRB1*12:01,USA NMDP Korean,0.0483010626233777,77584,4-digit
DRB1,DRB1*11:01,USA NMDP Korean,0.0473010406228937,77584,4-digit
DRB1,DRB1*04:06,USA NMDP Korean,0.0417009174201832,77584,4-digit
DRB1,DRB1*12:02,USA NMDP Korean,0.0345007590166983,77584,4-digit
DRB1,DRB1*15:02,USA NMDP Korean,0.0318006996153915,77584,4-digit
DRB1,DRB1*14:05,USA NMDP Korean,0.0316006952152947,77584,4-digit
DRB1,DRB1*14:01,USA NMDP Korean,0.0268005896129714,77584,4-digit
DRB1,DRB1*04:03,USA NMDP Korean,0.025700565412439,77584,4-digit
DRB1,DRB1*08:02,USA NMDP Korean,0.0250005500121002,77584,4-digit
DRB1,DRB1*03:01,USA NMDP Korean,0.0220004840106482,77584,4-digit
DRB1,DRB1*13:01,USA NMDP Korean,0.0173003806083733,77584,4-digit
DRB1,DRB1*10:01,USA NMDP Korean,0.0170003740082281,77584,4-digit
DRB1,DRB1*04:04,USA NMDP Korean,0.0139003058067277,77584,4-digit
DRB1,DRB1*14:03,USA NMDP Korean,0.0132002904063889,77584,4-digit
DRB1,DRB1*16:02,USA NMDP Korean,0.0099002178047917,77584,4-digit
DRB1,DRB1*04:10,USA NMDP Korean,0.008500187004114,77584,4-digit
DRB1,DRB1*04:01,USA NMDP Korean,0.0078001716037752,77584,4-digit
DRB1,DRB1*14:06,USA NMDP Korean,0.0068001496032912,77584,4-digit
DRB1,DRB1*04:07,USA NMDP Korean,0.0044000968021296,77584,4-digit
DRB1,DRB1*14:07,USA NMDP Korean,0.00250005500121,77584,4-digit
DRB1,DRB1*11:06,USA NMDP Korean,0.0009000198004356,77584,4-digit
DRB1,DRB1*11:04,USA NMDP Korean,0.0007000154003388,77584,4-digit
DRB1,DRB1*14:12,USA NMDP Korean,0.0007000154003388,77584,4-digit
DRB1,DRB1*13:07,USA NMDP Korean,0.0006000132002904,77584,4-digit
DRB1,DRB1*14:04,USA NMDP Korean,0.0006000132002904,77584,4-digit
DRB1,DRB1*14:02,USA NMDP Korean,0.0004000088001936,77584,4-digit
DRB1,DRB1*04:08,USA NMDP Korean,0.0004000088001936,77584,4-digit
DRB1,DRB1*14:10,USA NMDP Korean,0.0004000088001936,77584,4-digit
DRB1,DRB1*08:01,USA NMDP Korean,0.0004000088001936,77584,4-digit
DRB1,DRB1*11:03,USA NMDP Korean,0.0002000044000968,77584,4-digit
DRB1,DRB1*01:02,USA NMDP Korean,0.0002000044000968,77584,4-digit
DRB1,DRB1*01:03,USA NMDP Korean,0.0001000022000484,77584,4-digit
DRB1,DRB1*13:03,USA NMDP Korean,0.0001000022000484,77584,4-digit
DRB1,DRB1*12:05,USA NMDP Korean,0.0001000022000484,77584,4-digit
DRB1,DRB1*04:02,USA NMDP Korean,9.000198004356096e-05,77584,4-digit
DRB1,DRB1*13:39,USA NMDP Korean,8.400184804065689e-05,77584,4-digit
DRB1,DRB1*11:08,USA NMDP Korean,7.100156203436476e-05,77584,4-digit
DRB1,DRB1*08:09,USA NMDP Korean,6.400140803097668e-05,77584,4-digit
DRB1,DRB1*11:11,USA NMDP Korean,6.300138603049266e-05,77584,4-digit
DRB1,DRB1*16:01,USA NMDP Korean,5.800127602807261e-05,77584,4-digit
DRB1,DRB1*13:12,USA NMDP Korean,5.200114402516855e-05,77584,4-digit
DRB1,DRB1*11:65,USA NMDP Korean,5.200114402516855e-05,77584,4-digit
DRB1,DRB1*15:03,USA NMDP Korean,3.9000858018876414e-05,77584,4-digit
DRB1,DRB1*14:44,USA NMDP Korean,3.200070401548834e-05,77584,4-digit
DRB1,DRB1*15:04,USA NMDP Korean,2.6000572012584277e-05,77584,4-digit
DRB1,DRB1*11:02,USA NMDP Korean,2.6000572012584277e-05,77584,4-digit
DRB1,DRB1*09:04,USA NMDP Korean,2.6000572012584277e-05,77584,4-digit
DRB1,DRB1*08:04,USA NMDP Korean,2.6000572012584277e-05,77584,4-digit
DRB1,DRB1*03:02,USA NMDP Korean,2.6000572012584277e-05,77584,4-digit
DRB1,DRB1*04:51,USA NMDP Korean,2.6000572012584277e-05,77584,4-digit
DRB1,DRB1*12:03,USA NMDP Korean,1.9000418009196204e-05,77584,4-digit
DRB1,DRB1*15:06,USA NMDP Korean,1.3000286006292137e-05,77584,4-digit
DRB1,DRB1*13:14,USA NMDP Korean,1.3000286006292137e-05,77584,4-digit
DRB1,DRB1*12:08,USA NMDP Korean,1.3000286006292137e-05,77584,4-digit
DRB1,DRB1*13:13,USA NMDP Korean,1.3000286006292137e-05,77584,4-digit
DRB1,DRB1*01:19,USA NMDP Korean,1.3000286006292137e-05,77584,4-digit
DRB1,DRB1*04:13,USA NMDP Korean,1.3000286006292137e-05,77584,4-digit
DRB1,DRB1*11:19,USA NMDP Korean,1.3000286006292137e-05,77584,4-digit
DRB1,DRB1*14:29,USA NMDP Korean,6.000132002904064e-06,77584,4-digit
DRB1,DRB1*08:13,USA NMDP Korean,6.000132002904064e-06,77584,4-digit
DRB1,DRB1*09:02,USA NMDP Korean,6.000132002904064e-06,77584,4-digit
DRB1,DRB1*04:89,USA NMDP Korean,6.000132002904064e-06,77584,4-digit
DRB1,DRB1*04:59,USA NMDP Korean,6.000132002904064e-06,77584,4-digit
DRB1,DRB1*14:96,USA NMDP Korean,6.000132002904064e-06,77584,4-digit
DRB1,DRB1*14:39,USA NMDP Korean,6.000132002904064e-06,77584,4-digit
DRB1,DRB1*13:29,USA NMDP Korean,6.000132002904064e-06,77584,4-digit
DRB1,DRB1*11:24,USA NMDP Korean,6.000132002904064e-06,77584,4-digit
DRB1,DRB1*04:11,USA NMDP Korean,6.000132002904064e-06,77584,4-digit
DRB1,DRB1*11:39,USA NMDP Korean,6.000132002904064e-06,77584,4-digit
DRB1,DRB1*14:67,USA NMDP Korean,4.000088001936043e-06,77584,4-digit
DRB1,DRB1*14:81,USA NMDP Korean,4.000088001936043e-06,77584,4-digit
DRB1,DRB1*14:27,USA NMDP Korean,3.000066001452032e-06,77584,4-digit
DRB1,DRB1*08:07,USA NMDP Korean,3.000066001452032e-06,77584,4-digit
DRB1,DRB1*13:15,USA NMDP Korean,3.000066001452032e-06,77584,4-digit
DRB1,DRB1*08:11,USA NMDP Korean,3.000066001452032e-06,77584,4-digit
DRB1,DRB1*11:17,USA NMDP Korean,3.000066001452032e-06,77584,4-digit
DRB1,DRB1*11:52,USA NMDP Korean,3.000066001452032e-06,77584,4-digit
DRB1,DRB1*14:113,USA NMDP Korean,2.0000440009680213e-06,77584,4-digit
DRB1,DRB1*14:33,USA NMDP Korean,2.0000440009680213e-06,77584,4-digit
DRB1,DRB1*14:112,USA NMDP Korean,2.0000440009680213e-06,77584,4-digit
DRB1,DRB1*14:17,USA NMDP Korean,2.0000440009680213e-06,77584,4-digit
DRB1,DRB1*14:110,USA NMDP Korean,2.0000440009680213e-06,77584,4-digit
DRB1,DRB1*14:30,USA NMDP Korean,2.0000440009680213e-06,77584,4-digit
DRB1,DRB1*14:09,USA NMDP Korean,1.0000220004840106e-06,77584,4-digit
DRB1,DRB1*14:11,USA NMDP Korean,1.0000220004840106e-06,77584,4-digit
DRB1,DRB1*14:111,USA NMDP Korean,1.0000220004840106e-06,77584,4-digit
DRB1,DRB1*08:02,USA NMDP Mexican or Chicano,0.0963750388649339,261235,4-digit
DRB1,DRB1*07:01,USA NMDP Mexican or Chicano,0.0960751165448149,261235,4-digit
DRB1,DRB1*04:07,USA NMDP Mexican or Chicano,0.0746806577096532,261235,4-digit
DRB1,DRB1*03:01,USA NMDP Mexican or Chicano,0.0694820041609223,261235,4-digit
DRB1,DRB1*15:01,USA NMDP Mexican or Chicano,0.0642833506121914,261235,4-digit
DRB1,DRB1*04:04,USA NMDP Mexican or Chicano,0.0575850854628651,261235,4-digit
DRB1,DRB1*01:01,USA NMDP Mexican or Chicano,0.0432887882038552,261235,4-digit
DRB1,DRB1*14:06,USA NMDP Mexican or Chicano,0.042688943563617,261235,4-digit
DRB1,DRB1*13:01,USA NMDP Mexican or Chicano,0.037190367694767,261235,4-digit
DRB1,DRB1*11:01,USA NMDP Mexican or Chicano,0.0354908078807588,261235,4-digit
DRB1,DRB1*13:02,USA NMDP Mexican or Chicano,0.034990937347227,261235,4-digit
DRB1,DRB1*01:02,USA NMDP Mexican or Chicano,0.0331914034265125,261235,4-digit
DRB1,DRB1*11:04,USA NMDP Mexican or Chicano,0.0324915846795679,261235,4-digit
DRB1,DRB1*16:02,USA NMDP Mexican or Chicano,0.0246936043564716,261235,4-digit
DRB1,DRB1*14:02,USA NMDP Mexican or Chicano,0.0237938373961144,261235,4-digit
DRB1,DRB1*04:05,USA NMDP Mexican or Chicano,0.0221942516888126,261235,4-digit
DRB1,DRB1*04:03,USA NMDP Mexican or Chicano,0.0183952356339708,261235,4-digit
DRB1,DRB1*14:01,USA NMDP Mexican or Chicano,0.0183952356339708,261235,4-digit
DRB1,DRB1*04:01,USA NMDP Mexican or Chicano,0.0180953133138517,261235,4-digit
DRB1,DRB1*04:11,USA NMDP Mexican or Chicano,0.0155959606461926,261235,4-digit
DRB1,DRB1*10:01,USA NMDP Mexican or Chicano,0.0129966338718271,261235,4-digit
DRB1,DRB1*04:02,USA NMDP Mexican or Chicano,0.0122968151248826,261235,4-digit
DRB1,DRB1*15:02,USA NMDP Mexican or Chicano,0.0116969704846444,261235,4-digit
DRB1,DRB1*13:03,USA NMDP Mexican or Chicano,0.0105972553108744,261235,4-digit
DRB1,DRB1*11:02,USA NMDP Mexican or Chicano,0.0098974365639299,261235,4-digit
DRB1,DRB1*12:01,USA NMDP Mexican or Chicano,0.009097643710279,261235,4-digit
DRB1,DRB1*08:01,USA NMDP Mexican or Chicano,0.0087977213901599,261235,4-digit
DRB1,DRB1*09:01,USA NMDP Mexican or Chicano,0.0081978767499217,261235,4-digit
DRB1,DRB1*01:03,USA NMDP Mexican or Chicano,0.0075980321096835,261235,4-digit
DRB1,DRB1*16:01,USA NMDP Mexican or Chicano,0.0072981097895645,261235,4-digit
DRB1,DRB1*08:04,USA NMDP Mexican or Chicano,0.0067982392560326,261235,4-digit
DRB1,DRB1*15:03,USA NMDP Mexican or Chicano,0.005798498188969,261235,4-digit
DRB1,DRB1*03:02,USA NMDP Mexican or Chicano,0.0049987053353181,261235,4-digit
DRB1,DRB1*13:05,USA NMDP Mexican or Chicano,0.0040989383749608,261235,4-digit
DRB1,DRB1*11:03,USA NMDP Mexican or Chicano,0.0040989383749608,261235,4-digit
DRB1,DRB1*13:04,USA NMDP Mexican or Chicano,0.0032991455213099,261235,4-digit
DRB1,DRB1*08:03,USA NMDP Mexican or Chicano,0.0026993008810718,261235,4-digit
DRB1,DRB1*14:07,USA NMDP Mexican or Chicano,0.0021994303475399,261235,4-digit
DRB1,DRB1*04:10,USA NMDP Mexican or Chicano,0.0019994821341272,261235,4-digit
DRB1,DRB1*12:02,USA NMDP Mexican or Chicano,0.0014996116005954,261235,4-digit
DRB1,DRB1*04:08,USA NMDP Mexican or Chicano,0.0010997151737699,261235,4-digit
DRB1,DRB1*04:06,USA NMDP Mexican or Chicano,0.0008997669603572,261235,4-digit
DRB1,DRB1*08:06,USA NMDP Mexican or Chicano,0.0005998446402381,261235,4-digit
DRB1,DRB1*14:24,USA NMDP Mexican or Chicano,0.0004998705335318,261235,4-digit
DRB1,DRB1*14:04,USA NMDP Mexican or Chicano,0.000299922320119,261235,4-digit
DRB1,DRB1*08:11,USA NMDP Mexican or Chicano,0.0001999482134127,261235,4-digit
DRB1,DRB1*08:10,USA NMDP Mexican or Chicano,9.997410670636304e-05,261235,4-digit
DRB1,DRB1*04:17,USA NMDP Mexican or Chicano,9.397566030398126e-05,261235,4-digit
DRB1,DRB1*14:48,USA NMDP Mexican or Chicano,8.597773176747223e-05,261235,4-digit
DRB1,DRB1*13:11,USA NMDP Mexican or Chicano,6.298368722500873e-05,261235,4-digit
DRB1,DRB1*14:17,USA NMDP Mexican or Chicano,5.198653548730879e-05,261235,4-digit
DRB1,DRB1*03:15,USA NMDP Mexican or Chicano,5.198653548730879e-05,261235,4-digit
DRB1,DRB1*08:13,USA NMDP Mexican or Chicano,5.198653548730879e-05,261235,4-digit
DRB1,DRB1*11:10,USA NMDP Mexican or Chicano,4.798757121905427e-05,261235,4-digit
DRB1,DRB1*11:14,USA NMDP Mexican or Chicano,4.598808908492701e-05,261235,4-digit
DRB1,DRB1*13:09,USA NMDP Mexican or Chicano,4.198912481667248e-05,261235,4-digit
DRB1,DRB1*03:07,USA NMDP Mexican or Chicano,3.998964268254522e-05,261235,4-digit
DRB1,DRB1*11:15,USA NMDP Mexican or Chicano,3.3991196280163435e-05,261235,4-digit
DRB1,DRB1*16:07,USA NMDP Mexican or Chicano,3.3991196280163435e-05,261235,4-digit
DRB1,DRB1*14:05,USA NMDP Mexican or Chicano,3.299145521309981e-05,261235,4-digit
DRB1,DRB1*03:04,USA NMDP Mexican or Chicano,3.299145521309981e-05,261235,4-digit
DRB1,DRB1*04:25,USA NMDP Mexican or Chicano,3.0991973078972544e-05,261235,4-digit
DRB1,DRB1*08:09,USA NMDP Mexican or Chicano,2.8992490944845286e-05,261235,4-digit
DRB1,DRB1*15:06,USA NMDP Mexican or Chicano,2.699300881071802e-05,261235,4-digit
DRB1,DRB1*08:07,USA NMDP Mexican or Chicano,2.4993526676590763e-05,261235,4-digit
DRB1,DRB1*11:13,USA NMDP Mexican or Chicano,2.2994044542463505e-05,261235,4-digit
DRB1,DRB1*04:09,USA NMDP Mexican or Chicano,2.2994044542463505e-05,261235,4-digit
DRB1,DRB1*13:19,USA NMDP Mexican or Chicano,1.8995080274208982e-05,261235,4-digit
DRB1,DRB1*13:40,USA NMDP Mexican or Chicano,1.8995080274208982e-05,261235,4-digit
DRB1,DRB1*13:16,USA NMDP Mexican or Chicano,1.6995598140081717e-05,261235,4-digit
DRB1,DRB1*13:59,USA NMDP Mexican or Chicano,1.6995598140081717e-05,261235,4-digit
DRB1,DRB1*04:54,USA NMDP Mexican or Chicano,1.4996116005954458e-05,261235,4-digit
DRB1,DRB1*12:03,USA NMDP Mexican or Chicano,1.4996116005954458e-05,261235,4-digit
DRB1,DRB1*03:05,USA NMDP Mexican or Chicano,1.2996633871827196e-05,261235,4-digit
DRB1,DRB1*04:19,USA NMDP Mexican or Chicano,1.2996633871827196e-05,261235,4-digit
DRB1,DRB1*13:12,USA NMDP Mexican or Chicano,1.2996633871827196e-05,261235,4-digit
DRB1,DRB1*04:23,USA NMDP Mexican or Chicano,1.2996633871827196e-05,261235,4-digit
DRB1,DRB1*16:12,USA NMDP Mexican or Chicano,1.0997151737699936e-05,261235,4-digit
DRB1,DRB1*11:07,USA NMDP Mexican or Chicano,1.0997151737699936e-05,261235,4-digit
DRB1,DRB1*11:11,USA NMDP Mexican or Chicano,1.0997151737699936e-05,261235,4-digit
DRB1,DRB1*14:52,USA NMDP Mexican or Chicano,9.997410670636306e-06,261235,4-digit
DRB1,DRB1*03:06,USA NMDP Mexican or Chicano,9.997410670636306e-06,261235,4-digit
DRB1,DRB1*13:06,USA NMDP Mexican or Chicano,9.997410670636306e-06,261235,4-digit
DRB1,DRB1*04:27,USA NMDP Mexican or Chicano,9.997410670636306e-06,261235,4-digit
DRB1,DRB1*11:19,USA NMDP Mexican or Chicano,7.997928536509044e-06,261235,4-digit
DRB1,DRB1*11:08,USA NMDP Mexican or Chicano,7.997928536509044e-06,261235,4-digit
DRB1,DRB1*11:06,USA NMDP Mexican or Chicano,7.997928536509044e-06,261235,4-digit
DRB1,DRB1*11:24,USA NMDP Mexican or Chicano,7.997928536509044e-06,261235,4-digit
DRB1,DRB1*11:45,USA NMDP Mexican or Chicano,5.998446402381784e-06,261235,4-digit
DRB1,DRB1*14:15,USA NMDP Mexican or Chicano,5.998446402381784e-06,261235,4-digit
DRB1,DRB1*09:06,USA NMDP Mexican or Chicano,5.998446402381784e-06,261235,4-digit
DRB1,DRB1*14:08,USA NMDP Mexican or Chicano,5.998446402381784e-06,261235,4-digit
DRB1,DRB1*15:05,USA NMDP Mexican or Chicano,5.998446402381784e-06,261235,4-digit
DRB1,DRB1*14:94,USA NMDP Mexican or Chicano,5.998446402381784e-06,261235,4-digit
DRB1,DRB1*13:36,USA NMDP Mexican or Chicano,5.998446402381784e-06,261235,4-digit
DRB1,DRB1*15:10,USA NMDP Mexican or Chicano,5.998446402381784e-06,261235,4-digit
DRB1,DRB1*11:36,USA NMDP Mexican or Chicano,5.998446402381784e-06,261235,4-digit
DRB1,DRB1*08:05,USA NMDP Mexican or Chicano,5.998446402381784e-06,261235,4-digit
DRB1,DRB1*11:29,USA NMDP Mexican or Chicano,3.998964268254522e-06,261235,4-digit
DRB1,DRB1*07:16,USA NMDP Mexican or Chicano,3.998964268254522e-06,261235,4-digit
DRB1,DRB1*11:04,USA NMDP Middle Eastern or North Coast of Africa,0.1203694261657539,70890,4-digit
DRB1,DRB1*07:01,USA NMDP Middle Eastern or North Coast of Africa,0.1145708989916561,70890,4-digit
DRB1,DRB1*03:01,USA NMDP Middle Eastern or North Coast of Africa,0.0891773489533658,70890,4-digit
DRB1,DRB1*11:01,USA NMDP Middle Eastern or North Coast of Africa,0.0868779330050167,70890,4-digit
DRB1,DRB1*15:01,USA NMDP Middle Eastern or North Coast of Africa,0.0689824784504735,70890,4-digit
DRB1,DRB1*13:02,USA NMDP Middle Eastern or North Coast of Africa,0.0523866937797799,70890,4-digit
DRB1,DRB1*01:01,USA NMDP Middle Eastern or North Coast of Africa,0.0448885982960328,70890,4-digit
DRB1,DRB1*13:01,USA NMDP Middle Eastern or North Coast of Africa,0.0433889791992833,70890,4-digit
DRB1,DRB1*14:01,USA NMDP Middle Eastern or North Coast of Africa,0.0413894870702841,70890,4-digit
DRB1,DRB1*04:03,USA NMDP Middle Eastern or North Coast of Africa,0.0322917978833376,70890,4-digit
DRB1,DRB1*01:02,USA NMDP Middle Eastern or North Coast of Africa,0.0293925342962887,70890,4-digit
DRB1,DRB1*15:02,USA NMDP Middle Eastern or North Coast of Africa,0.0291925850833888,70890,4-digit
DRB1,DRB1*16:01,USA NMDP Middle Eastern or North Coast of Africa,0.0281928390188892,70890,4-digit
DRB1,DRB1*04:01,USA NMDP Middle Eastern or North Coast of Africa,0.0253935500382902,70890,4-digit
DRB1,DRB1*04:02,USA NMDP Middle Eastern or North Coast of Africa,0.0226942356641413,70890,4-digit
DRB1,DRB1*10:01,USA NMDP Middle Eastern or North Coast of Africa,0.0213945657802918,70890,4-digit
DRB1,DRB1*04:04,USA NMDP Middle Eastern or North Coast of Africa,0.020694743535142,70890,4-digit
DRB1,DRB1*13:03,USA NMDP Middle Eastern or North Coast of Africa,0.0204947943222421,70890,4-digit
DRB1,DRB1*04:05,USA NMDP Middle Eastern or North Coast of Africa,0.0166957592771436,70890,4-digit
DRB1,DRB1*12:01,USA NMDP Middle Eastern or North Coast of Africa,0.0138964702965446,70890,4-digit
DRB1,DRB1*08:01,USA NMDP Middle Eastern or North Coast of Africa,0.010297384464346,70890,4-digit
DRB1,DRB1*11:03,USA NMDP Middle Eastern or North Coast of Africa,0.0085978161546967,70890,4-digit
DRB1,DRB1*08:04,USA NMDP Middle Eastern or North Coast of Africa,0.0083978669417967,70890,4-digit
DRB1,DRB1*04:07,USA NMDP Middle Eastern or North Coast of Africa,0.0070981970579472,70890,4-digit
DRB1,DRB1*16:02,USA NMDP Middle Eastern or North Coast of Africa,0.0065983240256974,70890,4-digit
DRB1,DRB1*09:01,USA NMDP Middle Eastern or North Coast of Africa,0.005198679535398,70890,4-digit
DRB1,DRB1*13:05,USA NMDP Middle Eastern or North Coast of Africa,0.0044988572902482,70890,4-digit
DRB1,DRB1*14:04,USA NMDP Middle Eastern or North Coast of Africa,0.0040989588644484,70890,4-digit
DRB1,DRB1*01:03,USA NMDP Middle Eastern or North Coast of Africa,0.0036990604386485,70890,4-digit
DRB1,DRB1*11:02,USA NMDP Middle Eastern or North Coast of Africa,0.0028992635870488,70890,4-digit
DRB1,DRB1*08:03,USA NMDP Middle Eastern or North Coast of Africa,0.002399390554799,70890,4-digit
DRB1,DRB1*15:03,USA NMDP Middle Eastern or North Coast of Africa,0.0018995175225492,70890,4-digit
DRB1,DRB1*04:08,USA NMDP Middle Eastern or North Coast of Africa,0.0017995429160993,70890,4-digit
DRB1,DRB1*03:02,USA NMDP Middle Eastern or North Coast of Africa,0.0015995937031993,70890,4-digit
DRB1,DRB1*04:06,USA NMDP Middle Eastern or North Coast of Africa,0.0010997206709495,70890,4-digit
DRB1,DRB1*08:02,USA NMDP Middle Eastern or North Coast of Africa,0.0009997460644996,70890,4-digit
DRB1,DRB1*14:06,USA NMDP Middle Eastern or North Coast of Africa,0.0006998222451497,70890,4-digit
DRB1,DRB1*12:02,USA NMDP Middle Eastern or North Coast of Africa,0.0005998476386997,70890,4-digit
DRB1,DRB1*11:15,USA NMDP Middle Eastern or North Coast of Africa,0.0004998730322498,70890,4-digit
DRB1,DRB1*14:07,USA NMDP Middle Eastern or North Coast of Africa,0.0004998730322498,70890,4-digit
DRB1,DRB1*14:02,USA NMDP Middle Eastern or North Coast of Africa,0.0002999238193498,70890,4-digit
DRB1,DRB1*15:06,USA NMDP Middle Eastern or North Coast of Africa,0.0002999238193498,70890,4-digit
DRB1,DRB1*08:06,USA NMDP Middle Eastern or North Coast of Africa,0.0001999492128999,70890,4-digit
DRB1,DRB1*04:11,USA NMDP Middle Eastern or North Coast of Africa,0.0001999492128999,70890,4-digit
DRB1,DRB1*11:12,USA NMDP Middle Eastern or North Coast of Africa,0.0001999492128999,70890,4-digit
DRB1,DRB1*08:10,USA NMDP Middle Eastern or North Coast of Africa,0.0001999492128999,70890,4-digit
DRB1,DRB1*13:21,USA NMDP Middle Eastern or North Coast of Africa,0.0001999492128999,70890,4-digit
DRB1,DRB1*16:05,USA NMDP Middle Eastern or North Coast of Africa,0.0001999492128999,70890,4-digit
DRB1,DRB1*14:17,USA NMDP Middle Eastern or North Coast of Africa,9.997460644996172e-05,70890,4-digit
DRB1,DRB1*11:11,USA NMDP Middle Eastern or North Coast of Africa,9.997460644996172e-05,70890,4-digit
DRB1,DRB1*14:16,USA NMDP Middle Eastern or North Coast of Africa,9.997460644996172e-05,70890,4-digit
DRB1,DRB1*14:03,USA NMDP Middle Eastern or North Coast of Africa,9.997460644996172e-05,70890,4-digit
DRB1,DRB1*11:14,USA NMDP Middle Eastern or North Coast of Africa,9.897486038546209e-05,70890,4-digit
DRB1,DRB1*04:10,USA NMDP Middle Eastern or North Coast of Africa,8.497841548246747e-05,70890,4-digit
DRB1,DRB1*13:04,USA NMDP Middle Eastern or North Coast of Africa,7.798019303097014e-05,70890,4-digit
DRB1,DRB1*13:10,USA NMDP Middle Eastern or North Coast of Africa,7.098197057947282e-05,70890,4-digit
DRB1,DRB1*14:05,USA NMDP Middle Eastern or North Coast of Africa,7.098197057947282e-05,70890,4-digit
DRB1,DRB1*11:34,USA NMDP Middle Eastern or North Coast of Africa,7.098197057947282e-05,70890,4-digit
DRB1,DRB1*15:04,USA NMDP Middle Eastern or North Coast of Africa,7.098197057947282e-05,70890,4-digit
DRB1,DRB1*11:06,USA NMDP Middle Eastern or North Coast of Africa,5.598577961197856e-05,70890,4-digit
DRB1,DRB1*04:13,USA NMDP Middle Eastern or North Coast of Africa,5.598577961197856e-05,70890,4-digit
DRB1,DRB1*11:16,USA NMDP Middle Eastern or North Coast of Africa,5.598577961197856e-05,70890,4-digit
DRB1,DRB1*11:28,USA NMDP Middle Eastern or North Coast of Africa,4.898755716048124e-05,70890,4-digit
DRB1,DRB1*13:15,USA NMDP Middle Eastern or North Coast of Africa,4.198933470898392e-05,70890,4-digit
DRB1,DRB1*13:07,USA NMDP Middle Eastern or North Coast of Africa,3.4991112257486595e-05,70890,4-digit
DRB1,DRB1*12:03,USA NMDP Middle Eastern or North Coast of Africa,3.4991112257486595e-05,70890,4-digit
DRB1,DRB1*04:09,USA NMDP Middle Eastern or North Coast of Africa,3.4991112257486595e-05,70890,4-digit
DRB1,DRB1*03:04,USA NMDP Middle Eastern or North Coast of Africa,3.4991112257486595e-05,70890,4-digit
DRB1,DRB1*13:11,USA NMDP Middle Eastern or North Coast of Africa,3.4991112257486595e-05,70890,4-digit
DRB1,DRB1*11:13,USA NMDP Middle Eastern or North Coast of Africa,2.799288980598928e-05,70890,4-digit
DRB1,DRB1*11:43,USA NMDP Middle Eastern or North Coast of Africa,2.799288980598928e-05,70890,4-digit
DRB1,DRB1*11:24,USA NMDP Middle Eastern or North Coast of Africa,2.799288980598928e-05,70890,4-digit
DRB1,DRB1*14:20,USA NMDP Middle Eastern or North Coast of Africa,2.799288980598928e-05,70890,4-digit
DRB1,DRB1*13:18,USA NMDP Middle Eastern or North Coast of Africa,2.099466735449196e-05,70890,4-digit
DRB1,DRB1*16:07,USA NMDP Middle Eastern or North Coast of Africa,2.099466735449196e-05,70890,4-digit
DRB1,DRB1*14:15,USA NMDP Middle Eastern or North Coast of Africa,2.099466735449196e-05,70890,4-digit
DRB1,DRB1*11:39,USA NMDP Middle Eastern or North Coast of Africa,2.099466735449196e-05,70890,4-digit
DRB1,DRB1*14:33,USA NMDP Middle Eastern or North Coast of Africa,2.099466735449196e-05,70890,4-digit
DRB1,DRB1*11:08,USA NMDP Middle Eastern or North Coast of Africa,2.099466735449196e-05,70890,4-digit
DRB1,DRB1*04:15,USA NMDP Middle Eastern or North Coast of Africa,2.099466735449196e-05,70890,4-digit
DRB1,DRB1*11:18,USA NMDP Middle Eastern or North Coast of Africa,2.099466735449196e-05,70890,4-digit
DRB1,DRB1*08:18,USA NMDP Middle Eastern or North Coast of Africa,2.099466735449196e-05,70890,4-digit
DRB1,DRB1*14:11,USA NMDP Middle Eastern or North Coast of Africa,2.099466735449196e-05,70890,4-digit
DRB1,DRB1*15:07,USA NMDP Middle Eastern or North Coast of Africa,1.399644490299464e-05,70890,4-digit
DRB1,DRB1*13:06,USA NMDP Middle Eastern or North Coast of Africa,1.399644490299464e-05,70890,4-digit
DRB1,DRB1*16:04,USA NMDP Middle Eastern or North Coast of Africa,1.399644490299464e-05,70890,4-digit
DRB1,DRB1*14:19,USA NMDP Middle Eastern or North Coast of Africa,1.399644490299464e-05,70890,4-digit
DRB1,DRB1*14:105,USA NMDP Middle Eastern or North Coast of Africa,1.399644490299464e-05,70890,4-digit
DRB1,DRB1*13:20,USA NMDP Middle Eastern or North Coast of Africa,1.399644490299464e-05,70890,4-digit
DRB1,DRB1*13:19,USA NMDP Middle Eastern or North Coast of Africa,1.399644490299464e-05,70890,4-digit
DRB1,DRB1*13:14,USA NMDP Middle Eastern or North Coast of Africa,1.399644490299464e-05,70890,4-digit
DRB1,DRB1*11:29,USA NMDP Middle Eastern or North Coast of Africa,1.399644490299464e-05,70890,4-digit
DRB1,DRB1*08:34,USA NMDP Middle Eastern or North Coast of Africa,1.399644490299464e-05,70890,4-digit
DRB1,DRB1*11:09,USA NMDP Middle Eastern or North Coast of Africa,1.399644490299464e-05,70890,4-digit
DRB1,DRB1*03:16,USA NMDP Middle Eastern or North Coast of Africa,1.399644490299464e-05,70890,4-digit
DRB1,DRB1*03:23,USA NMDP Middle Eastern or North Coast of Africa,1.399644490299464e-05,70890,4-digit
DRB1,DRB1*04:14,USA NMDP Middle Eastern or North Coast of Africa,1.399644490299464e-05,70890,4-digit
DRB1,DRB1*09:02,USA NMDP Middle Eastern or North Coast of Africa,1.399644490299464e-05,70890,4-digit
DRB1,DRB1*04:16,USA NMDP Middle Eastern or North Coast of Africa,1.399644490299464e-05,70890,4-digit
DRB1,DRB1*04:18,USA NMDP Middle Eastern or North Coast of Africa,1.399644490299464e-05,70890,4-digit
DRB1,DRB1*15:01,USA NMDP North American Amerindian,0.1040510959848871,35791,4-digit
DRB1,DRB1*07:01,USA NMDP North American Amerindian,0.1005527402121003,35791,4-digit
DRB1,DRB1*03:01,USA NMDP North American Amerindian,0.0896578608054214,35791,4-digit
DRB1,DRB1*01:01,USA NMDP North American Amerindian,0.0702669745219746,35791,4-digit
DRB1,DRB1*04:01,USA NMDP North American Amerindian,0.0657690885283916,35791,4-digit
DRB1,DRB1*14:02,USA NMDP North American Amerindian,0.0634701690205603,35791,4-digit
DRB1,DRB1*04:04,USA NMDP North American Amerindian,0.0511759473047667,35791,4-digit
DRB1,DRB1*04:07,USA NMDP North American Amerindian,0.0485771687306965,35791,4-digit
DRB1,DRB1*11:01,USA NMDP North American Amerindian,0.0434795646046358,35791,4-digit
DRB1,DRB1*13:01,USA NMDP North American Amerindian,0.0426799404279988,35791,4-digit
DRB1,DRB1*13:02,USA NMDP North American Amerindian,0.0378821953681769,35791,4-digit
DRB1,DRB1*08:04,USA NMDP North American Amerindian,0.0306855777784441,35791,4-digit
DRB1,DRB1*16:02,USA NMDP North American Amerindian,0.0290863294251701,35791,4-digit
DRB1,DRB1*14:01,USA NMDP North American Amerindian,0.0274870810718962,35791,4-digit
DRB1,DRB1*09:01,USA NMDP North American Amerindian,0.0271872220056573,35791,4-digit
DRB1,DRB1*11:04,USA NMDP North American Amerindian,0.0162923425989784,35791,4-digit
DRB1,DRB1*08:02,USA NMDP North American Amerindian,0.0157925774885803,35791,4-digit
DRB1,DRB1*08:01,USA NMDP North American Amerindian,0.0155926714444211,35791,4-digit
DRB1,DRB1*12:01,USA NMDP North American Amerindian,0.0132937519365898,35791,4-digit
DRB1,DRB1*04:03,USA NMDP North American Amerindian,0.0112946914949973,35791,4-digit
DRB1,DRB1*01:03,USA NMDP North American Amerindian,0.0099953022079622,35791,4-digit
DRB1,DRB1*04:05,USA NMDP North American Amerindian,0.009795396163803,35791,4-digit
DRB1,DRB1*01:02,USA NMDP North American Amerindian,0.0094955370975641,35791,4-digit
DRB1,DRB1*13:03,USA NMDP North American Amerindian,0.0092956310534048,35791,4-digit
DRB1,DRB1*16:01,USA NMDP North American Amerindian,0.0083960538546882,35791,4-digit
DRB1,DRB1*08:11,USA NMDP North American Amerindian,0.0069967115455735,35791,4-digit
DRB1,DRB1*10:01,USA NMDP North American Amerindian,0.0068967585234939,35791,4-digit
DRB1,DRB1*15:02,USA NMDP North American Amerindian,0.004497885993583,35791,4-digit
DRB1,DRB1*11:02,USA NMDP North American Amerindian,0.0043979329715033,35791,4-digit
DRB1,DRB1*04:02,USA NMDP North American Amerindian,0.0037982148390256,35791,4-digit
DRB1,DRB1*11:03,USA NMDP North American Amerindian,0.0032984497286275,35791,4-digit
DRB1,DRB1*14:06,USA NMDP North American Amerindian,0.002898637640309,35791,4-digit
DRB1,DRB1*15:03,USA NMDP North American Amerindian,0.0026987315961498,35791,4-digit
DRB1,DRB1*04:08,USA NMDP North American Amerindian,0.0024988255519905,35791,4-digit
DRB1,DRB1*03:02,USA NMDP North American Amerindian,0.002099013463672,35791,4-digit
DRB1,DRB1*08:03,USA NMDP North American Amerindian,0.0016992013753535,35791,4-digit
DRB1,DRB1*04:10,USA NMDP North American Amerindian,0.0015992483532739,35791,4-digit
DRB1,DRB1*14:04,USA NMDP North American Amerindian,0.0011994362649554,35791,4-digit
DRB1,DRB1*13:05,USA NMDP North American Amerindian,0.0008995771987166,35791,4-digit
DRB1,DRB1*13:04,USA NMDP North American Amerindian,0.0005997181324777,35791,4-digit
DRB1,DRB1*04:11,USA NMDP North American Amerindian,0.0003998120883184,35791,4-digit
DRB1,DRB1*12:02,USA NMDP North American Amerindian,0.0002998590662388,35791,4-digit
DRB1,DRB1*14:07,USA NMDP North American Amerindian,0.0001999060441592,35791,4-digit
DRB1,DRB1*04:06,USA NMDP North American Amerindian,0.0001999060441592,35791,4-digit
DRB1,DRB1*08:06,USA NMDP North American Amerindian,0.0001999060441592,35791,4-digit
DRB1,DRB1*08:10,USA NMDP North American Amerindian,9.99530220796226e-05,35791,4-digit
DRB1,DRB1*14:17,USA NMDP North American Amerindian,6.99671154557358e-05,35791,4-digit
DRB1,DRB1*03:04,USA NMDP North American Amerindian,6.99671154557358e-05,35791,4-digit
DRB1,DRB1*11:14,USA NMDP North American Amerindian,6.99671154557358e-05,35791,4-digit
DRB1,DRB1*04:09,USA NMDP North American Amerindian,6.99671154557358e-05,35791,4-digit
DRB1,DRB1*08:30,USA NMDP North American Amerindian,5.997181324777355e-05,35791,4-digit
DRB1,DRB1*15:06,USA NMDP North American Amerindian,5.997181324777355e-05,35791,4-digit
DRB1,DRB1*13:16,USA NMDP North American Amerindian,5.997181324777355e-05,35791,4-digit
DRB1,DRB1*04:15,USA NMDP North American Amerindian,3.998120883184903e-05,35791,4-digit
DRB1,DRB1*08:13,USA NMDP North American Amerindian,3.998120883184903e-05,35791,4-digit
DRB1,DRB1*13:41,USA NMDP North American Amerindian,3.998120883184903e-05,35791,4-digit
DRB1,DRB1*11:08,USA NMDP North American Amerindian,3.998120883184903e-05,35791,4-digit
DRB1,DRB1*13:21,USA NMDP North American Amerindian,2.9985906623886776e-05,35791,4-digit
DRB1,DRB1*13:20,USA NMDP North American Amerindian,2.9985906623886776e-05,35791,4-digit
DRB1,DRB1*13:11,USA NMDP North American Amerindian,2.9985906623886776e-05,35791,4-digit
DRB1,DRB1*13:06,USA NMDP North American Amerindian,2.9985906623886776e-05,35791,4-digit
DRB1,DRB1*14:20,USA NMDP North American Amerindian,2.9985906623886776e-05,35791,4-digit
DRB1,DRB1*11:07,USA NMDP North American Amerindian,2.9985906623886776e-05,35791,4-digit
DRB1,DRB1*11:11,USA NMDP North American Amerindian,2.9985906623886776e-05,35791,4-digit
DRB1,DRB1*11:13,USA NMDP North American Amerindian,2.9985906623886776e-05,35791,4-digit
DRB1,DRB1*14:23,USA NMDP North American Amerindian,2.9985906623886776e-05,35791,4-digit
DRB1,DRB1*11:25,USA NMDP North American Amerindian,2.9985906623886776e-05,35791,4-digit
DRB1,DRB1*11:24,USA NMDP North American Amerindian,2.9985906623886776e-05,35791,4-digit
DRB1,DRB1*14:47,USA NMDP North American Amerindian,2.9985906623886776e-05,35791,4-digit
DRB1,DRB1*11:09,USA NMDP North American Amerindian,1.999060441592452e-05,35791,4-digit
DRB1,DRB1*14:05,USA NMDP North American Amerindian,1.999060441592452e-05,35791,4-digit
DRB1,DRB1*14:29,USA NMDP North American Amerindian,9.995302207962258e-06,35791,4-digit
DRB1,DRB1*14:24,USA NMDP North American Amerindian,9.995302207962258e-06,35791,4-digit
DRB1,DRB1*11:15,USA NMDP North American Amerindian,9.995302207962258e-06,35791,4-digit
DRB1,DRB1*14:42,USA NMDP North American Amerindian,9.995302207962258e-06,35791,4-digit
DRB1,DRB1*14:48,USA NMDP North American Amerindian,9.995302207962258e-06,35791,4-digit
DRB1,DRB1*14:77,USA NMDP North American Amerindian,9.995302207962258e-06,35791,4-digit
DRB1,DRB1*03:23,USA NMDP North American Amerindian,9.995302207962258e-06,35791,4-digit
DRB1,DRB1*03:57,USA NMDP North American Amerindian,9.995302207962258e-06,35791,4-digit
DRB1,DRB1*04:18,USA NMDP North American Amerindian,9.995302207962258e-06,35791,4-digit
DRB1,DRB1*13:104,USA NMDP North American Amerindian,9.995302207962258e-06,35791,4-digit
DRB1,DRB1*14:15,USA NMDP North American Amerindian,9.995302207962258e-06,35791,4-digit
DRB1,DRB1*14:11,USA NMDP North American Amerindian,9.995302207962258e-06,35791,4-digit
DRB1,DRB1*03:16,USA NMDP North American Amerindian,9.995302207962258e-06,35791,4-digit
DRB1,DRB1*08:05,USA NMDP North American Amerindian,9.995302207962258e-06,35791,4-digit
DRB1,DRB1*01:10,USA NMDP North American Amerindian,9.995302207962258e-06,35791,4-digit
DRB1,DRB1*08:16,USA NMDP North American Amerindian,9.995302207962258e-06,35791,4-digit
DRB1,DRB1*11:19,USA NMDP North American Amerindian,9.995302207962258e-06,35791,4-digit
DRB1,DRB1*13:56,USA NMDP North American Amerindian,9.995302207962258e-06,35791,4-digit
DRB1,DRB1*13:18,USA NMDP North American Amerindian,9.995302207962258e-06,35791,4-digit
DRB1,DRB1*13:10,USA NMDP North American Amerindian,9.995302207962258e-06,35791,4-digit
DRB1,DRB1*03:06,USA NMDP North American Amerindian,9.995302207962258e-06,35791,4-digit
DRB1,DRB1*11:05,USA NMDP North American Amerindian,9.995302207962258e-06,35791,4-digit
DRB1,DRB1*11:41,USA NMDP North American Amerindian,9.995302207962258e-06,35791,4-digit
DRB1,DRB1*11:28,USA NMDP North American Amerindian,9.995302207962258e-06,35791,4-digit
DRB1,DRB1*11:29,USA NMDP North American Amerindian,9.995302207962258e-06,35791,4-digit
DRB1,DRB1*07:01,USA NMDP South Asian Indian,0.169501017006102,185391,4-digit
DRB1,DRB1*15:02,USA NMDP South Asian Indian,0.1073006438038628,185391,4-digit
DRB1,DRB1*15:01,USA NMDP South Asian Indian,0.0902005412032472,185391,4-digit
DRB1,DRB1*03:01,USA NMDP South Asian Indian,0.0746004476026856,185391,4-digit
DRB1,DRB1*14:04,USA NMDP South Asian Indian,0.0713004278025668,185391,4-digit
DRB1,DRB1*13:01,USA NMDP South Asian Indian,0.0673004038024228,185391,4-digit
DRB1,DRB1*10:01,USA NMDP South Asian Indian,0.0628003768022608,185391,4-digit
DRB1,DRB1*11:01,USA NMDP South Asian Indian,0.0598003588021528,185391,4-digit
DRB1,DRB1*04:03,USA NMDP South Asian Indian,0.0527003162018972,185391,4-digit
DRB1,DRB1*13:02,USA NMDP South Asian Indian,0.0337002022012132,185391,4-digit
DRB1,DRB1*01:01,USA NMDP South Asian Indian,0.0321001926011556,185391,4-digit
DRB1,DRB1*12:02,USA NMDP South Asian Indian,0.0299001794010764,185391,4-digit
DRB1,DRB1*04:04,USA NMDP South Asian Indian,0.0201001206007236,185391,4-digit
DRB1,DRB1*11:04,USA NMDP South Asian Indian,0.0197001182007092,185391,4-digit
DRB1,DRB1*14:01,USA NMDP South Asian Indian,0.0113000678004068,185391,4-digit
DRB1,DRB1*15:06,USA NMDP South Asian Indian,0.0108000648003888,185391,4-digit
DRB1,DRB1*09:01,USA NMDP South Asian Indian,0.0094000564003384,185391,4-digit
DRB1,DRB1*04:01,USA NMDP South Asian Indian,0.009000054000324,185391,4-digit
DRB1,DRB1*04:05,USA NMDP South Asian Indian,0.00750004500027,185391,4-digit
DRB1,DRB1*08:03,USA NMDP South Asian Indian,0.0071000426002556,185391,4-digit
DRB1,DRB1*16:02,USA NMDP South Asian Indian,0.0067000402002412,185391,4-digit
DRB1,DRB1*04:02,USA NMDP South Asian Indian,0.0064000384002304,185391,4-digit
DRB1,DRB1*12:01,USA NMDP South Asian Indian,0.006000036000216,185391,4-digit
DRB1,DRB1*08:02,USA NMDP South Asian Indian,0.0051000306001836,185391,4-digit
DRB1,DRB1*08:01,USA NMDP South Asian Indian,0.0032000192001152,185391,4-digit
DRB1,DRB1*04:08,USA NMDP South Asian Indian,0.0023000138000828,185391,4-digit
DRB1,DRB1*15:04,USA NMDP South Asian Indian,0.0023000138000828,185391,4-digit
DRB1,DRB1*11:06,USA NMDP South Asian Indian,0.0016000096000576,185391,4-digit
DRB1,DRB1*04:06,USA NMDP South Asian Indian,0.001500009000054,185391,4-digit
DRB1,DRB1*04:10,USA NMDP South Asian Indian,0.001500009000054,185391,4-digit
DRB1,DRB1*14:07,USA NMDP South Asian Indian,0.001500009000054,185391,4-digit
DRB1,DRB1*01:02,USA NMDP South Asian Indian,0.0013000078000468,185391,4-digit
DRB1,DRB1*13:03,USA NMDP South Asian Indian,0.0013000078000468,185391,4-digit
DRB1,DRB1*04:07,USA NMDP South Asian Indian,0.0013000078000468,185391,4-digit
DRB1,DRB1*14:15,USA NMDP South Asian Indian,0.0011000066000396,185391,4-digit
DRB1,DRB1*11:11,USA NMDP South Asian Indian,0.0011000066000396,185391,4-digit
DRB1,DRB1*11:08,USA NMDP South Asian Indian,0.001000006000036,185391,4-digit
DRB1,DRB1*14:05,USA NMDP South Asian Indian,0.0009000054000324,185391,4-digit
DRB1,DRB1*08:04,USA NMDP South Asian Indian,0.0008000048000288,185391,4-digit
DRB1,DRB1*04:18,USA NMDP South Asian Indian,0.0007000042000252,185391,4-digit
DRB1,DRB1*14:10,USA NMDP South Asian Indian,0.0006000036000216,185391,4-digit
DRB1,DRB1*07:03,USA NMDP South Asian Indian,0.0006000036000216,185391,4-digit
DRB1,DRB1*16:01,USA NMDP South Asian Indian,0.0006000036000216,185391,4-digit
DRB1,DRB1*14:06,USA NMDP South Asian Indian,0.000500003000018,185391,4-digit
DRB1,DRB1*14:02,USA NMDP South Asian Indian,0.0004000024000144,185391,4-digit
DRB1,DRB1*08:09,USA NMDP South Asian Indian,0.0003000018000108,185391,4-digit
DRB1,DRB1*14:11,USA NMDP South Asian Indian,0.0003000018000108,185391,4-digit
DRB1,DRB1*13:49,USA NMDP South Asian Indian,0.0003000018000108,185391,4-digit
DRB1,DRB1*13:08,USA NMDP South Asian Indian,0.0002000012000072,185391,4-digit
DRB1,DRB1*15:03,USA NMDP South Asian Indian,0.0002000012000072,185391,4-digit
DRB1,DRB1*14:19,USA NMDP South Asian Indian,0.0002000012000072,185391,4-digit
DRB1,DRB1*11:03,USA NMDP South Asian Indian,0.0002000012000072,185391,4-digit
DRB1,DRB1*04:13,USA NMDP South Asian Indian,0.0002000012000072,185391,4-digit
DRB1,DRB1*11:18,USA NMDP South Asian Indian,0.0002000012000072,185391,4-digit
DRB1,DRB1*14:33,USA NMDP South Asian Indian,0.0001000006000036,185391,4-digit
DRB1,DRB1*13:12,USA NMDP South Asian Indian,9.700058200349202e-05,185391,4-digit
DRB1,DRB1*14:03,USA NMDP South Asian Indian,8.900053400320401e-05,185391,4-digit
DRB1,DRB1*03:02,USA NMDP South Asian Indian,8.600051600309602e-05,185391,4-digit
DRB1,DRB1*13:82,USA NMDP South Asian Indian,8.100048600291602e-05,185391,4-digit
DRB1,DRB1*11:02,USA NMDP South Asian Indian,7.000042000252001e-05,185391,4-digit
DRB1,DRB1*14:28,USA NMDP South Asian Indian,6.200037200223201e-05,185391,4-digit
DRB1,DRB1*13:50,USA NMDP South Asian Indian,5.7000342002052014e-05,185391,4-digit
DRB1,DRB1*15:13,USA NMDP South Asian Indian,5.7000342002052014e-05,185391,4-digit
DRB1,DRB1*01:03,USA NMDP South Asian Indian,4.9000294001764006e-05,185391,4-digit
DRB1,DRB1*14:17,USA NMDP South Asian Indian,4.6000276001656005e-05,185391,4-digit
DRB1,DRB1*13:11,USA NMDP South Asian Indian,4.300025800154801e-05,185391,4-digit
DRB1,DRB1*14:09,USA NMDP South Asian Indian,4.300025800154801e-05,185391,4-digit
DRB1,DRB1*08:10,USA NMDP South Asian Indian,3.5000210001260004e-05,185391,4-digit
DRB1,DRB1*13:05,USA NMDP South Asian Indian,3.2000192001152e-05,185391,4-digit
DRB1,DRB1*04:09,USA NMDP South Asian Indian,3.0000180001080004e-05,185391,4-digit
DRB1,DRB1*15:38,USA NMDP South Asian Indian,2.7000162000972003e-05,185391,4-digit
DRB1,DRB1*16:10,USA NMDP South Asian Indian,2.4000144000864005e-05,185391,4-digit
DRB1,DRB1*08:19,USA NMDP South Asian Indian,2.4000144000864005e-05,185391,4-digit
DRB1,DRB1*13:14,USA NMDP South Asian Indian,2.2000132000792003e-05,185391,4-digit
DRB1,DRB1*04:11,USA NMDP South Asian Indian,2.2000132000792003e-05,185391,4-digit
DRB1,DRB1*13:19,USA NMDP South Asian Indian,1.6000096000576e-05,185391,4-digit
DRB1,DRB1*11:12,USA NMDP South Asian Indian,1.6000096000576e-05,185391,4-digit
DRB1,DRB1*11:28,USA NMDP South Asian Indian,1.6000096000576e-05,185391,4-digit
DRB1,DRB1*14:25,USA NMDP South Asian Indian,1.3000078000468002e-05,185391,4-digit
DRB1,DRB1*11:66,USA NMDP South Asian Indian,1.1000066000396002e-05,185391,4-digit
DRB1,DRB1*07:13,USA NMDP South Asian Indian,1.1000066000396002e-05,185391,4-digit
DRB1,DRB1*15:20,USA NMDP South Asian Indian,1.1000066000396002e-05,185391,4-digit
DRB1,DRB1*08:18,USA NMDP South Asian Indian,1.1000066000396002e-05,185391,4-digit
DRB1,DRB1*14:69,USA NMDP South Asian Indian,1.1000066000396002e-05,185391,4-digit
DRB1,DRB1*14:18,USA NMDP South Asian Indian,1.1000066000396002e-05,185391,4-digit
DRB1,DRB1*15:11,USA NMDP South Asian Indian,1.1000066000396002e-05,185391,4-digit
DRB1,DRB1*14:71,USA NMDP South Asian Indian,1.1000066000396002e-05,185391,4-digit
DRB1,DRB1*14:12,USA NMDP South Asian Indian,1.1000066000396002e-05,185391,4-digit
DRB1,DRB1*03:06,USA NMDP South Asian Indian,1.1000066000396002e-05,185391,4-digit
DRB1,DRB1*14:20,USA NMDP South Asian Indian,8.000048000288e-06,185391,4-digit
DRB1,DRB1*14:50,USA NMDP South Asian Indian,8.000048000288e-06,185391,4-digit
DRB1,DRB1*13:61,USA NMDP South Asian Indian,8.000048000288e-06,185391,4-digit
DRB1,DRB1*14:73,USA NMDP South Asian Indian,8.000048000288e-06,185391,4-digit
DRB1,DRB1*13:21,USA NMDP South Asian Indian,8.000048000288e-06,185391,4-digit
DRB1,DRB1*04:62,USA NMDP South Asian Indian,8.000048000288e-06,185391,4-digit
DRB1,DRB1*03:05,USA NMDP South Asian Indian,8.000048000288e-06,185391,4-digit
DRB1,DRB1*11:29,USA NMDP South Asian Indian,5.000030000180001e-06,185391,4-digit
DRB1,DRB1*14:93,USA NMDP South Asian Indian,5.000030000180001e-06,185391,4-digit
DRB1,DRB1*13:27,USA NMDP South Asian Indian,5.000030000180001e-06,185391,4-digit
DRB1,DRB1*13:36,USA NMDP South Asian Indian,5.000030000180001e-06,185391,4-digit
DRB1,DRB1*07:01,USA NMDP Southeast Asian,0.1355484915732021,27978,4-digit
DRB1,DRB1*15:02,USA NMDP Southeast Asian,0.1045602670985025,27978,4-digit
DRB1,DRB1*15:01,USA NMDP Southeast Asian,0.0870669145724624,27978,4-digit
DRB1,DRB1*03:01,USA NMDP Southeast Asian,0.0747715867970171,27978,4-digit
DRB1,DRB1*12:02,USA NMDP Southeast Asian,0.0662748155700833,27978,4-digit
DRB1,DRB1*11:01,USA NMDP Southeast Asian,0.0567784241988044,27978,4-digit
DRB1,DRB1*14:04,USA NMDP Southeast Asian,0.0533797157080309,27978,4-digit
DRB1,DRB1*10:01,USA NMDP Southeast Asian,0.0479817669285671,27978,4-digit
DRB1,DRB1*13:01,USA NMDP Southeast Asian,0.0469821467842219,27978,4-digit
DRB1,DRB1*04:03,USA NMDP Southeast Asian,0.0404846158459785,27978,4-digit
DRB1,DRB1*09:01,USA NMDP Southeast Asian,0.0343869329654731,27978,4-digit
DRB1,DRB1*13:02,USA NMDP Southeast Asian,0.0281892880705331,27978,4-digit
DRB1,DRB1*01:01,USA NMDP Southeast Asian,0.0243907315220216,27978,4-digit
DRB1,DRB1*11:04,USA NMDP Southeast Asian,0.0239908834642835,27978,4-digit
DRB1,DRB1*14:01,USA NMDP Southeast Asian,0.0225914152622003,27978,4-digit
DRB1,DRB1*04:05,USA NMDP Southeast Asian,0.0210919850456826,27978,4-digit
DRB1,DRB1*16:02,USA NMDP Southeast Asian,0.0188928207281233,27978,4-digit
DRB1,DRB1*08:03,USA NMDP Southeast Asian,0.0177932385693436,27978,4-digit
DRB1,DRB1*04:04,USA NMDP Southeast Asian,0.0140946440352665,27978,4-digit
DRB1,DRB1*12:01,USA NMDP Southeast Asian,0.0093964293568443,27978,4-digit
DRB1,DRB1*15:06,USA NMDP Southeast Asian,0.0079969611547611,27978,4-digit
DRB1,DRB1*04:01,USA NMDP Southeast Asian,0.0077970371258921,27978,4-digit
DRB1,DRB1*04:02,USA NMDP Southeast Asian,0.0058977588516363,27978,4-digit
DRB1,DRB1*04:06,USA NMDP Southeast Asian,0.0056978348227673,27978,4-digit
DRB1,DRB1*08:02,USA NMDP Southeast Asian,0.0044982906495531,27978,4-digit
DRB1,DRB1*14:05,USA NMDP Southeast Asian,0.0037985565485115,27978,4-digit
DRB1,DRB1*11:06,USA NMDP Southeast Asian,0.0033987084907735,27978,4-digit
DRB1,DRB1*08:01,USA NMDP Southeast Asian,0.0027989364041664,27978,4-digit
DRB1,DRB1*01:02,USA NMDP Southeast Asian,0.0026989743897319,27978,4-digit
DRB1,DRB1*13:12,USA NMDP Southeast Asian,0.0023990883464283,27978,4-digit
DRB1,DRB1*15:04,USA NMDP Southeast Asian,0.0019992402886902,27978,4-digit
DRB1,DRB1*16:01,USA NMDP Southeast Asian,0.0019992402886902,27978,4-digit
DRB1,DRB1*13:03,USA NMDP Southeast Asian,0.0018992782742557,27978,4-digit
DRB1,DRB1*04:08,USA NMDP Southeast Asian,0.0015993922309522,27978,4-digit
DRB1,DRB1*04:10,USA NMDP Southeast Asian,0.0013994682020832,27978,4-digit
DRB1,DRB1*04:07,USA NMDP Southeast Asian,0.0012995061876486,27978,4-digit
DRB1,DRB1*14:15,USA NMDP Southeast Asian,0.0011995441732141,27978,4-digit
DRB1,DRB1*14:07,USA NMDP Southeast Asian,0.0011995441732141,27978,4-digit
DRB1,DRB1*08:04,USA NMDP Southeast Asian,0.0011995441732141,27978,4-digit
DRB1,DRB1*11:11,USA NMDP Southeast Asian,0.0008996581299106,27978,4-digit
DRB1,DRB1*14:10,USA NMDP Southeast Asian,0.0006997341010416,27978,4-digit
DRB1,DRB1*14:02,USA NMDP Southeast Asian,0.0006997341010416,27978,4-digit
DRB1,DRB1*11:08,USA NMDP Southeast Asian,0.000599772086607,27978,4-digit
DRB1,DRB1*15:03,USA NMDP Southeast Asian,0.000599772086607,27978,4-digit
DRB1,DRB1*07:03,USA NMDP Southeast Asian,0.000599772086607,27978,4-digit
DRB1,DRB1*14:06,USA NMDP Southeast Asian,0.000599772086607,27978,4-digit
DRB1,DRB1*11:03,USA NMDP Southeast Asian,0.0004998100721725,27978,4-digit
DRB1,DRB1*04:18,USA NMDP Southeast Asian,0.0004998100721725,27978,4-digit
DRB1,DRB1*08:09,USA NMDP Southeast Asian,0.0004998100721725,27978,4-digit
DRB1,DRB1*11:15,USA NMDP Southeast Asian,0.000399848057738,27978,4-digit
DRB1,DRB1*14:22,USA NMDP Southeast Asian,0.000399848057738,27978,4-digit
DRB1,DRB1*14:18,USA NMDP Southeast Asian,0.0002998860433035,27978,4-digit
DRB1,DRB1*13:05,USA NMDP Southeast Asian,0.0002998860433035,27978,4-digit
DRB1,DRB1*13:49,USA NMDP Southeast Asian,0.0002998860433035,27978,4-digit
DRB1,DRB1*14:11,USA NMDP Southeast Asian,0.000199924028869,27978,4-digit
DRB1,DRB1*11:02,USA NMDP Southeast Asian,0.000199924028869,27978,4-digit
DRB1,DRB1*14:03,USA NMDP Southeast Asian,0.000199924028869,27978,4-digit
DRB1,DRB1*01:03,USA NMDP Southeast Asian,0.000199924028869,27978,4-digit
DRB1,DRB1*14:19,USA NMDP Southeast Asian,9.996201443451488e-05,27978,4-digit
DRB1,DRB1*08:12,USA NMDP Southeast Asian,9.996201443451488e-05,27978,4-digit
DRB1,DRB1*11:05,USA NMDP Southeast Asian,9.996201443451488e-05,27978,4-digit
DRB1,DRB1*03:02,USA NMDP Southeast Asian,9.996201443451488e-05,27978,4-digit
DRB1,DRB1*08:19,USA NMDP Southeast Asian,9.996201443451488e-05,27978,4-digit
DRB1,DRB1*13:08,USA NMDP Southeast Asian,8.99658129910634e-05,27978,4-digit
DRB1,DRB1*14:33,USA NMDP Southeast Asian,8.99658129910634e-05,27978,4-digit
DRB1,DRB1*04:13,USA NMDP Southeast Asian,6.99734101041604e-05,27978,4-digit
DRB1,DRB1*15:11,USA NMDP Southeast Asian,6.99734101041604e-05,27978,4-digit
DRB1,DRB1*14:12,USA NMDP Southeast Asian,4.998100721725744e-05,27978,4-digit
DRB1,DRB1*14:09,USA NMDP Southeast Asian,4.998100721725744e-05,27978,4-digit
DRB1,DRB1*15:14,USA NMDP Southeast Asian,4.998100721725744e-05,27978,4-digit
DRB1,DRB1*14:28,USA NMDP Southeast Asian,3.998480577380596e-05,27978,4-digit
DRB1,DRB1*14:25,USA NMDP Southeast Asian,3.998480577380596e-05,27978,4-digit
DRB1,DRB1*14:68,USA NMDP Southeast Asian,3.998480577380596e-05,27978,4-digit
DRB1,DRB1*11:42,USA NMDP Southeast Asian,3.998480577380596e-05,27978,4-digit
DRB1,DRB1*13:82,USA NMDP Southeast Asian,3.998480577380596e-05,27978,4-digit
DRB1,DRB1*13:21,USA NMDP Southeast Asian,3.998480577380596e-05,27978,4-digit
DRB1,DRB1*04:09,USA NMDP Southeast Asian,3.998480577380596e-05,27978,4-digit
DRB1,DRB1*11:18,USA NMDP Southeast Asian,3.998480577380596e-05,27978,4-digit
DRB1,DRB1*14:101,USA NMDP Southeast Asian,2.9988604330354464e-05,27978,4-digit
DRB1,DRB1*14:62,USA NMDP Southeast Asian,2.9988604330354464e-05,27978,4-digit
DRB1,DRB1*13:88,USA NMDP Southeast Asian,1.999240288690298e-05,27978,4-digit
DRB1,DRB1*11:16,USA NMDP Southeast Asian,1.999240288690298e-05,27978,4-digit
DRB1,DRB1*04:17,USA NMDP Southeast Asian,1.999240288690298e-05,27978,4-digit
DRB1,DRB1*15:13,USA NMDP Southeast Asian,1.999240288690298e-05,27978,4-digit
DRB1,DRB1*04:44,USA NMDP Southeast Asian,1.999240288690298e-05,27978,4-digit
DRB1,DRB1*04:88,USA NMDP Southeast Asian,1.999240288690298e-05,27978,4-digit
DRB1,DRB1*07:13,USA NMDP Southeast Asian,1.999240288690298e-05,27978,4-digit
DRB1,DRB1*08:10,USA NMDP Southeast Asian,1.999240288690298e-05,27978,4-digit
DRB1,DRB1*08:18,USA NMDP Southeast Asian,1.999240288690298e-05,27978,4-digit
DRB1,DRB1*09:04,USA NMDP Southeast Asian,1.999240288690298e-05,27978,4-digit
DRB1,DRB1*04:11,USA NMDP Southeast Asian,1.999240288690298e-05,27978,4-digit
DRB1,DRB1*13:15,USA NMDP Southeast Asian,1.999240288690298e-05,27978,4-digit
DRB1,DRB1*03:15,USA NMDP Southeast Asian,1.999240288690298e-05,27978,4-digit
DRB1,DRB1*14:17,USA NMDP Southeast Asian,1.999240288690298e-05,27978,4-digit
DRB1,DRB1*11:19,USA NMDP Southeast Asian,1.999240288690298e-05,27978,4-digit
DRB1,DRB1*11:57,USA NMDP Southeast Asian,1.999240288690298e-05,27978,4-digit
DRB1,DRB1*13:04,USA NMDP Southeast Asian,1.999240288690298e-05,27978,4-digit
DRB1,DRB1*13:13,USA NMDP Southeast Asian,1.999240288690298e-05,27978,4-digit
DRB1,DRB1*13:19,USA NMDP Southeast Asian,1.999240288690298e-05,27978,4-digit
DRB1,DRB1*03:05,USA NMDP Southeast Asian,1.999240288690298e-05,27978,4-digit
